=== select magazines-10k-pages 12:50
selected 9968 pages -> /Users/aman/Desktop/SFT-data-with-annotations/magazines-10k-pages
=== parse magazines-10k-pages pass 1 12:51 have 0/9968
[1/9968] 03000_6d4d6500_p168: submit 400: {"detail":"Uploaded file is empty."}
[2/9968] 04928_956808b0_p1: submit 400: {"detail":"Uploaded file is empty."}
[25/9968] 03447_7bb0868d_p51: ok md=7028 62s
[50/9968] 04472_2515fbe9_p351: ok md=338 62s
[75/9968] 00360_62345701_p54: ok md=232 78s
[100/9968] 01864_42d8d147_p17: ok md=621 47s
[125/9968] 02184_bf887a89_p36: ok md=6547 93s
[150/9968] 04245_3994c8ce_p2: ok md=2245 32s
[175/9968] 03910_35b2887d_p5: ok md=1288 47s
[200/9968] 00544_38967dd8_p20: ok md=1752 32s
[225/9968] 01998_7102599d_p13: ok md=1429 47s
[250/9968] 03563_c66f207f_p70: ok md=11477 63s
[275/9968] 02468_43da6231_p1: ok md=545 31s
[300/9968] 02963_5e7b0180_p49: ok md=1792 32s
[325/9968] 04581_749cdf86_p29: ok md=1599 32s
[350/9968] 04769_81689441_p65: ok md=896 16s
[375/9968] 02176_da31bcda_p27: ok md=4165 47s
[400/9968] 02238_ed59fa38_p12: ok md=1987 31s
[425/9968] 03180_64cd1fb0_p1: ok md=388 32s
[450/9968] 01820_c2f79728_p1: ok md=2638 47s
[475/9968] 01939_3d244d16_p2: ok md=90 32s
[500/9968] 00834_44c21759_p15: ok md=6586 32s
[525/9968] 00639_cef57774_p13: ok md=411 32s
[550/9968] 00530_c000ea72_p120: ok md=2814 109s
[575/9968] 00161_853e6fb8_p101: ok md=3568 47s
[600/9968] 03799_0216bd02_p12: ok md=5976 47s
[625/9968] 04366_837d5e22_p24: ok md=6585 47s
[650/9968] 03816_fc4e8cbc_p151: ok md=1475 78s
[675/9968] 02722_8f841752_p1: ok md=1741 32s
[700/9968] 00043_63abdcba_p82: ok md=3285 63s
[725/9968] 01738_36d312f1_p3: ok md=285 32s
[750/9968] 02601_d13cc57d_p7: ok md=8741 78s
[775/9968] 04280_3df46778_p32: ok md=94 32s
[800/9968] 01287_f30edee2_p7: ok md=2409 32s
[825/9968] 03989_e8073250_p42: ok md=758 32s
[850/9968] 00756_1133ba4b_p12: ok md=747 32s
[875/9968] 02868_2e2c9d69_p12: ok md=4228 47s
[900/9968] 02161_f416db76_p27: ok md=349 47s
[925/9968] 01239_36bd6509_p21: ok md=3076 47s
[950/9968] 00852_4c4e08fa_p45: ok md=5632 32s
[975/9968] 01857_e7538d20_p59: ok md=2434 47s
[1000/9968] 03933_053a7d84_p71: ok md=1976 47s
[1025/9968] 03578_90510052_p40: ok md=3593 32s
[1050/9968] 01108_8fe6e00e_p54: ok md=9533 47s
[1075/9968] 02053_772d7df9_p20: ok md=3653 32s
[1100/9968] 03727_c66404c9_p9: ok md=3727 32s
[1125/9968] 04009_6aede0db_p9: ok md=2535 17s
[1150/9968] 02695_4526ebec_p17: ok md=1936 32s
[1175/9968] 04338_7eca3c01_p7: ok md=342 32s
[1200/9968] 02493_6ba029b4_p89: ok md=4325 32s
[1225/9968] 03437_b011fb1a_p6: ok md=4326 47s
[1250/9968] 00823_7c36d699_p47: ok md=5871 48s
[1275/9968] 00618_437a33ca_p1: ok md=2444 32s
[1300/9968] 04286_73f9fe3e_p1: ok md=3287 33s
[1325/9968] 00414_489a4428_p19: ok md=578 32s
[1350/9968] 00656_e3673469_p26: ok md=2376 63s
[1375/9968] 00113_f5e547be_p5: ok md=253 32s
[1400/9968] 00910_41216c4a_p1: ok md=1244 32s
[1425/9968] 02130_98643808_p38: ok md=107 32s
[1450/9968] 01800_5c03dc32_p1: ok md=1038 47s
[1475/9968] 01283_b12bcc0a_p9: ok md=34 32s
[1500/9968] 04732_7241b13c_p47: ok md=2184 47s
[1525/9968] 03788_4911c3f6_p23: ok md=4322 47s
[1550/9968] 02414_0a2fde5e_p31: ok md=938 32s
[1575/9968] 02090_f179f9bf_p9: ok md=6061 48s
[1600/9968] 02683_0b5ff401_p52: ok md=864 31s
[1625/9968] 02382_01be97a0_p1: ok md=221 32s
[1650/9968] 02579_679e0c08_p15: ok md=3696 32s
[1675/9968] 00085_5e953a9e_p32: ok md=1000 32s
[1700/9968] 01633_615a6991_p19: ok md=3342 32s
[1725/9968] 01004_59dee931_p16: ok md=2833 47s
[1750/9968] 03300_6ba294dd_p16: ok md=279 31s
[1775/9968] 03337_a8cca1c4_p4: ok md=4456 32s
[1800/9968] 04287_4a4d557a_p32: ok md=1324 78s
[1825/9968] 00426_b9c4784c_p50: ok md=4094 32s
[1850/9968] 01669_73544720_p1: ok md=296 32s
[1875/9968] 03269_a340595d_p19: ok md=1248 32s
[1900/9968] 03536_69598592_p22: ok md=1474 32s
[1925/9968] 03924_71166c27_p10: ok md=2095 47s
[1950/9968] 02067_60409258_p21: ok md=601 47s
[1975/9968] 03294_962b69d6_p16: ok md=7983 62s
[2000/9968] 01962_340c05a1_p8: ok md=10880 93s
[2025/9968] 00557_099d056c_p13: ok md=382 47s
[2050/9968] 04226_83dd2f5c_p13: ok md=2629 48s
[2075/9968] 01728_161f0b8f_p19: ok md=6133 47s
[2100/9968] 01804_d209e754_p57: ok md=2514 32s
[2125/9968] 03874_fb3ca7e4_p3: ok md=3140 32s
[2150/9968] 04373_b62c677f_p16: ok md=794 47s
[2175/9968] 04533_7880033b_p14: ok md=1803 47s
[2200/9968] 04439_b68b9e8c_p9: ok md=4284 47s
[2225/9968] 04835_83bcb1b5_p6: ok md=2540 17s
[2250/9968] 02705_9e20c5df_p44: ok md=1299 32s
[2275/9968] 02312_dbf8d132_p10: ok md=4778 47s
[2300/9968] 02233_67218fa3_p3: ok md=2398 32s
[2325/9968] 00451_83df172b_p29: ok md=1185 32s
[2350/9968] 00586_6c9593dd_p28: ok md=10636 201s
[2375/9968] 02445_f5a9b4f8_p6: ok md=4030 32s
[2400/9968] 01571_3bf07c02_p66: ok md=3368 32s
[2425/9968] 04807_d9ea0114_p38: ok md=2327 32s
[2450/9968] 03139_465b4de3_p4: ok md=1437 32s
[2475/9968] 00843_a586f557_p131: ok md=2386 32s
[2500/9968] 04228_9c037c19_p14: ok md=2057 47s
[2525/9968] 03032_27fc4382_p16: ok md=2670 32s
[2550/9968] 02485_927cfad9_p26: ok md=2811 47s
[2575/9968] 02804_8def73e2_p6: ok md=1817 32s
[2600/9968] 04468_a8873928_p3: ok md=5948 32s
[2625/9968] 04185_0691d87d_p7: ok md=201 32s
[2650/9968] 01190_f454ae2a_p24: ok md=963 17s
[2675/9968] 01716_57a1b6d9_p66: ok md=8851 62s
[2700/9968] 00604_3308190a_p11: ok md=826 47s
[2725/9968] 01644_438b3bca_p44: ok md=1517 32s
[2750/9968] 01802_c6c1d95b_p10: ok md=4235 47s
[2775/9968] 04710_d090735c_p49: ok md=1498 32s
[2800/9968] 02181_8d9f40c7_p10: ok md=9499 47s
[2825/9968] 04633_ea5c0e5a_p32: ok md=217 47s
[2850/9968] 02649_cec20981_p72: ok md=15030 63s
[2875/9968] 01616_ab550471_p19: ok md=153 16s
[2900/9968] 02658_0677adc4_p19: ok md=11125 49s
[2925/9968] 02165_4f217c27_p18: ok md=5185 62s
[2950/9968] 01343_c31f4568_p13: ok md=5800 47s
[2975/9968] 04984_32a7ea8b_p8: ok md=1671 32s
[3000/9968] 01450_ac3b3d91_p14: ok md=1070 32s
[3025/9968] 00334_ff3aad55_p10: ok md=334 32s
[3050/9968] 03795_cb2bab6e_p9: ok md=3670 47s
[3075/9968] 04839_e40c8326_p76: ok md=2455 32s
[3100/9968] 04461_1e147158_p14: ok md=10686 62s
[3125/9968] 02936_453c23d0_p29: ok md=3419 47s
[3150/9968] 03018_342c4a79_p59: ok md=3063 47s
[3175/9968] 00054_1768a5ba_p24: ok md=42 32s
[3200/9968] 04616_a215cd6d_p82: ok md=183 62s
[3225/9968] 02461_9552f21c_p6: ok md=3842 33s
[3250/9968] 04205_130029a6_p82: ok md=435 31s
[3275/9968] 02317_bcbd3503_p3: ok md=1804 16s
[3300/9968] 01230_88db0210_p4: ok md=4494 32s
[3325/9968] 04660_681a970b_p9: ok md=1555 47s
[3350/9968] 02333_24597d17_p1: ok md=248 32s
[3375/9968] 04367_7224c678_p47: ok md=1645 47s
[3400/9968] 01383_6219852e_p29: ok md=1050 32s
[3425/9968] 02170_524e8cf9_p40: ok md=4764 78s
[3450/9968] 01752_b6759a0a_p41: ok md=5957 62s
[3475/9968] 04029_0a982f48_p24: ok md=14947 47s
[3500/9968] 00713_b9a841b8_p62: ok md=1640 62s
[3525/9968] 03551_2e918cc9_p76: ok md=13474 78s
[3550/9968] 01118_76585e1a_p107: ok md=3446 47s
[3575/9968] 01320_de3b4bfb_p7: ok md=798 63s
[3600/9968] 01442_edf0034f_p14: ok md=236 32s
[3625/9968] 04283_4cd9dd57_p15: ok md=3414 32s
[3650/9968] 03042_4b098c81_p9: ok md=3820 32s
[3675/9968] 02944_ddbaeb9a_p39: ok md=3986 32s
[3700/9968] 00607_e8251826_p76: ok md=3218 32s
[3725/9968] 01349_d55ef5a4_p25: ok md=3632 62s
[3750/9968] 02019_f11f298a_p28: ok md=830 32s
[3775/9968] 02814_b8cf1ab6_p13: ok md=1791 32s
[3800/9968] 03676_b7ca7289_p26: ok md=8284 48s
[3825/9968] 01883_78748027_p12: ok md=7711 47s
[3850/9968] 01547_f83b81cb_p47: ok md=94 32s
[3875/9968] 02692_c4b4d370_p6: ok md=1802 32s
[3900/9968] 00164_21d4383c_p1: ok md=524 32s
[3925/9968] 03913_562181f5_p49: ok md=2349 47s
[3950/9968] 02338_3ea9325c_p2: ok md=12064 78s
[3975/9968] 03618_6ffeafac_p22: ok md=1221 32s
[4000/9968] 04412_229fc497_p3: ok md=5748 32s
[4025/9968] 05011_8c67046d_p68: ok md=369 32s
[4050/9968] 03022_259d040f_p73: ok md=1279 32s
[4075/9968] 04071_db00fa93_p30: ok md=980 62s
[4100/9968] 03490_e3907886_p15: ok md=3394 32s
[4125/9968] 02461_9552f21c_p1: ok md=2476 32s
[4150/9968] 03375_4ac2d34a_p66: ok md=2604 32s
[4175/9968] 00938_440fff28_p29: ok md=2376 32s
[4200/9968] 01284_db33db0a_p20: ok md=3634 32s
[4225/9968] 03764_3d0e64fc_p10: ok md=934 32s
[4250/9968] 03863_0b009847_p47: ok md=898 47s
[4275/9968] 02316_95ab791c_p16: ok md=943 47s
[4300/9968] 01774_b24fdee4_p39: ok md=4452 32s
[4325/9968] 04110_ff48fbe8_p32: ok md=1094 34s
[4350/9968] 01906_3c609702_p13: ok md=5049 62s
[4375/9968] 03023_6c722209_p2: ok md=3315 47s
[4400/9968] 04749_903a2874_p24: ok md=243 32s
[4425/9968] 00186_a26185a4_p16: ok md=247 32s
[4450/9968] 02849_fb54b87a_p187: ok md=3471 93s
[4475/9968] 00954_685aaf41_p2: ok md=10662 66s
[4500/9968] 04667_eaee4572_p24: ok md=1457 32s
[4525/9968] 03066_69042859_p23: ok md=3078 32s
[4550/9968] 03491_e840eeb5_p23: ok md=4552 32s
[4575/9968] 00140_9974d1e9_p12: ok md=775 32s
[4600/9968] 03760_540faced_p5: ok md=958 32s
[4625/9968] 01518_e76d7661_p53: ok md=6618 47s
[4650/9968] 01494_65ac2f6d_p1: ok md=2105 32s
[4675/9968] 03317_049cfd14_p8: ok md=9414 62s
[4700/9968] 03060_af756148_p36: ok md=2566 47s
[4725/9968] 01980_63b9515a_p10: ok md=1661 32s
[4750/9968] 03907_a90b727a_p1: ok md=571 62s
[4775/9968] 02635_286e2f1f_p68: ok md=3647 47s
[4800/9968] 02825_b1dafb00_p3: ok md=852 32s
[4825/9968] 03186_8124c9ec_p59: ok md=4785 63s
[4850/9968] 01653_df8f40f1_p120: ok md=597 16s
[4875/9968] 04803_85db57fa_p48: ok md=2313 47s
[4897/9968] 04198_086bd4b5_p2: status FAILED after 31s
[4900/9968] 04882_b097a3d3_p2: ok md=2772 47s
[4925/9968] 03713_182d1ac8_p4: ok md=692 47s
[4950/9968] 03798_1c9bdffc_p64: ok md=326 32s
[4975/9968] 00928_61c59974_p34: ok md=5925 62s
[5000/9968] 04291_c5fce2a2_p45: ok md=2251 47s
[5025/9968] 00178_b1c44928_p45: ok md=3859 47s
[5050/9968] 02197_e2c06b63_p11: ok md=4987 32s
[5075/9968] 03435_4a1ada5f_p59: ok md=1767 31s
[5100/9968] 00863_9889d34e_p53: ok md=1442 32s
[5125/9968] 04932_cbbd2c5b_p32: ok md=4131 62s
[5150/9968] 03272_a751dc6a_p1: ok md=357 47s
[5175/9968] 04656_b2cbb8b7_p56: ok md=5861 32s
[5200/9968] 02546_5e9e2e90_p28: ok md=744 16s
[5225/9968] 01285_5bb4853e_p3: ok md=4280 32s
[5250/9968] 00739_e054b9c4_p87: ok md=5289 47s
[5275/9968] 00173_ea3385e6_p16: ok md=1443 47s
[5300/9968] 04579_bade1872_p25: ok md=4272 47s
[5325/9968] 01698_539e312e_p4: ok md=3017 48s
[5350/9968] 02834_5b88bab9_p1: ok md=2342 47s
[5375/9968] 00655_741b00a6_p18: ok md=1563 31s
[5400/9968] 04849_ede0ce4b_p5: ok md=4020 78s
[5425/9968] 03617_9e804bba_p15: ok md=3267 78s
[5450/9968] 02326_fe24c7ef_p15: ok md=1288 32s
[5475/9968] 01390_71237298_p5: ok md=279 47s
[5500/9968] 04050_0bde2e42_p168: ok md=3252 62s
[5525/9968] 02379_89809b56_p3: ok md=3699 32s
[5550/9968] 03045_be49e149_p7: ok md=615 32s
[5575/9968] 00012_2cf93586_p3: ok md=2709 32s
[5600/9968] 03399_dbf9005b_p31: ok md=482 32s
[5625/9968] 03350_64188496_p19: ok md=2176 47s
[5650/9968] 04218_9f2302cb_p84: ok md=1876 47s
[5675/9968] 02669_f4413ec4_p41: ok md=224 33s
[5700/9968] 01182_7e684953_p16: ok md=5002 32s
[5725/9968] 04154_594e610e_p5: ok md=3695 32s
[5750/9968] 01167_8fa595d3_p1: ok md=257 32s
[5775/9968] 04100_7b4c98b9_p66: ok md=2719 32s
[5800/9968] 04524_52a639da_p3: ok md=2182 32s
[5825/9968] 02665_35848fb0_p16: ok md=5268 63s
[5850/9968] 02283_01484aef_p9: ok md=6191 47s
[5875/9968] 03244_81efe30e_p44: ok md=1397 32s
[5900/9968] 04220_31734122_p1: ok md=1453 32s
[5925/9968] 03120_08d108bd_p47: ok md=1768 32s
[5950/9968] 01589_03bf5bb8_p28: ok md=501 32s
[5975/9968] 01071_ec858623_p110: ok md=441 32s
[6000/9968] 04097_d4d28128_p34: ok md=2311 47s
[6025/9968] 02349_0974c50e_p1: ok md=695 32s
[6050/9968] 02362_debc54c5_p3: ok md=754 32s
[6075/9968] 04829_da77f7f1_p2: ok md=4222 32s
[6100/9968] 04134_c20d360e_p42: ok md=6090 47s
[6125/9968] 01957_dbb189dd_p37: ok md=1066 47s
[6150/9968] 02788_7d5b0d7a_p116: ok md=4420 63s
[6175/9968] 04291_c5fce2a2_p13: ok md=4945 47s
[6200/9968] 03864_9fae9e3b_p1: ok md=3499 32s
[6225/9968] 01983_f4e20db0_p6: ok md=3641 32s
[6250/9968] 00729_e8b53f8b_p5: ok md=3557 47s
[6275/9968] 03423_c43e2c94_p18: ok md=2246 32s
[6300/9968] 00285_952ff4b3_p47: ok md=6801 32s
[6325/9968] 04290_d3ad42df_p1: ok md=265 32s
[6350/9968] 03688_cbb813a8_p6: ok md=1097 32s
[6375/9968] 03140_faa48ac9_p36: ok md=4067 32s
[6400/9968] 00507_e3074836_p55: ok md=954 32s
[6425/9968] 03755_ad6417e7_p1: ok md=296 47s
[6450/9968] 03528_6355a175_p7: ok md=2252 32s
[6475/9968] 00213_0ebe1d6f_p55: ok md=3611 32s
[6500/9968] 01464_c2f66261_p64: ok md=359 16s
[6525/9968] 01509_3f4505c7_p13: ok md=11745 47s
[6550/9968] 01659_5f6d2e70_p14: ok md=1502 32s
[6575/9968] 03403_f6d692a0_p10: ok md=389 32s
[6600/9968] 03908_ce8e64a0_p19: ok md=4923 63s
[6625/9968] 04575_e1d112dc_p1: ok md=5153 47s
[6650/9968] 02609_0ae1d6ac_p7: ok md=556 47s
[6675/9968] 00636_ce2261d2_p5: ok md=4175 32s
[6700/9968] 02960_a0a9e4c1_p22: ok md=2568 32s
[6725/9968] 03094_97d7a3df_p14: ok md=1970 47s
[6750/9968] 03521_befd56fe_p32: ok md=7451 47s
[6775/9968] 02106_1f461bcf_p1: ok md=124 47s
[6800/9968] 03274_cd7de221_p50: ok md=1564 47s
[6825/9968] 01248_0cc4c22a_p115: ok md=2622 32s
[6850/9968] 03653_8cea6333_p62: ok md=6368 62s
[6875/9968] 04612_a4659d5e_p304: ok md=1905 47s
[6900/9968] 02968_01e2967c_p5: ok md=2070 47s
[6925/9968] 01729_173f7ce9_p191: ok md=1192 78s
[6950/9968] 03174_04aaa0a7_p219: ok md=1536 47s
[6975/9968] 00816_163751fc_p5: ok md=4738 32s
[7000/9968] 02240_d7c41c46_p8: ok md=6149 78s
[7025/9968] 03841_b4ce1b16_p15: ok md=212 32s
[7050/9968] 00866_3bb3d280_p41: ok md=10867 47s
[7075/9968] 00707_284913d7_p2: ok md=459 32s
[7100/9968] 02879_10d74a2b_p284: ok md=801 32s
[7125/9968] 01234_641baf9b_p4: ok md=4801 32s
[7150/9968] 04871_90610a92_p7: ok md=6656 78s
[7175/9968] 01239_36bd6509_p36: ok md=2878 32s
[7200/9968] 03659_6aee0d4a_p54: ok md=4931 62s
[7225/9968] 04336_606b01e2_p53: ok md=1061 32s
[7250/9968] 00289_ee71b03e_p69: ok md=408 32s
[7275/9968] 04157_d0f55e35_p90: ok md=3183 47s
[7300/9968] 03102_6286b3c7_p97: ok md=2957 47s
[7325/9968] 03090_71b5f628_p8: ok md=161 47s
[7350/9968] 01907_0db34e06_p29: ok md=1937 32s
[7375/9968] 04527_4f484f3b_p82: ok md=896 47s
[7400/9968] 04552_aa211a00_p17: ok md=1397 47s
[7425/9968] 04129_4615cbfe_p33: ok md=3455 63s
[7450/9968] 02344_395aef9c_p10: ok md=1641 32s
[7475/9968] 01764_50567882_p3: ok md=2566 32s
[7500/9968] 01531_e916d95c_p54: ok md=2689 32s
[7525/9968] 01334_657725bb_p11: ok md=1108 32s
[7550/9968] 01560_23690a64_p13: ok md=656 32s
[7575/9968] 01091_98447d23_p171: ok md=2250 32s
[7600/9968] 03249_5373579d_p49: ok md=5060 47s
[7625/9968] 01036_3120742e_p6: ok md=169 47s
[7650/9968] 04398_04368b8b_p54: ok md=3762 32s
[7675/9968] 03543_217767bf_p192: ok md=6204 64s
[7700/9968] 03417_0ee529a2_p105: ok md=3294 47s
[7725/9968] 01994_f978bfda_p152: ok md=3519 32s
[7750/9968] 03299_517700cc_p27: ok md=2580 62s
[7775/9968] 03183_c86810bb_p3: ok md=3327 63s
[7800/9968] 02793_915eb602_p20: ok md=7240 32s
[7825/9968] 04328_5275d138_p15: ok md=3190 78s
[7850/9968] 02041_2dc1931a_p13: ok md=9129 63s
[7875/9968] 01262_5c69c6d4_p24: ok md=167 33s
[7900/9968] 04038_1374d0fc_p53: ok md=2865 48s
[7925/9968] 01724_8a77e31e_p31: ok md=2111 17s
[7950/9968] 03309_d82c325b_p11: ok md=789 47s
[7975/9968] 00968_9a9a60c7_p10: ok md=3025 32s
[8000/9968] 04083_ddaebb8e_p3: ok md=349 62s
[8025/9968] 01997_2c7c520e_p97: ok md=1850 32s
[8050/9968] 02660_d70592d4_p10: ok md=3611 47s
[8075/9968] 02386_0043a5e5_p13: ok md=3148 32s
[8100/9968] 01658_583ff0dd_p14: ok md=2262 32s
[8125/9968] 02872_268d3480_p18: ok md=7079 32s
[8129/9968] 00545_8373cb07_p24: submit 499: Client Closed Request
[8150/9968] 01312_d96c24bc_p23: ok md=870 47s
[8175/9968] 03115_232b9053_p12: ok md=5113 32s
[8200/9968] 02311_b6656a10_p36: ok md=6385 63s
[8225/9968] 00176_cf6ec9cf_p11: ok md=3453 47s
[8250/9968] 03743_993e5f98_p14: ok md=2182 32s
[8275/9968] 03005_9e83af3e_p5: ok md=577 32s
[8300/9968] 02552_e4b2e1dd_p2: ok md=8908 32s
[8325/9968] 01267_abf4332d_p9: ok md=1367 16s
[8350/9968] 01548_b1843b10_p8: ok md=5768 47s
[8375/9968] 01245_487d08ab_p5: ok md=2195 33s
[8400/9968] 02667_847c5e51_p1: ok md=4039 32s
[8425/9968] 02815_d54b7aa9_p5: ok md=6178 48s
[8450/9968] 04920_984e7e7d_p5: ok md=1447 49s
[8475/9968] 00997_f22b45da_p3: ok md=9621 32s
[8500/9968] 01770_945ad2e9_p39: ok md=3911 48s
[8525/9968] 01893_7c047b76_p16: ok md=3495 32s
[8550/9968] 04152_43e977ca_p11: ok md=392 32s
[8575/9968] 01074_badc837f_p30: ok md=2861 48s
[8600/9968] 03631_eeb27b06_p105: ok md=2007 63s
[8625/9968] 03674_e2f3442c_p1: ok md=822 93s
[8650/9968] 01944_f97975ff_p14: ok md=2098 41s
[8675/9968] 03597_a43b4099_p1: ok md=3214 33s
[8700/9968] 02717_a6bcc2e3_p8: ok md=1654 32s
[8725/9968] 02927_02d20a4b_p8: ok md=2674 48s
[8750/9968] 01684_e7ab680d_p29: ok md=4303 79s
[8775/9968] 03414_0e3f7bd5_p11: ok md=1989 32s
[8800/9968] 04040_3942fc14_p26: ok md=5986 63s
[8825/9968] 04888_e19b1fc0_p26: ok md=174 32s
[8850/9968] 04082_f570fc25_p10: ok md=3468 47s
[8875/9968] 00674_f9f51d6d_p15: ok md=3102 32s
[8900/9968] 02605_ead78a11_p12: ok md=5162 48s
[8925/9968] 02611_f5685852_p125: ok md=612 47s
[8950/9968] 02390_5c303fbc_p1: ok md=1518 32s
[8975/9968] 02419_8c017c0f_p5: ok md=3 32s
[9000/9968] 00865_8830694a_p1: ok md=351 32s
[9025/9968] 02814_b8cf1ab6_p16: ok md=1819 47s
[9050/9968] 02217_dcbbd393_p6: ok md=1232 48s
[9075/9968] 00040_bf9aa152_p20: ok md=75 32s
[9100/9968] 00776_957339a6_p1: ok md=263 32s
[9125/9968] 02913_452e3fe5_p2: ok md=699 32s
[9150/9968] 00766_e988d497_p11: ok md=3980 48s
[9175/9968] 02119_b1c25ecb_p6: ok md=2000 32s
[9200/9968] 03148_91773ed8_p43: ok md=1273 33s
[9225/9968] 02996_2d819378_p22: ok md=6183 47s
[9250/9968] 03327_4de0370a_p80: ok md=529 48s
[9275/9968] 04957_6aff07bd_p16: ok md=133 32s
[9300/9968] 03900_c83cfe71_p14: ok md=3812 33s
[9325/9968] 01921_36b739e7_p20: ok md=2573 63s
[9350/9968] 00443_7bfe3926_p5: ok md=4112 79s
[9375/9968] 02912_70f28217_p1: ok md=16 34s
[9400/9968] 02961_aadb3237_p7: ok md=8543 49s
[9425/9968] 04599_f042b1b3_p25: ok md=3192 48s
[9450/9968] 02562_b1e9ea5a_p33: ok md=3733 49s
[9475/9968] 03263_c9b63fa9_p17: ok md=145 33s
[9500/9968] 01539_f62ee715_p48: ok md=2082 33s
[9525/9968] 02794_56043859_p46: ok md=830 48s
[9550/9968] 02252_73985d3e_p37: ok md=7569 48s
[9575/9968] 00709_37b0d4ba_p86: ok md=3118 33s
[9600/9968] 03923_f003b5ff_p1: ok md=1707 32s
[9625/9968] 02498_4a15c78f_p258: ok md=319 49s
[9650/9968] 04306_8faabfed_p23: ok md=2989 47s
[9675/9968] 04417_9bd3dcac_p72: ok md=1883 47s
[9700/9968] 03915_3aa1ff09_p19: ok md=1631 62s
[9725/9968] 04043_5a0de94c_p45: ok md=3161 49s
[9750/9968] 03767_0085a2ca_p64: ok md=4151 47s
[9775/9968] 00404_52c7c526_p20: ok md=1173 32s
[9800/9968] 03146_6cf036a8_p13: ok md=2639 33s
[9825/9968] 04993_fa83280c_p34: ok md=3729 47s
[9850/9968] 03466_b88db4f4_p4: ok md=276 32s
[9875/9968] 03124_10761bcf_p12: ok md=1242 32s
[9900/9968] 03728_6e6389d2_p42: ok md=4098 32s
[9925/9968] 02403_05c4131c_p61: ok md=2964 48s
[9950/9968] 02818_6e9207dd_p19: ok md=4874 63s
parsed 9964/9968; 4 errors this run
=== parse magazines-10k-pages pass 2 13:57 have 0/9968
[25/9968] 02291_08bcdba8_p3: cached
[50/9968] 03613_57b623dd_p28: cached
[75/9968] 03150_e6326a10_p3: cached
[100/9968] 04835_83bcb1b5_p6: cached
[125/9968] 03759_9b7cd7ca_p32: cached
[150/9968] 01476_0bf17c32_p34: cached
[175/9968] 01214_8e5635c4_p6: cached
[200/9968] 00068_2f7c0f05_p1: cached
[225/9968] 02734_bf964a9c_p20: cached
[250/9968] 00931_02b062eb_p2: cached
[275/9968] 02606_15570e46_p11: cached
[300/9968] 02676_00885b7f_p4: cached
[325/9968] 02833_2ad0732d_p11: cached
[350/9968] 02413_8ce008bc_p12: cached
[375/9968] 00523_fc853066_p45: cached
[400/9968] 03780_8775f13d_p14: cached
[425/9968] 02929_79b17266_p109: cached
[450/9968] 03191_b342b0d9_p9: cached
[475/9968] 04338_7eca3c01_p7: cached
[500/9968] 00902_884cafd0_p4: cached
[525/9968] 04024_e7816061_p1: cached
[550/9968] 01417_5d38994d_p14: cached
[575/9968] 03752_c2179a85_p41: cached
[600/9968] 00319_c57855f9_p15: cached
[625/9968] 00884_69ac1d8e_p25: cached
[650/9968] 02759_4eb8129b_p19: cached
[675/9968] 01782_ec5d497b_p2: cached
[700/9968] 02198_7f20ee10_p26: cached
[725/9968] 03063_3a01c173_p20: cached
[750/9968] 01502_e80529cd_p7: cached
[775/9968] 03560_deb3f94d_p10: cached
[800/9968] 01347_291984e7_p2: cached
[825/9968] 04272_2b16aa28_p8: cached
[850/9968] 00251_2335b6ec_p20: cached
[875/9968] 03126_7bc913da_p4: cached
[900/9968] 02999_4605eec8_p87: cached
[925/9968] 00718_3349dc72_p89: cached
[950/9968] 00975_d13e5c0b_p22: cached
[975/9968] 01163_219c1df0_p50: cached
[1000/9968] 04625_66d0867c_p30: cached
[1025/9968] 00895_ce57fe30_p23: cached
[1050/9968] 02142_6561b83a_p25: cached
[1075/9968] 03438_ba3910f2_p29: cached
[1100/9968] 00452_9926557c_p29: cached
[1125/9968] 00808_8d01b189_p5: cached
[1150/9968] 00390_85eebee8_p1: cached
[1175/9968] 03383_628bbcb6_p9: cached
[1200/9968] 02033_6ecf45ae_p14: cached
[1225/9968] 04783_0702c637_p11: cached
[1250/9968] 01653_df8f40f1_p87: cached
[1275/9968] 01080_ff00966e_p46: cached
[1300/9968] 01921_36b739e7_p26: cached
[1325/9968] 03478_5115f534_p14: cached
[1350/9968] 03527_6cb3f12b_p1: cached
[1375/9968] 04836_dc7f7b05_p5: cached
[1400/9968] 01834_93923e6c_p14: cached
[1425/9968] 02242_9e24f99b_p4: cached
[1450/9968] 04129_4615cbfe_p48: cached
[1475/9968] 03042_4b098c81_p2: cached
[1500/9968] 01467_123f18f5_p33: cached
[1525/9968] 03883_b6985f11_p4: cached
[1550/9968] 03500_dddcda1c_p17: cached
[1575/9968] 04942_2423a591_p11: cached
[1600/9968] 03569_22d34c8d_p23: cached
[1625/9968] 01755_06dcbd26_p9: cached
[1650/9968] 03424_64129694_p16: cached
[1675/9968] 00533_603c9645_p42: cached
[1700/9968] 01050_9cb9940f_p35: cached
[1725/9968] 00426_b9c4784c_p3: cached
[1750/9968] 01591_0807a87c_p3: cached
[1775/9968] 01631_3fd61325_p134: cached
[1800/9968] 03238_9649c6b9_p19: cached
[1825/9968] 02610_8ed903eb_p16: cached
[1850/9968] 00037_504b2fd8_p118: cached
[1875/9968] 00185_d3cd52a2_p2: cached
[1900/9968] 00432_f2d4ec3a_p60: cached
[1925/9968] 03132_d4b4ff3f_p83: cached
[1950/9968] 03568_0e312ab7_p21: cached
[1975/9968] 02748_1df4cfc0_p19: cached
[2000/9968] 00442_49fed4ba_p5: cached
[2025/9968] 03180_64cd1fb0_p1: cached
[2050/9968] 02274_94aab330_p10: cached
[2075/9968] 03112_1d07b5f1_p40: cached
[2100/9968] 03961_9e8dc9d7_p12: cached
[2125/9968] 00267_fa1fd907_p18: cached
[2150/9968] 02646_ed6faab2_p4: cached
[2175/9968] 03821_6a146d11_p1: cached
[2200/9968] 01057_e49d32ac_p3: cached
[2225/9968] 03910_35b2887d_p5: cached
[2250/9968] 04197_9f7b320e_p75: cached
[2275/9968] 04866_01e6dcdc_p11: cached
[2300/9968] 03740_cf1bcb1a_p11: cached
[2325/9968] 03681_cef7b8fc_p16: cached
[2350/9968] 00378_fbb85f2d_p2: cached
[2375/9968] 00640_3165c4c2_p31: cached
[2400/9968] 00856_4e41ce39_p43: cached
[2425/9968] 04506_fa197cc8_p11: cached
[2450/9968] 00552_72d8f272_p1: cached
[2475/9968] 04317_d112ab57_p2: cached
[2500/9968] 02187_62add098_p4: cached
[2525/9968] 02789_bd99ce8e_p28: cached
[2550/9968] 03876_840af9ec_p3: cached
[2575/9968] 04253_6263adfc_p58: cached
[2600/9968] 02779_f73a5be8_p20: cached
[2625/9968] 04218_9f2302cb_p22: cached
[2650/9968] 04604_458c1b26_p12: cached
[2675/9968] 04943_887fac04_p37: cached
[2700/9968] 01784_ad0f82c1_p49: cached
[2725/9968] 00875_91fe8775_p60: cached
[2750/9968] 04765_01e53624_p31: cached
[2775/9968] 01099_8a0f5b8b_p5: cached
[2800/9968] 02371_dc650c8b_p14: cached
[2825/9968] 01266_96dd03ad_p34: cached
[2850/9968] 00396_02757dcb_p27: cached
[2875/9968] 00148_9f5aaab0_p28: cached
[2900/9968] 04102_f3d8b609_p13: cached
[2925/9968] 04743_157a980e_p5: cached
[2950/9968] 02176_da31bcda_p55: cached
[2975/9968] 01814_3c757478_p22: cached
[3000/9968] 04359_0033fbc2_p47: cached
[3025/9968] 02335_84e67c2e_p50: cached
[3050/9968] 02884_83dbe371_p7: cached
[3075/9968] 01032_972adf05_p18: cached
[3100/9968] 05001_02ccc2bf_p45: cached
[3125/9968] 02015_3a7191f6_p1: cached
[3150/9968] 03423_c43e2c94_p2: cached
[3175/9968] 01755_06dcbd26_p1: cached
[3200/9968] 01350_e66f3ff4_p33: cached
[3225/9968] 03644_f07d2955_p21: cached
[3250/9968] 00544_38967dd8_p41: cached
[3275/9968] 01829_2d2c55c9_p185: cached
[3300/9968] 01436_cc055b73_p25: cached
[3325/9968] 01160_5d808836_p1: cached
[3350/9968] 00515_fc18a747_p7: cached
[3375/9968] 01444_5f57314c_p1: cached
[3400/9968] 01377_56a89bcc_p22: cached
[3425/9968] 00713_b9a841b8_p62: cached
[3450/9968] 01132_31c91d85_p63: cached
[3475/9968] 04932_cbbd2c5b_p6: cached
[3500/9968] 02378_8cc8745f_p84: cached
[3525/9968] 04786_417d1860_p8: cached
[3550/9968] 03072_85d47e07_p9: cached
[3575/9968] 01415_86c775ef_p58: cached
[3600/9968] 03357_6bf92521_p3: cached
[3625/9968] 00475_e09a51d6_p32: cached
[3650/9968] 00444_50c8631b_p11: cached
[3675/9968] 04145_fd8106f3_p28: cached
[3700/9968] 00730_91e941b9_p16: cached
[3725/9968] 00870_2c74085b_p78: cached
[3750/9968] 03235_90db5242_p25: cached
[3775/9968] 03541_d33ad635_p15: cached
[3800/9968] 02066_94f6296d_p17: cached
[3825/9968] 02644_07f9180c_p5: cached
[3850/9968] 04638_594ced8b_p34: cached
[3875/9968] 01096_3e8704e3_p1: cached
[3900/9968] 00147_c832d18c_p34: cached
[3925/9968] 03846_1d7e8fd7_p9: cached
[3950/9968] 00954_685aaf41_p1: cached
[3975/9968] 00565_3d513a15_p16: cached
[4000/9968] 04259_31c25eb2_p6: cached
[4025/9968] 00527_09e82f45_p63: cached
[4050/9968] 04112_69da3993_p4: cached
[4075/9968] 04954_9129ba58_p3: cached
[4100/9968] 01114_fa884abd_p8: cached
[4125/9968] 04297_f6e83adf_p95: cached
[4150/9968] 02604_7927fd7b_p9: cached
[4175/9968] 04943_887fac04_p48: cached
[4200/9968] 03832_4ed3db43_p6: cached
[4225/9968] 03194_c4358ba1_p8: cached
[4250/9968] 01399_07162793_p1: cached
[4275/9968] 02537_aa028336_p23: cached
[4300/9968] 03023_6c722209_p2: cached
[4325/9968] 01020_eb449661_p48: cached
[4350/9968] 04438_8334ffdf_p67: cached
[4375/9968] 01637_3330614a_p13: cached
[4400/9968] 03862_f6fbb3b3_p72: cached
[4425/9968] 02962_ec995987_p5: cached
[4450/9968] 02565_cae37375_p18: cached
[4475/9968] 01615_e358fb1c_p20: cached
[4500/9968] 03706_e2f06c54_p48: cached
[4525/9968] 00927_f32f36ad_p24: cached
[4550/9968] 04795_97e1317c_p22: cached
[4575/9968] 00502_bb9297f3_p29: cached
[4600/9968] 00016_4d8bf9fa_p29: cached
[4625/9968] 00804_33c3bf6e_p5: cached
[4650/9968] 04630_e8422bc9_p112: cached
[4675/9968] 04975_c912aad2_p17: cached
[4700/9968] 01680_3e46eeec_p1: cached
[4725/9968] 03489_aee3cd9b_p79: cached
[4750/9968] 02825_b1dafb00_p3: cached
[4775/9968] 00244_068520a8_p51: cached
[4800/9968] 04714_15b21f49_p18: cached
[4825/9968] 01168_5cca5ef7_p15: cached
[4850/9968] 02544_033ddcd4_p38: cached
[4875/9968] 02853_88e9a13c_p5: cached
[4900/9968] 00469_14bfc31c_p47: cached
[4925/9968] 03134_5d6314d6_p8: cached
[4950/9968] 03882_e78cea7e_p63: cached
[4975/9968] 02391_224412dd_p38: cached
[5000/9968] 04602_d8c7a3ba_p17: cached
[5025/9968] 02737_a4aefad1_p55: cached
[5050/9968] 00899_6a8dac52_p20: cached
[5075/9968] 01759_1e365fa4_p1: cached
[5100/9968] 01256_d21da9df_p4: cached
[5125/9968] 01619_4fec03da_p50: cached
[5150/9968] 02640_1d4fd9a0_p124: cached
[5175/9968] 02142_6561b83a_p20: cached
[5200/9968] 02898_21dc04b4_p60: cached
[5225/9968] 01373_09dd5ba4_p33: cached
[5250/9968] 04694_10041341_p4: cached
[5275/9968] 03381_b48ce585_p70: cached
[5300/9968] 01212_31ec12d0_p64: cached
[5325/9968] 02247_1153f6b5_p61: cached
[5350/9968] 01799_cff25499_p38: cached
[5375/9968] 04050_0bde2e42_p168: cached
[5400/9968] 00156_25c62ddb_p44: cached
[5425/9968] 00090_c089cebf_p29: cached
[5450/9968] 01996_c1039455_p18: cached
[5475/9968] 01673_a551038b_p5: cached
[5500/9968] 03884_b6c7ea3e_p18: cached
[5525/9968] 00087_5fcd16dc_p7: cached
[5550/9968] 01136_6f2c9e4e_p27: cached
[5575/9968] 01823_d6a64438_p6: cached
[5600/9968] 03332_47ce85b2_p1: cached
[5625/9968] 01205_ec9d47ab_p4: cached
[5650/9968] 00857_fc8946a7_p7: cached
[5675/9968] 00476_c481b009_p15: cached
[5700/9968] 01005_6ffb550a_p34: cached
[5725/9968] 03979_c6c05bd4_p6: cached
[5750/9968] 03161_f5bd0850_p35: cached
[5775/9968] 04684_1a896951_p12: cached
[5800/9968] 00256_c6d9c3b1_p1: cached
[5825/9968] 00195_7d08318e_p34: cached
[5850/9968] 03249_5373579d_p2: cached
[5875/9968] 01157_b256be42_p6: cached
[5900/9968] 00949_8c5a82d9_p61: cached
[5925/9968] 01758_a797c06d_p4: cached
[5950/9968] 02642_6de07041_p30: cached
[5975/9968] 02459_1130115e_p39: cached
[6000/9968] 03571_7a44ada8_p38: cached
[6025/9968] 03180_64cd1fb0_p35: cached
[6050/9968] 04719_ad7ced98_p29: cached
[6075/9968] 00304_92c4e0d1_p53: cached
[6100/9968] 03369_af955779_p110: cached
[6125/9968] 04856_c4fafbb0_p10: cached
[6150/9968] 01107_5ff9121d_p2: cached
[6175/9968] 02950_685f2bcc_p5: cached
[6200/9968] 04683_1a5074de_p20: cached
[6225/9968] 01860_7a221792_p19: cached
[6250/9968] 02778_efca28c1_p5: cached
[6275/9968] 04524_52a639da_p10: cached
[6300/9968] 01026_da6c57ef_p2: cached
[6325/9968] 00293_7a3525e4_p59: cached
[6350/9968] 03226_09e6cfd1_p21: cached
[6375/9968] 02401_28065014_p17: cached
[6400/9968] 01877_af2e09d6_p30: cached
[6425/9968] 02228_9de2d816_p18: cached
[6450/9968] 03060_af756148_p32: cached
[6475/9968] 00099_16dd1cf8_p11: cached
[6500/9968] 03433_e3c9f86e_p44: cached
[6525/9968] 00998_0ab34ec7_p18: cached
[6550/9968] 03670_fe6b82af_p12: cached
[6575/9968] 03554_564c3c92_p3: cached
[6600/9968] 03505_e11c687d_p10: cached
[6625/9968] 01640_5b340534_p89: cached
[6650/9968] 02516_b1b828f9_p3: cached
[6675/9968] 02859_b81c2379_p40: cached
[6700/9968] 03678_1ec8cf13_p29: cached
[6725/9968] 02154_35ed5516_p103: cached
[6750/9968] 00653_7c5ddc1d_p1: cached
[6775/9968] 02018_25a1faa0_p26: cached
[6800/9968] 02074_e9a98f74_p26: cached
[6825/9968] 02133_c35003db_p8: cached
[6850/9968] 03687_f079c7fe_p106: cached
[6875/9968] 01141_a5ab979f_p14: cached
[6900/9968] 01742_28bda889_p20: cached
[6925/9968] 00539_8cf47e7d_p44: cached
[6950/9968] 01831_b699840f_p1: cached
[6975/9968] 00970_118ddc8b_p9: cached
[7000/9968] 03472_aff4a05d_p3: cached
[7025/9968] 04793_f9e0f194_p11: cached
[7050/9968] 00154_4d24657a_p3: cached
[7075/9968] 03901_8daabb6a_p79: cached
[7100/9968] 03650_4a17431e_p25: cached
[7125/9968] 02080_21b4d4f4_p42: cached
[7150/9968] 02160_84aac96e_p2: cached
[7175/9968] 03890_66e5e195_p5: cached
[7200/9968] 03063_3a01c173_p5: cached
[7225/9968] 01536_ac225172_p24: cached
[7250/9968] 01567_601e6c19_p36: cached
[7275/9968] 04628_888892a5_p14: cached
[7300/9968] 03204_b665b88f_p3: cached
[7325/9968] 01845_2cbb9361_p3: cached
[7350/9968] 00511_02fd9573_p14: cached
[7375/9968] 01662_c7506b0a_p39: cached
[7400/9968] 01008_f222b9ac_p47: cached
[7425/9968] 03589_262e5826_p75: cached
[7450/9968] 00765_81fe0c91_p24: cached
[7475/9968] 00169_e900ead3_p42: cached
[7500/9968] 03722_268baa0b_p19: cached
[7525/9968] 01531_e916d95c_p54: cached
[7550/9968] 04650_7739433c_p1: cached
[7575/9968] 03632_0a45b7a9_p38: cached
[7600/9968] 01637_3330614a_p4: cached
[7625/9968] 01153_2af55d0a_p140: cached
[7650/9968] 02347_61401cbe_p2: cached
[7675/9968] 00021_99d5b533_p89: cached
[7700/9968] 00201_f04210a0_p13: cached
[7725/9968] 05014_baeab757_p48: cached
[7750/9968] 03213_edf72770_p19: cached
[7775/9968] 02257_d48a4c4d_p99: cached
[7800/9968] 02600_eced2e2a_p47: cached
[7825/9968] 03340_371487c0_p10: cached
[7850/9968] 02831_b207118a_p33: cached
[7875/9968] 02910_3c0f9924_p1: cached
[7900/9968] 04659_c341c267_p47: cached
[7925/9968] 00874_475ee002_p3: cached
[7950/9968] 01612_bbe81baf_p2: cached
[7975/9968] 01715_ff471253_p7: cached
[8000/9968] 01433_30b201d6_p5: cached
[8025/9968] 03738_103572ae_p38: cached
[8050/9968] 00598_13c1237a_p3: cached
[8075/9968] 00374_3d1cd67a_p147: cached
[8100/9968] 03786_dff196eb_p16: cached
[8125/9968] 00332_6175cbd3_p50: cached
[8150/9968] 02631_9d2b6ac8_p145: cached
[8175/9968] 02179_cd5f27bd_p14: cached
[8200/9968] 02795_a650f7a4_p67: cached
[8225/9968] 02199_93bd02b9_p25: cached
[8250/9968] 04619_ea5307e2_p2: cached
[8275/9968] 02955_477c5c53_p58: cached
[8300/9968] 03953_afe65d22_p5: cached
[8325/9968] 04217_ac89d7ba_p75: cached
[8350/9968] 01617_24b43c32_p5: cached
[8375/9968] 01665_e08edc9e_p9: cached
[8400/9968] 02031_3b7d8513_p7: cached
[8425/9968] 02607_e171ef6d_p43: cached
[8450/9968] 01521_4e369653_p5: cached
[8475/9968] 04323_83c131f1_p84: cached
[8500/9968] 00840_6b351758_p53: cached
[8525/9968] 01199_e3288d86_p11: cached
[8550/9968] 04755_0253ce3b_p13: cached
[8575/9968] 01608_2417682b_p25: cached
[8600/9968] 02036_85c03c53_p12: cached
[8625/9968] 03755_ad6417e7_p4: cached
[8650/9968] 00607_e8251826_p1: cached
[8675/9968] 04227_106ed67c_p4: cached
[8700/9968] 03596_679f8226_p7: cached
[8725/9968] 01299_1d308c8a_p4: cached
[8750/9968] 02501_b0be4ae1_p27: cached
[8775/9968] 02075_a34adc11_p4: cached
[8800/9968] 00463_2f80a84f_p56: cached
[8825/9968] 03604_db4338b1_p25: cached
[8850/9968] 00826_3ce558f2_p124: cached
[8875/9968] 03057_8049e521_p94: cached
[8900/9968] 03982_dda371bd_p36: cached
[8925/9968] 02744_04d11bb0_p2: cached
[8950/9968] 03649_f8af1fad_p3: cached
[8975/9968] 04130_8bbce475_p42: cached
[9000/9968] 02241_cf2ca466_p75: cached
[9025/9968] 00648_b94add52_p30: cached
[9050/9968] 05013_252a103c_p81: cached
[9075/9968] 01918_8cb8ad56_p29: cached
[9100/9968] 00218_49fccdcd_p9: cached
[9125/9968] 02954_864920d5_p30: cached
[9150/9968] 01202_42b7e9c1_p10: cached
[9175/9968] 01716_57a1b6d9_p16: cached
[9200/9968] 03935_800f6794_p2: cached
[9225/9968] 03407_2b2ded3f_p6: cached
[9250/9968] 01310_20b2191a_p5: cached
[9275/9968] 03592_b9cbef0f_p3: cached
[9300/9968] 02398_4a8a0497_p8: cached
[9325/9968] 03934_ca0f3396_p5: cached
[9350/9968] 02103_543aea0e_p58: cached
[9375/9968] 02357_704ffea6_p17: cached
[9400/9968] 04202_31defeff_p3: cached
[9425/9968] 04874_b4e7b92c_p74: cached
[9450/9968] 02841_44048728_p9: cached
[9475/9968] 01470_026a74ce_p9: cached
[9500/9968] 01693_f753dbf3_p15: cached
[9525/9968] 01557_8f79e6b1_p65: cached
[9550/9968] 04265_9f02428e_p4: cached
[9575/9968] 00852_4c4e08fa_p11: cached
[9600/9968] 03882_e78cea7e_p57: cached
[9625/9968] 00536_d6ff66d2_p8: cached
[9650/9968] 03741_83c111d0_p26: cached
[9675/9968] 02767_7a64a8a8_p30: cached
[9700/9968] 03705_5b9cc04c_p8: cached
[9725/9968] 00699_5c53cdb2_p52: cached
[9750/9968] 03536_69598592_p7: cached
[9775/9968] 03723_01377de1_p14: cached
[9800/9968] 01200_2ab0f30d_p1: cached
[9825/9968] 02621_c6cd508e_p12: cached
[9850/9968] 04869_9f3ac4f7_p2: cached
[9875/9968] 00356_36f88b26_p58: cached
[9900/9968] 02429_9e293dc3_p40: cached
[9925/9968] 01647_c839b3be_p4: cached
[9950/9968] 03767_0085a2ca_p64: cached
[9967/9968] 04198_086bd4b5_p2: status FAILED after 33s
parsed 9967/9968; 1 errors this run
=== parse magazines-10k-pages pass 3 14:03 have 0/9968
[25/9968] 03351_4d6e9997_p1: cached
[50/9968] 01947_36fe8d3b_p136: cached
[75/9968] 02335_84e67c2e_p62: cached
[100/9968] 00825_eab758b0_p64: cached
[125/9968] 03574_4a25a202_p12: cached
[150/9968] 03961_9e8dc9d7_p12: cached
[175/9968] 04271_7a5f0e45_p8: cached
[200/9968] 03379_4078693a_p3: cached
[225/9968] 00733_6e9476c0_p2: cached
[250/9968] 03027_ffb1e321_p27: cached
[275/9968] 03187_ba25fe8a_p11: cached
[300/9968] 04635_470323bf_p72: cached
[325/9968] 04794_b76011df_p33: cached
[350/9968] 04859_62e16e6c_p19: cached
[375/9968] 02280_163faa58_p7: cached
[400/9968] 04009_6aede0db_p9: cached
[425/9968] 01557_8f79e6b1_p57: cached
[450/9968] 01374_51ac49e2_p19: cached
[475/9968] 03744_4a3f1a69_p15: cached
[500/9968] 00045_61178443_p15: cached
[525/9968] 00380_f0c98ff5_p41: cached
[550/9968] 00113_f5e547be_p5: cached
[575/9968] 01054_5df48f94_p47: cached
[600/9968] 03798_1c9bdffc_p60: cached
[625/9968] 00239_5887d6d2_p11: cached
[650/9968] 00874_475ee002_p22: cached
[675/9968] 01577_b6612df7_p4: cached
[700/9968] 00725_439455bc_p48: cached
[725/9968] 03806_2f411f83_p20: cached
[750/9968] 02845_675fdb0d_p19: cached
[775/9968] 02963_5e7b0180_p49: cached
[800/9968] 02391_224412dd_p27: cached
[825/9968] 00336_1caa4002_p32: cached
[850/9968] 02702_ddae8212_p2: cached
[875/9968] 04619_ea5307e2_p28: cached
[900/9968] 00820_2709443a_p1: cached
[925/9968] 00770_1561dfb5_p30: cached
[950/9968] 02272_05c822b4_p40: cached
[975/9968] 02413_8ce008bc_p11: cached
[1000/9968] 04836_dc7f7b05_p47: cached
[1025/9968] 00440_b1dd7a98_p95: cached
[1050/9968] 03993_d9641dfc_p1: cached
[1075/9968] 00163_936ca90d_p24: cached
[1100/9968] 04838_72faca7f_p75: cached
[1125/9968] 00999_7e8e5e7b_p4: cached
[1150/9968] 04239_a2f7eb5e_p26: cached
[1175/9968] 00746_f00f2b22_p24: cached
[1200/9968] 04041_89992f7b_p16: cached
[1225/9968] 02887_d408bf0e_p2: cached
[1250/9968] 02496_f7b31a64_p35: cached
[1275/9968] 00273_cdf95ba7_p13: cached
[1300/9968] 03691_db7ae6ec_p4: cached
[1325/9968] 04799_bf622863_p52: cached
[1350/9968] 01400_8aa2894d_p67: cached
[1375/9968] 02952_42bd36c9_p8: cached
[1400/9968] 00981_b0124c08_p12: cached
[1425/9968] 01881_400fbac2_p36: cached
[1450/9968] 01283_b12bcc0a_p9: cached
[1475/9968] 00853_ce60383b_p58: cached
[1500/9968] 00044_8f720280_p3: cached
[1525/9968] 04708_6b8c3065_p3: cached
[1550/9968] 03529_cafeb690_p70: cached
[1575/9968] 03697_fd8c4e82_p18: cached
[1600/9968] 01791_a44d6d3f_p1: cached
[1625/9968] 04068_3c2813a8_p12: cached
[1650/9968] 04903_76ebb16d_p7: cached
[1675/9968] 04634_33ad46bc_p21: cached
[1700/9968] 01513_c24f41a5_p36: cached
[1725/9968] 00142_6d9bcbb5_p8: cached
[1750/9968] 03693_666a8359_p19: cached
[1775/9968] 03612_7a810d8b_p12: cached
[1800/9968] 04270_32aaaaf7_p44: cached
[1825/9968] 02519_8f268714_p3: cached
[1850/9968] 01432_ec54f7b1_p48: cached
[1875/9968] 01449_aecfc4b0_p24: cached
[1900/9968] 01668_bad70633_p50: cached
[1925/9968] 04569_f0334c03_p15: cached
[1950/9968] 01659_5f6d2e70_p28: cached
[1975/9968] 02340_5640bcd5_p2: cached
[2000/9968] 03137_c0553b72_p29: cached
[2025/9968] 04928_956808b0_p29: cached
[2050/9968] 01914_8294823b_p2: cached
[2075/9968] 01326_3216ca3e_p13: cached
[2100/9968] 04960_46fb0d63_p9: cached
[2125/9968] 01080_ff00966e_p46: cached
[2150/9968] 00591_2e124743_p56: cached
[2175/9968] 02148_d8f9eb56_p29: cached
[2200/9968] 02748_1df4cfc0_p19: cached
[2225/9968] 02833_2ad0732d_p11: cached
[2250/9968] 00410_c575625e_p36: cached
[2275/9968] 00435_1967fa61_p5: cached
[2300/9968] 04199_982a1eab_p47: cached
[2325/9968] 00911_35cd5d5a_p36: cached
[2350/9968] 03357_6bf92521_p11: cached
[2375/9968] 00374_3d1cd67a_p72: cached
[2400/9968] 03706_e2f06c54_p17: cached
[2425/9968] 03447_7bb0868d_p6: cached
[2450/9968] 04184_46b34a15_p2: cached
[2475/9968] 04997_59833977_p38: cached
[2500/9968] 04776_959bf8fb_p3: cached
[2525/9968] 02366_4e83142e_p1: cached
[2550/9968] 03906_d6fb8aa0_p45: cached
[2575/9968] 01408_1d293b0b_p25: cached
[2600/9968] 02400_c145754e_p2: cached
[2625/9968] 03032_27fc4382_p16: cached
[2650/9968] 01535_c5e83bdb_p10: cached
[2675/9968] 02447_5f065c14_p42: cached
[2700/9968] 02762_6488ae84_p11: cached
[2725/9968] 01644_438b3bca_p44: cached
[2750/9968] 03927_7f4c140f_p55: cached
[2775/9968] 01946_bbdb92d7_p17: cached
[2800/9968] 01263_f795c177_p68: cached
[2825/9968] 03441_d907c8b3_p37: cached
[2850/9968] 04534_6c050aec_p48: cached
[2875/9968] 02280_163faa58_p9: cached
[2900/9968] 00674_f9f51d6d_p12: cached
[2925/9968] 00148_9f5aaab0_p28: cached
[2950/9968] 00228_bd02a702_p12: cached
[2975/9968] 03473_f3e7e08b_p17: cached
[3000/9968] 04313_02e2e0cc_p2: cached
[3025/9968] 02389_6d2928fe_p14: cached
[3050/9968] 02897_0faf15fb_p4: cached
[3075/9968] 02975_54b18861_p24: cached
[3100/9968] 04515_c15213d4_p3: cached
[3125/9968] 04709_1e89f351_p3: cached
[3150/9968] 03773_604aea6a_p74: cached
[3175/9968] 04556_95e9b5ba_p25: cached
[3200/9968] 01119_f7555711_p28: cached
[3225/9968] 00849_6cf424fc_p103: cached
[3250/9968] 02070_c369a2ac_p16: cached
[3275/9968] 04618_2835f165_p16: cached
[3300/9968] 03043_b0f59241_p24: cached
[3325/9968] 00222_047ae5ec_p53: cached
[3350/9968] 02590_3c29150e_p32: cached
[3375/9968] 01752_b6759a0a_p41: cached
[3400/9968] 03812_b432f7f1_p16: cached
[3425/9968] 01720_363009b5_p3: cached
[3450/9968] 04388_303eda7e_p2: cached
[3475/9968] 02412_993d3adf_p21: cached
[3500/9968] 03155_d0ad4908_p2: cached
[3525/9968] 00032_29f48dc3_p48: cached
[3550/9968] 02681_56e3f6cc_p21: cached
[3575/9968] 01753_fef559f1_p2: cached
[3600/9968] 00971_a362bfb5_p23: cached
[3625/9968] 00521_4e99d95e_p5: cached
[3650/9968] 01945_2a7aaf5b_p13: cached
[3675/9968] 00558_2c471ee0_p6: cached
[3700/9968] 04663_d44480b8_p4: cached
[3725/9968] 01457_3831735e_p25: cached
[3750/9968] 00759_b71d70a1_p15: cached
[3775/9968] 04013_d50ee6cd_p100: cached
[3800/9968] 02398_4a8a0497_p1: cached
[3825/9968] 00073_51414075_p33: cached
[3850/9968] 02692_c4b4d370_p6: cached
[3875/9968] 00005_619da92c_p24: cached
[3900/9968] 03566_0a13b802_p2: cached
[3925/9968] 02643_8e25736e_p16: cached
[3950/9968] 00209_650c3a34_p1: cached
[3975/9968] 02541_bf22ffed_p15: cached
[4000/9968] 02286_26a27c96_p14: cached
[4025/9968] 01783_0f800a52_p19: cached
[4050/9968] 02542_51bb3df2_p70: cached
[4075/9968] 03286_b2d30924_p2: cached
[4100/9968] 03581_042cb4d7_p15: cached
[4125/9968] 00787_e4c69922_p12: cached
[4150/9968] 03071_6fbf1ef0_p3: cached
[4175/9968] 02126_29f11de0_p1: cached
[4200/9968] 03056_9699f79c_p8: cached
[4225/9968] 03925_6f27b5ba_p18: cached
[4250/9968] 03348_0df5446b_p5: cached
[4275/9968] 01900_5652786a_p3: cached
[4300/9968] 02827_68438e8c_p59: cached
[4325/9968] 00199_afb3f909_p41: cached
[4350/9968] 02208_b727ec29_p74: cached
[4375/9968] 02467_a1918a59_p20: cached
[4400/9968] 04188_ab636700_p20: cached
[4425/9968] 00885_b0e69eaa_p3: cached
[4450/9968] 00605_b050ad78_p21: cached
[4475/9968] 01868_a9a464da_p22: cached
[4500/9968] 01621_7bc56fa7_p6: cached
[4525/9968] 02515_a9492475_p37: cached
[4550/9968] 00411_6b996aff_p42: cached
[4575/9968] 01237_65d33ad5_p44: cached
[4600/9968] 00152_c5bd2ebc_p27: cached
[4625/9968] 03407_2b2ded3f_p1: cached
[4650/9968] 01188_728fa611_p71: cached
[4675/9968] 01889_1d786f87_p25: cached
[4700/9968] 04810_70c8d223_p30: cached
[4725/9968] 04790_e96a2284_p63: cached
[4750/9968] 02635_286e2f1f_p68: cached
[4775/9968] 00801_905f0bd2_p4: cached
[4800/9968] 00580_4102e157_p12: cached
[4825/9968] 04133_c2f8e96f_p6: cached
[4850/9968] 03872_5e61e11a_p11: cached
[4875/9968] 03978_c1dd7540_p13: cached
[4900/9968] 01352_b1ea9848_p5: cached
[4925/9968] 04522_6b26c779_p2: cached
[4950/9968] 02063_ba80aba6_p39: cached
[4975/9968] 01749_261f712b_p28: cached
[5000/9968] 03483_973f4209_p20: cached
[5025/9968] 04576_21c6bbaa_p28: cached
[5050/9968] 02219_70cfad05_p21: cached
[5075/9968] 03942_dc4524d6_p5: cached
[5100/9968] 02214_92c11823_p11: cached
[5125/9968] 04606_e18e6dfc_p49: cached
[5150/9968] 03745_dee8ed49_p45: cached
[5175/9968] 01675_297aeba6_p67: cached
[5200/9968] 03547_48ff6b55_p4: cached
[5225/9968] 03552_a0647490_p63: cached
[5250/9968] 03640_ba1fbdc5_p6: cached
[5275/9968] 04282_a2fa1e58_p7: cached
[5300/9968] 03215_123b51e7_p4: cached
[5325/9968] 01013_7743578e_p32: cached
[5350/9968] 01666_8809ec7a_p46: cached
[5375/9968] 02145_b7388d87_p3: cached
[5400/9968] 01015_23a83160_p46: cached
[5425/9968] 04331_64590610_p56: cached
[5450/9968] 00317_52b8791d_p15: cached
[5475/9968] 02599_8cbc7b6c_p24: cached
[5500/9968] 04266_a2808b89_p2: cached
[5525/9968] 04669_aec135bb_p7: cached
[5550/9968] 01883_78748027_p9: cached
[5575/9968] 04950_4ae7b823_p26: cached
[5600/9968] 03615_bcd84ed8_p19: cached
[5625/9968] 03768_487f4707_p24: cached
[5650/9968] 00134_be4700db_p7: cached
[5675/9968] 04484_ca6ee4b8_p26: cached
[5700/9968] 04355_4965ae1f_p27: cached
[5725/9968] 01167_8fa595d3_p1: cached
[5750/9968] 01589_03bf5bb8_p8: cached
[5775/9968] 03794_922fbfd3_p21: cached
[5800/9968] 02460_63fc9964_p68: cached
[5825/9968] 00029_f890340d_p9: cached
[5850/9968] 01293_57c4533d_p8: cached
[5875/9968] 04796_b007f325_p45: cached
[5900/9968] 03103_01c1d7d1_p2: cached
[5925/9968] 03030_221d6790_p85: cached
[5950/9968] 00186_a26185a4_p31: cached
[5975/9968] 04903_76ebb16d_p5: cached
[6000/9968] 03522_31026dc3_p27: cached
[6025/9968] 04120_28afb59c_p4: cached
[6050/9968] 03696_acce16ed_p4: cached
[6075/9968] 04952_a40b153b_p36: cached
[6100/9968] 04097_d4d28128_p34: cached
[6125/9968] 01241_740df25e_p9: cached
[6150/9968] 04799_bf622863_p67: cached
[6175/9968] 04642_14b9f3fd_p32: cached
[6200/9968] 00566_2415d7e6_p22: cached
[6225/9968] 02527_0871bd55_p8: cached
[6250/9968] 04514_4c3a217c_p3: cached
[6275/9968] 01706_a14fc80b_p40: cached
[6300/9968] 04616_a215cd6d_p87: cached
[6325/9968] 03118_5e70e907_p23: cached
[6350/9968] 04079_5ea972ce_p2: cached
[6375/9968] 03565_1b5b7d63_p158: cached
[6400/9968] 00747_68a1462c_p34: cached
[6425/9968] 02085_a8e5ace2_p45: cached
[6450/9968] 00471_35e5f570_p2: cached
[6475/9968] 02273_d685601b_p39: cached
[6500/9968] 04274_7090a653_p52: cached
[6525/9968] 01128_a2b2a0fe_p17: cached
[6550/9968] 04473_82415326_p21: cached
[6575/9968] 04256_4e9941e3_p4: cached
[6600/9968] 01887_7f1567d5_p5: cached
[6625/9968] 01824_1e9b6550_p2: cached
[6650/9968] 02118_59ad5ada_p44: cached
[6675/9968] 02720_20b16e76_p11: cached
[6700/9968] 00419_0095cd78_p1: cached
[6725/9968] 02309_37b6a857_p9: cached
[6750/9968] 00036_5acf4133_p11: cached
[6775/9968] 01319_957239e2_p1: cached
[6800/9968] 04989_fbab87fe_p191: cached
[6825/9968] 04803_85db57fa_p34: cached
[6850/9968] 00428_c1b39f70_p18: cached
[6875/9968] 00493_e89f0542_p38: cached
[6900/9968] 04494_9cd857f8_p116: cached
[6925/9968] 02359_b2ec63c7_p154: cached
[6950/9968] 03054_c93daf34_p25: cached
[6975/9968] 00787_e4c69922_p2: cached
[7000/9968] 04775_157cd4ef_p11: cached
[7025/9968] 04121_ef0979aa_p16: cached
[7050/9968] 01515_49898389_p5: cached
[7075/9968] 00855_1e6bd33e_p16: cached
[7100/9968] 04451_e752d148_p10: cached
[7125/9968] 03708_1643b8e3_p62: cached
[7150/9968] 01279_da1ee44c_p5: cached
[7175/9968] 01827_d9503caa_p79: cached
[7200/9968] 00567_eb8d9fd8_p31: cached
[7225/9968] 04900_c2fa3350_p1: cached
[7250/9968] 01659_5f6d2e70_p14: cached
[7275/9968] 01683_d3b6c908_p2: cached
[7300/9968] 02608_f94b72b4_p21: cached
[7325/9968] 01907_0db34e06_p29: cached
[7350/9968] 01465_fe1f298e_p25: cached
[7375/9968] 04532_2c701f25_p6: cached
[7400/9968] 04006_f4418d90_p20: cached
[7425/9968] 02020_f2af1863_p8: cached
[7450/9968] 04356_11509e9a_p2: cached
[7475/9968] 03972_fb214e1b_p50: cached
[7500/9968] 02451_1acaf261_p34: cached
[7525/9968] 00879_d10066a0_p26: cached
[7550/9968] 04163_34e427b8_p78: cached
[7575/9968] 03666_c6b9f5b3_p73: cached
[7600/9968] 04106_aede6f43_p13: cached
[7625/9968] 02992_efd2d85a_p6: cached
[7650/9968] 00672_b8ab8d9f_p156: cached
[7675/9968] 02138_373957c8_p28: cached
[7700/9968] 03463_7a47ec7f_p2: cached
[7725/9968] 03498_7cd997e0_p6: cached
[7750/9968] 04755_0253ce3b_p12: cached
[7775/9968] 03982_dda371bd_p1: cached
[7800/9968] 00192_e32e1786_p6: cached
[7825/9968] 01424_3a7787f2_p34: cached
[7850/9968] 03260_8d17c03e_p2: cached
[7875/9968] 01664_037e11fb_p13: cached
[7900/9968] 00462_6e8fe1be_p1: cached
[7925/9968] 00546_ed31b1eb_p42: cached
[7950/9968] 00490_06db6ca9_p1: cached
[7975/9968] 03354_4e6c5d42_p116: cached
[8000/9968] 02220_97db3357_p34: cached
[8025/9968] 00228_bd02a702_p2: cached
[8050/9968] 00765_81fe0c91_p12: cached
[8075/9968] 00519_a3db3b8a_p7: cached
[8100/9968] 03223_49780e83_p29: cached
[8125/9968] 02062_8d90e824_p27: cached
[8150/9968] 02556_98310438_p22: cached
[8175/9968] 04027_47abd6d7_p5: cached
[8200/9968] 05003_06dfe8c5_p145: cached
[8225/9968] 01103_e889bdf7_p2: cached
[8250/9968] 02049_44005260_p40: cached
[8275/9968] 02828_14474045_p56: cached
[8300/9968] 02212_093e8b1a_p4: cached
[8325/9968] 03067_37e22655_p7: cached
[8350/9968] 02310_cb67ec38_p46: cached
[8375/9968] 03219_148176a5_p10: cached
[8400/9968] 02517_5c1c498e_p8: cached
[8425/9968] 03316_725e51c5_p5: cached
[8450/9968] 02656_f11ac46b_p22: cached
[8475/9968] 03259_a5837fa1_p29: cached
[8500/9968] 04626_8eef9952_p18: cached
[8525/9968] 04746_83b1e4cf_p69: cached
[8550/9968] 02737_a4aefad1_p101: cached
[8575/9968] 02881_196e8696_p20: cached
[8600/9968] 00316_1112af57_p50: cached
[8625/9968] 03773_604aea6a_p111: cached
[8650/9968] 01866_9cea5f61_p42: cached
[8675/9968] 00609_e98f32aa_p18: cached
[8700/9968] 02241_cf2ca466_p66: cached
[8725/9968] 04754_6dd082de_p66: cached
[8750/9968] 04033_29ffe7f2_p23: cached
[8775/9968] 04269_93660b4b_p36: cached
[8800/9968] 00120_b0d07885_p4: cached
[8825/9968] 01337_8488bfce_p53: cached
[8850/9968] 00253_cf60e2de_p58: cached
[8875/9968] 02538_b2ea2df2_p1: cached
[8900/9968] 00627_58e23250_p47: cached
[8925/9968] 00023_028a1057_p5: cached
[8950/9968] 04855_1fb2d352_p41: cached
[8975/9968] 04173_f58c72e4_p18: cached
[9000/9968] 00984_4e6a18b9_p24: cached
[9025/9968] 03347_2e3c51cc_p59: cached
[9050/9968] 03008_cec14137_p102: cached
[9075/9968] 02507_ebac303e_p39: cached
[9100/9968] 00807_bd8e6b43_p37: cached
[9125/9968] 01011_f570fc25_p23: cached
[9150/9968] 04631_e83dd5f2_p53: cached
[9175/9968] 01601_503af2b1_p48: cached
[9200/9968] 00569_7d719d0a_p10: cached
[9225/9968] 04890_777e42a2_p1: cached
[9250/9968] 02037_005ffd1b_p26: cached
[9275/9968] 02542_51bb3df2_p8: cached
[9300/9968] 02550_335e81cf_p7: cached
[9325/9968] 00389_9180bbbc_p4: cached
[9350/9968] 02954_864920d5_p3: cached
[9375/9968] 01635_6d3afe38_p3: cached
[9400/9968] 02263_1cbefc65_p33: cached
[9425/9968] 00467_c0f4c12a_p103: cached
[9450/9968] 02927_02d20a4b_p6: cached
[9475/9968] 02868_2e2c9d69_p1: cached
[9500/9968] 00100_1beb326b_p1: cached
[9525/9968] 00026_4125e934_p6: cached
[9550/9968] 02620_f034e3ac_p94: cached
[9575/9968] 02041_2dc1931a_p5: cached
[9600/9968] 04241_63e6912c_p25: cached
[9625/9968] 00487_e6bc5549_p21: cached
[9650/9968] 00281_ff87e5ac_p31: cached
[9675/9968] 00851_a9bc2969_p4: cached
[9700/9968] 03203_281a93a0_p2: cached
[9725/9968] 04935_0695362c_p9: cached
[9750/9968] 00797_caf1e1a6_p29: cached
[9775/9968] 03849_95b78893_p14: cached
[9800/9968] 04817_820690d3_p75: cached
[9825/9968] 04726_d99c70ee_p19: cached
[9850/9968] 01954_9f03afa7_p58: cached
[9875/9968] 00715_ad47f7c7_p1: cached
[9900/9968] 01412_9c52e4ca_p1: cached
[9925/9968] 03124_10761bcf_p12: cached
[9950/9968] 03728_6e6389d2_p42: cached
[9968/9968] 04198_086bd4b5_p2: status FAILED after 31s
parsed 9967/9968; 1 errors this run
=== parse magazines-10k-pages pass 4 14:08 have 0/9968
[25/9968] 01085_75353387_p37: cached
[50/9968] 02601_d13cc57d_p4: cached
[75/9968] 04322_bd99176a_p7: cached
[100/9968] 00526_3af2fb01_p3: cached
[125/9968] 04239_a2f7eb5e_p26: cached
[150/9968] 04790_e96a2284_p30: cached
[175/9968] 03267_6dc7a6b6_p5: cached
[200/9968] 04245_3994c8ce_p12: cached
[225/9968] 04234_8e20f2ae_p1: cached
[250/9968] 01179_41461cf8_p2: cached
[275/9968] 01450_ac3b3d91_p16: cached
[300/9968] 02880_42e184de_p35: cached
[325/9968] 00837_967f8c16_p4: cached
[350/9968] 03788_4911c3f6_p23: cached
[375/9968] 03817_ec38b70a_p13: cached
[400/9968] 03359_eebcd71c_p123: cached
[425/9968] 00640_3165c4c2_p23: cached
[450/9968] 00588_60be43db_p15: cached
[475/9968] 01525_40a15213_p1: cached
[500/9968] 02882_22ad91ca_p49: cached
[525/9968] 01649_7713f08c_p31: cached
[550/9968] 03180_64cd1fb0_p1: cached
[575/9968] 04405_1c239cee_p11: cached
[600/9968] 02502_f91717ce_p6: cached
[625/9968] 02999_4605eec8_p87: cached
[650/9968] 00814_8f6625f0_p81: cached
[675/9968] 02753_3b9104b4_p100: cached
[700/9968] 03825_6cdae90f_p6: cached
[725/9968] 04071_db00fa93_p19: cached
[750/9968] 04170_eafd5198_p14: cached
[775/9968] 01530_55ccb1ff_p2: cached
[800/9968] 02991_55209c11_p13: cached
[825/9968] 03947_374a764e_p12: cached
[850/9968] 03742_9559008d_p30: cached
[875/9968] 04458_ae7f3939_p1: cached
[900/9968] 03122_bf105a17_p12: cached
[925/9968] 01784_ad0f82c1_p28: cached
[950/9968] 02532_9421b770_p28: cached
[975/9968] 03568_0e312ab7_p21: cached
[1000/9968] 04357_6fc6da47_p19: cached
[1025/9968] 00825_eab758b0_p64: cached
[1050/9968] 01787_686b9378_p41: cached
[1075/9968] 02528_4f2d2da6_p11: cached
[1100/9968] 03527_6cb3f12b_p1: cached
[1125/9968] 04364_88ebb3aa_p29: cached
[1150/9968] 03124_10761bcf_p8: cached
[1175/9968] 02812_4da5cb64_p3: cached
[1200/9968] 02929_79b17266_p109: cached
[1225/9968] 03978_c1dd7540_p53: cached
[1250/9968] 00796_69b04401_p6: cached
[1275/9968] 01389_be42e5eb_p4: cached
[1300/9968] 02748_1df4cfc0_p19: cached
[1325/9968] 00620_45aa75c8_p58: cached
[1350/9968] 00717_3230c275_p24: cached
[1375/9968] 00169_e900ead3_p38: cached
[1400/9968] 02559_cfabb76d_p29: cached
[1425/9968] 04247_101fbb42_p7: cached
[1450/9968] 02792_5134a1d8_p35: cached
[1475/9968] 02685_b57f45f1_p26: cached
[1500/9968] 00232_e5c8a3a0_p2: cached
[1525/9968] 02089_fb9fd540_p13: cached
[1550/9968] 04877_bfb9b473_p43: cached
[1575/9968] 04243_29795eeb_p13: cached
[1600/9968] 01668_bad70633_p50: cached
[1625/9968] 02478_e6118828_p9: cached
[1650/9968] 02611_f5685852_p4: cached
[1675/9968] 01746_04514c09_p29: cached
[1700/9968] 01896_ed0ad38c_p13: cached
[1725/9968] 04588_dc7d3f22_p12: cached
[1750/9968] 01565_a215e9b9_p114: cached
[1775/9968] 00442_49fed4ba_p5: cached
[1800/9968] 02452_8fce48aa_p89: cached
[1825/9968] 02090_f179f9bf_p5: cached
[1850/9968] 01644_438b3bca_p32: cached
[1875/9968] 02683_0b5ff401_p52: cached
[1900/9968] 02444_80817913_p117: cached
[1925/9968] 03225_1f24d5b5_p1: cached
[1950/9968] 04459_efc6da98_p11: cached
[1975/9968] 02373_fb61bcd4_p12: cached
[2000/9968] 03820_b2d6b878_p46: cached
[2025/9968] 00835_7e3d2ae1_p24: cached
[2050/9968] 02388_2483925b_p35: cached
[2075/9968] 03857_f2e336bd_p13: cached
[2100/9968] 01117_2c0faed2_p17: cached
[2125/9968] 03097_0c779294_p42: cached
[2150/9968] 01620_bba4303b_p16: cached
[2175/9968] 03789_df7ebf85_p58: cached
[2200/9968] 01817_6825e305_p60: cached
[2225/9968] 01042_10a7328d_p10: cached
[2250/9968] 02434_58178437_p3: cached
[2275/9968] 02513_d55e35b3_p14: cached
[2300/9968] 01025_1ed9e6f1_p258: cached
[2325/9968] 04035_e1fe66dc_p99: cached
[2350/9968] 04316_6c5a2952_p12: cached
[2375/9968] 03286_b2d30924_p6: cached
[2400/9968] 00451_83df172b_p29: cached
[2425/9968] 01743_3c2f7c2e_p29: cached
[2450/9968] 02224_7f794d85_p5: cached
[2475/9968] 01533_3345c18f_p9: cached
[2500/9968] 04648_e61d561f_p19: cached
[2525/9968] 02232_d82b9eb7_p62: cached
[2550/9968] 00102_5982be10_p29: cached
[2575/9968] 02337_202512f7_p58: cached
[2600/9968] 00196_da218603_p1: cached
[2625/9968] 02094_ed738144_p31: cached
[2650/9968] 01612_bbe81baf_p1: cached
[2675/9968] 02363_b7b517f8_p7: cached
[2700/9968] 04027_47abd6d7_p2: cached
[2725/9968] 04897_28923182_p71: cached
[2750/9968] 03828_b5bded8b_p36: cached
[2775/9968] 02860_b482fdf9_p21: cached
[2800/9968] 01160_5d808836_p6: cached
[2825/9968] 04012_0a6f5c6a_p34: cached
[2850/9968] 01216_08ffe7ff_p33: cached
[2875/9968] 04592_5bdcad37_p5: cached
[2900/9968] 00583_c62125cb_p5: cached
[2925/9968] 04706_7b388b03_p9: cached
[2950/9968] 04766_74af34ee_p9: cached
[2975/9968] 00079_837e22fe_p3: cached
[3000/9968] 01666_8809ec7a_p33: cached
[3025/9968] 00334_ff3aad55_p10: cached
[3050/9968] 02807_37ef10ff_p32: cached
[3075/9968] 02436_daddb0ff_p23: cached
[3100/9968] 02310_cb67ec38_p22: cached
[3125/9968] 00274_12324706_p15: cached
[3150/9968] 01377_56a89bcc_p22: cached
[3175/9968] 00231_217fd321_p25: cached
[3200/9968] 02070_c369a2ac_p16: cached
[3225/9968] 02991_55209c11_p9: cached
[3250/9968] 00281_ff87e5ac_p12: cached
[3275/9968] 03648_32d3ae62_p32: cached
[3300/9968] 01516_9401161c_p64: cached
[3325/9968] 00832_7c6b1cf8_p11: cached
[3350/9968] 02703_b8191fbf_p7: cached
[3375/9968] 00704_cf957270_p180: cached
[3400/9968] 01484_eecd1bca_p56: cached
[3425/9968] 04847_032c2b1a_p70: cached
[3450/9968] 03551_2e918cc9_p76: cached
[3475/9968] 00681_7e63b767_p93: cached
[3500/9968] 01267_abf4332d_p10: cached
[3525/9968] 04150_a968175f_p16: cached
[3550/9968] 04048_df207dff_p10: cached
[3575/9968] 00073_51414075_p36: cached
[3600/9968] 03109_7db4ad75_p2: cached
[3625/9968] 02701_b3ee31df_p19: cached
[3650/9968] 04148_a15019ca_p2: cached
[3675/9968] 01007_546d2b5a_p36: cached
[3700/9968] 01046_79bd0f21_p62: cached
[3725/9968] 00260_52347054_p18: cached
[3750/9968] 02821_859cc3cd_p3: cached
[3775/9968] 00858_1916857f_p52: cached
[3800/9968] 03216_512bb034_p80: cached
[3825/9968] 01185_5db3f883_p40: cached
[3850/9968] 00163_936ca90d_p27: cached
[3875/9968] 00482_c7aa0245_p2: cached
[3900/9968] 01315_2fda2263_p2: cached
[3925/9968] 02140_b69b57f3_p1: cached
[3950/9968] 00824_d4b4d8ee_p5: cached
[3975/9968] 00911_35cd5d5a_p116: cached
[4000/9968] 03068_0263824c_p13: cached
[4025/9968] 04208_b11f8b3d_p47: cached
[4050/9968] 03296_5f7e618c_p114: cached
[4075/9968] 04603_f61e4156_p4: cached
[4100/9968] 01873_8e350222_p32: cached
[4125/9968] 02051_80de7481_p23: cached
[4150/9968] 01109_fa45aaf8_p19: cached
[4175/9968] 00656_e3673469_p46: cached
[4200/9968] 02070_c369a2ac_p3: cached
[4225/9968] 04444_685ad6fb_p15: cached
[4250/9968] 03979_c6c05bd4_p11: cached
[4275/9968] 03390_6234f05f_p105: cached
[4300/9968] 02931_5c228b62_p13: cached
[4325/9968] 03785_44e61fbf_p6: cached
[4350/9968] 04987_a954f714_p18: cached
[4375/9968] 00801_905f0bd2_p3: cached
[4400/9968] 04868_206dc2ad_p9: cached
[4425/9968] 00141_beaa4245_p11: cached
[4450/9968] 01949_b7088634_p4: cached
[4475/9968] 03926_419d6a77_p47: cached
[4500/9968] 04956_88d4eff0_p9: cached
[4525/9968] 03474_a36e63dc_p27: cached
[4550/9968] 00145_601a17cd_p46: cached
[4575/9968] 01709_7da68051_p4: cached
[4600/9968] 02832_aec4c799_p1: cached
[4625/9968] 03907_a90b727a_p1: cached
[4650/9968] 02305_fa4c8742_p60: cached
[4675/9968] 00311_45e3b362_p14: cached
[4700/9968] 03495_0d1a7b53_p20: cached
[4725/9968] 04698_88936816_p4: cached
[4750/9968] 03679_7cd46304_p7: cached
[4775/9968] 01687_fb21ae63_p7: cached
[4800/9968] 01818_f2f0994b_p1: cached
[4825/9968] 00315_37e54f10_p72: cached
[4850/9968] 04948_f582e6ad_p9: cached
[4875/9968] 03215_123b51e7_p7: cached
[4900/9968] 01775_9afb26a4_p29: cached
[4925/9968] 04300_2f554fac_p5: cached
[4950/9968] 03531_720d5a4f_p1: cached
[4975/9968] 00513_e7909333_p64: cached
[5000/9968] 01561_6b84e940_p22: cached
[5025/9968] 01818_f2f0994b_p2: cached
[5050/9968] 04902_937c2eca_p21: cached
[5075/9968] 03714_c34cbb90_p6: cached
[5100/9968] 04348_548f3a9f_p41: cached
[5125/9968] 00798_3793682c_p46: cached
[5150/9968] 03245_a19d2729_p10: cached
[5175/9968] 00687_9a236d1a_p7: cached
[5200/9968] 03009_36f7c7bc_p28: cached
[5225/9968] 03519_1efbc651_p3: cached
[5250/9968] 01956_71747b02_p100: cached
[5275/9968] 03860_de173bc3_p17: cached
[5300/9968] 01948_593500c5_p2: cached
[5325/9968] 00550_7a7389dd_p52: cached
[5350/9968] 03111_4bec5c18_p6: cached
[5375/9968] 03651_d8326f4f_p9: cached
[5400/9968] 00072_0d48eae3_p14: cached
[5425/9968] 02386_0043a5e5_p4: cached
[5450/9968] 03811_c56c9424_p4: cached
[5475/9968] 00512_db680954_p24: cached
[5500/9968] 04305_956ccad0_p14: cached
[5525/9968] 03957_d1f33bc5_p44: cached
[5550/9968] 03350_64188496_p19: cached
[5575/9968] 04334_ea431961_p68: cached
[5600/9968] 01063_1d9a1b57_p9: cached
[5625/9968] 04120_28afb59c_p3: cached
[5650/9968] 01668_bad70633_p38: cached
[5675/9968] 04001_bc8a2294_p6: cached
[5700/9968] 03332_47ce85b2_p1: cached
[5725/9968] 02839_9a9ee4e9_p15: cached
[5750/9968] 01937_c612dd49_p264: cached
[5775/9968] 03960_42feaa28_p47: cached
[5800/9968] 01130_0089016e_p6: cached
[5825/9968] 04259_31c25eb2_p23: cached
[5850/9968] 03735_3310d67b_p7: cached
[5875/9968] 02123_3d3734aa_p23: cached
[5900/9968] 02570_fd03763d_p6: cached
[5925/9968] 02995_2b2365b4_p45: cached
[5950/9968] 02906_b4751ea4_p341: cached
[5975/9968] 04395_e1ed1b3a_p6: cached
[6000/9968] 02135_e90e800b_p9: cached
[6025/9968] 04761_a9af0a03_p33: cached
[6050/9968] 04884_18dba4a0_p4: cached
[6075/9968] 00585_1b7acf8f_p16: cached
[6100/9968] 02721_37e6a6f8_p9: cached
[6125/9968] 01465_fe1f298e_p25: cached
[6150/9968] 00643_2ef0fe23_p15: cached
[6175/9968] 01043_280765cb_p34: cached
[6200/9968] 02309_37b6a857_p5: cached
[6225/9968] 03066_69042859_p25: cached
[6250/9968] 01639_40985ee4_p4: cached
[6275/9968] 03035_72fe2f2b_p57: cached
[6300/9968] 01860_7a221792_p19: cached
[6325/9968] 00667_c69b2125_p114: cached
[6350/9968] 00962_50a4f15a_p23: cached
[6375/9968] 04775_157cd4ef_p18: cached
[6400/9968] 01502_e80529cd_p1: cached
[6425/9968] 00712_db126909_p5: cached
[6450/9968] 03699_f0ce4d39_p2: cached
[6475/9968] 03955_3abd8be8_p28: cached
[6500/9968] 04900_c2fa3350_p1: cached
[6525/9968] 03856_f2eeb98f_p22: cached
[6550/9968] 03468_d989e392_p9: cached
[6575/9968] 00518_c6d10418_p16: cached
[6600/9968] 00057_c15f18f8_p23: cached
[6625/9968] 04248_7326417e_p14: cached
[6650/9968] 04983_5bb11f97_p99: cached
[6675/9968] 03268_b92449da_p1: cached
[6700/9968] 01509_3f4505c7_p13: cached
[6725/9968] 04720_99891b83_p11: cached
[6750/9968] 02247_1153f6b5_p50: cached
[6775/9968] 00415_2f8fcf45_p49: cached
[6800/9968] 00112_16025548_p99: cached
[6825/9968] 03494_3d7e2cc0_p4: cached
[6850/9968] 04726_d99c70ee_p49: cached
[6875/9968] 00250_f98dd8c8_p5: cached
[6900/9968] 00199_afb3f909_p40: cached
[6925/9968] 04813_7986247d_p6: cached
[6950/9968] 00977_2f6fafd3_p50: cached
[6975/9968] 00866_3bb3d280_p41: cached
[7000/9968] 03555_e121b5c1_p13: cached
[7025/9968] 04451_e752d148_p14: cached
[7050/9968] 01008_f222b9ac_p47: cached
[7075/9968] 01606_3f145c39_p6: cached
[7100/9968] 00117_785ad9af_p23: cached
[7125/9968] 04171_19041cb9_p99: cached
[7150/9968] 04789_bc0ae915_p1: cached
[7175/9968] 01517_e7f06d01_p14: cached
[7200/9968] 02729_94f05911_p90: cached
[7225/9968] 00862_9588a001_p1: cached
[7250/9968] 00961_bcc71bad_p4: cached
[7275/9968] 04462_c0793449_p14: cached
[7300/9968] 01598_8016c0e1_p10: cached
[7325/9968] 02096_df4cf15c_p64: cached
[7350/9968] 04733_2260da67_p4: cached
[7375/9968] 04116_dd2a7089_p64: cached
[7400/9968] 04335_0e28cda8_p8: cached
[7425/9968] 01149_77a6adcb_p1: cached
[7450/9968] 02334_85db60eb_p17: cached
[7475/9968] 03308_beabf8bc_p62: cached
[7500/9968] 03455_c61a50cc_p2: cached
[7525/9968] 03486_b1476804_p22: cached
[7550/9968] 02344_395aef9c_p10: cached
[7575/9968] 01709_7da68051_p7: cached
[7600/9968] 02151_42ee6ba5_p43: cached
[7625/9968] 03354_4e6c5d42_p116: cached
[7650/9968] 04275_3927d1b6_p5: cached
[7675/9968] 01126_4c04ff9f_p14: cached
[7700/9968] 03788_4911c3f6_p18: cached
[7725/9968] 04155_d0b1b474_p8: cached
[7750/9968] 03607_028a4b6a_p2: cached
[7775/9968] 04380_d3bb95a0_p5: cached
[7800/9968] 04038_1374d0fc_p53: cached
[7825/9968] 02865_98f3526d_p57: cached
[7850/9968] 03763_b75c1ec2_p42: cached
[7875/9968] 01493_02f14d81_p25: cached
[7900/9968] 04815_38d662bc_p3: cached
[7925/9968] 02725_c69885c8_p52: cached
[7950/9968] 03228_0f991981_p45: cached
[7975/9968] 02906_b4751ea4_p346: cached
[8000/9968] 03817_ec38b70a_p12: cached
[8025/9968] 01369_0adfa41b_p20: cached
[8050/9968] 03374_b98ba390_p260: cached
[8075/9968] 03150_e6326a10_p1: cached
[8100/9968] 00546_ed31b1eb_p50: cached
[8125/9968] 00794_6b6df956_p6: cached
[8150/9968] 02296_546d17ee_p23: cached
[8175/9968] 02951_9c202d32_p65: cached
[8200/9968] 02104_18679ae4_p70: cached
[8225/9968] 00214_540f42d6_p10: cached
[8250/9968] 02350_a3aff0e2_p1: cached
[8275/9968] 02739_e5c7fa89_p15: cached
[8300/9968] 03899_e205ede6_p23: cached
[8325/9968] 01169_66296020_p8: cached
[8350/9968] 01129_a6593e46_p1: cached
[8375/9968] 04651_cf28c207_p20: cached
[8400/9968] 03081_5393fc7c_p41: cached
[8425/9968] 01428_548a6449_p12: cached
[8450/9968] 01474_4dd385cc_p153: cached
[8475/9968] 02246_e7e4be3d_p189: cached
[8500/9968] 02310_cb67ec38_p46: cached
[8525/9968] 01901_1ea0dbb2_p62: cached
[8550/9968] 01926_6e79ed21_p56: cached
[8575/9968] 01944_f97975ff_p14: cached
[8600/9968] 03350_64188496_p21: cached
[8625/9968] 02261_27103177_p20: cached
[8650/9968] 01028_82b3d143_p9: cached
[8675/9968] 00065_42847512_p18: cached
[8700/9968] 01205_ec9d47ab_p19: cached
[8725/9968] 00760_d8e4f62a_p2: cached
[8750/9968] 02481_4f403edb_p2: cached
[8775/9968] 00809_affe0163_p11: cached
[8800/9968] 00710_1f4a87d2_p43: cached
[8825/9968] 00422_a8c897b5_p92: cached
[8850/9968] 00389_9180bbbc_p4: cached
[8875/9968] 02436_daddb0ff_p7: cached
[8900/9968] 04788_310a3e7b_p30: cached
[8925/9968] 02814_b8cf1ab6_p16: cached
[8950/9968] 03538_68aed490_p28: cached
[8975/9968] 01257_46f90a9c_p40: cached
[9000/9968] 03084_e91b0bb9_p26: cached
[9025/9968] 00461_fdb3c02a_p23: cached
[9050/9968] 02633_32df8f26_p26: cached
[9075/9968] 01354_aa78e7d4_p4: cached
[9100/9968] 03950_d25facb5_p131: cached
[9125/9968] 03694_fd8c2323_p41: cached
[9150/9968] 04998_fc124561_p3: cached
[9175/9968] 00719_4fed5fab_p14: cached
[9200/9968] 00984_4e6a18b9_p24: cached
[9225/9968] 01199_e3288d86_p11: cached
[9250/9968] 02591_7903639f_p40: cached
[9275/9968] 02411_4078ab62_p4: cached
[9300/9968] 00973_dab06131_p2: cached
[9325/9968] 04721_bced8c1e_p6: cached
[9350/9968] 00386_afd143d4_p13: cached
[9375/9968] 00784_0f6166e7_p9: cached
[9400/9968] 03347_2e3c51cc_p100: cached
[9425/9968] 01370_d77969b9_p4: cached
[9450/9968] 03740_cf1bcb1a_p17: cached
[9475/9968] 01648_4fca4b36_p30: cached
[9500/9968] 01231_22875931_p4: cached
[9525/9968] 03175_03c28264_p2: cached
[9550/9968] 01916_d816b8b5_p1: cached
[9575/9968] 02600_eced2e2a_p71: cached
[9600/9968] 00616_8db104bd_p22: cached
[9625/9968] 02682_c39a5672_p1: cached
[9650/9968] 02012_ddfbb99e_p15: cached
[9675/9968] 03900_c83cfe71_p14: cached
[9700/9968] 00125_0e57f33b_p10: cached
[9725/9968] 00122_bb9ed9ed_p52: cached
[9750/9968] 01906_3c609702_p16: cached
[9775/9968] 02712_20da9148_p1: cached
[9800/9968] 03915_3aa1ff09_p19: cached
[9825/9968] 02724_0479b146_p124: cached
[9850/9968] 00850_b5690a70_p2: cached
[9875/9968] 00401_b0c8ce9a_p6: cached
[9900/9968] 00467_c0f4c12a_p103: cached
[9925/9968] 00716_e681186e_p49: cached
[9950/9968] 01002_cd89d8ee_p48: cached
[9968/9968] 04198_086bd4b5_p2: status FAILED after 31s
parsed 9967/9968; 1 errors this run
=== parse magazines-10k-pages pass 5 14:14 have 0/9968
[25/9968] 00571_0119164a_p7: cached
[50/9968] 04273_af9f7b21_p31: cached
[75/9968] 01653_df8f40f1_p87: cached
[100/9968] 02916_3faa8866_p3: cached
[125/9968] 03817_ec38b70a_p13: cached
[150/9968] 04557_3b8b81a3_p18: cached
[175/9968] 04711_f9436008_p6: cached
[200/9968] 04114_963bead2_p19: cached
[225/9968] 02637_fe37c6ed_p14: cached
[250/9968] 00586_6c9593dd_p5: cached
[275/9968] 03803_168750ef_p34: cached
[300/9968] 03492_57eee189_p2: cached
[325/9968] 02381_76df33e9_p34: cached
[350/9968] 02271_c0dbcd98_p4: cached
[375/9968] 02440_9fbc842b_p99: cached
[400/9968] 01755_06dcbd26_p9: cached
[425/9968] 04449_56a2d86b_p5: cached
[450/9968] 03366_d2b6b4d9_p29: cached
[475/9968] 03854_62ac018c_p19: cached
[500/9968] 00452_9926557c_p29: cached
[525/9968] 01560_23690a64_p11: cached
[550/9968] 03497_2789945f_p3: cached
[575/9968] 02710_e95a3f40_p4: cached
[600/9968] 02163_5508cf13_p34: cached
[625/9968] 01786_1fd12266_p19: cached
[650/9968] 03435_4a1ada5f_p48: cached
[675/9968] 01154_cc48a017_p56: cached
[700/9968] 00420_ae611ed2_p12: cached
[725/9968] 00296_720d8ef7_p29: cached
[750/9968] 01951_80e3aff5_p60: cached
[775/9968] 03027_ffb1e321_p45: cached
[800/9968] 02291_08bcdba8_p3: cached
[825/9968] 04707_c18860f9_p4: cached
[850/9968] 01241_740df25e_p8: cached
[875/9968] 03445_8fbc1a42_p3: cached
[900/9968] 03465_28045ae3_p62: cached
[925/9968] 04041_89992f7b_p16: cached
[950/9968] 03168_75b2ed77_p6: cached
[975/9968] 03030_221d6790_p78: cached
[1000/9968] 01938_c9721bb7_p1: cached
[1025/9968] 01332_80c549ff_p5: cached
[1050/9968] 02611_f5685852_p4: cached
[1075/9968] 00820_2709443a_p1: cached
[1100/9968] 03464_c0d0eecf_p72: cached
[1125/9968] 01603_2f9a7b2c_p329: cached
[1150/9968] 02683_0b5ff401_p52: cached
[1175/9968] 04178_40ed783a_p5: cached
[1200/9968] 03221_0fe98ab5_p37: cached
[1225/9968] 03514_bd781424_p5: cached
[1250/9968] 03371_17b3a568_p36: cached
[1275/9968] 04654_a8875996_p3: cached
[1300/9968] 01977_83065b24_p25: cached
[1325/9968] 03325_5cfed1c7_p79: cached
[1350/9968] 00872_c62518ed_p2: cached
[1375/9968] 00014_d5d6acfc_p42: cached
[1400/9968] 00931_02b062eb_p7: cached
[1425/9968] 00015_3e83efcd_p25: cached
[1450/9968] 00057_c15f18f8_p4: cached
[1475/9968] 04340_45fd0f24_p12: cached
[1500/9968] 03499_9f9c2673_p13: cached
[1525/9968] 01627_9acb3ea9_p24: cached
[1550/9968] 02388_2483925b_p35: cached
[1575/9968] 01590_8b83b731_p55: cached
[1600/9968] 03551_2e918cc9_p69: cached
[1625/9968] 00686_54c993e3_p56: cached
[1650/9968] 03195_ec6c8284_p63: cached
[1675/9968] 00826_3ce558f2_p31: cached
[1700/9968] 03022_259d040f_p37: cached
[1725/9968] 03180_64cd1fb0_p1: cached
[1750/9968] 02205_6657cd03_p38: cached
[1775/9968] 03705_5b9cc04c_p24: cached
[1800/9968] 00991_f12045f2_p2: cached
[1825/9968] 04036_1d927a64_p204: cached
[1850/9968] 03870_fb5e3190_p149: cached
[1875/9968] 03771_1d8cefcc_p22: cached
[1900/9968] 01773_72d62b73_p3: cached
[1925/9968] 00127_45bba588_p22: cached
[1950/9968] 03614_935a1012_p5: cached
[1975/9968] 02106_1f461bcf_p13: cached
[2000/9968] 04007_8470b6d5_p13: cached
[2025/9968] 03267_6dc7a6b6_p7: cached
[2050/9968] 03088_8643561c_p96: cached
[2075/9968] 01440_f4b73423_p47: cached
[2100/9968] 01471_1da92fa2_p4: cached
[2125/9968] 03626_98d2ce29_p83: cached
[2150/9968] 04501_98295c3c_p27: cached
[2175/9968] 00640_3165c4c2_p23: cached
[2200/9968] 01085_75353387_p37: cached
[2225/9968] 00344_058a44c9_p4: cached
[2250/9968] 04215_f99b8941_p7: cached
[2275/9968] 02705_9e20c5df_p44: cached
[2300/9968] 04629_0063ab31_p9: cached
[2325/9968] 00337_e6ae8899_p9: cached
[2350/9968] 02897_0faf15fb_p15: cached
[2375/9968] 03810_6ef56baa_p54: cached
[2400/9968] 01313_bc556a9b_p67: cached
[2425/9968] 02014_0c1e9391_p5: cached
[2450/9968] 00125_0e57f33b_p12: cached
[2475/9968] 04045_8b20e630_p6: cached
[2500/9968] 02052_f09e82d6_p7: cached
[2525/9968] 04184_46b34a15_p2: cached
[2550/9968] 02854_585cf6f4_p72: cached
[2575/9968] 00646_8f46be95_p20: cached
[2600/9968] 04882_b097a3d3_p5: cached
[2625/9968] 04812_125e6b47_p206: cached
[2650/9968] 04912_2ddbda64_p8: cached
[2675/9968] 03409_0de45260_p1: cached
[2700/9968] 04447_9bdc1119_p15: cached
[2725/9968] 03605_3ab1e0c2_p17: cached
[2750/9968] 01535_c5e83bdb_p10: cached
[2775/9968] 02649_cec20981_p72: cached
[2800/9968] 02826_8fd2e0de_p10: cached
[2825/9968] 03068_0263824c_p1: cached
[2850/9968] 04302_8dc2fc49_p9: cached
[2875/9968] 04651_cf28c207_p11: cached
[2900/9968] 04709_1e89f351_p3: cached
[2925/9968] 01453_265277c9_p25: cached
[2950/9968] 01054_5df48f94_p33: cached
[2975/9968] 03961_9e8dc9d7_p15: cached
[3000/9968] 00434_f3e74131_p10: cached
[3025/9968] 02310_cb67ec38_p22: cached
[3050/9968] 01450_ac3b3d91_p14: cached
[3075/9968] 01178_420e29a1_p32: cached
[3100/9968] 00663_f1b09041_p11: cached
[3125/9968] 02969_142ea2dc_p3: cached
[3150/9968] 02821_859cc3cd_p14: cached
[3175/9968] 00759_b71d70a1_p24: cached
[3200/9968] 01920_4b4ed395_p12: cached
[3225/9968] 01535_c5e83bdb_p12: cached
[3250/9968] 01147_a50f6021_p3: cached
[3275/9968] 04769_81689441_p46: cached
[3300/9968] 01092_860eb43c_p18: cached
[3325/9968] 00149_4a3b5974_p28: cached
[3350/9968] 04660_681a970b_p18: cached
[3375/9968] 04960_46fb0d63_p6: cached
[3400/9968] 01150_731894f1_p19: cached
[3425/9968] 00906_2a2ec544_p23: cached
[3450/9968] 03562_33cb5534_p1: cached
[3475/9968] 04934_c4c8ff8c_p8: cached
[3500/9968] 03181_48a4073b_p87: cached
[3525/9968] 00971_a362bfb5_p23: cached
[3550/9968] 01584_2591e8b3_p12: cached
[3575/9968] 00107_d52ddb21_p10: cached
[3600/9968] 01442_edf0034f_p14: cached
[3625/9968] 01885_f41cb590_p19: cached
[3650/9968] 01443_ee09a875_p29: cached
[3675/9968] 00325_7689dced_p14: cached
[3700/9968] 01062_557939bc_p68: cached
[3725/9968] 04534_6c050aec_p46: cached
[3750/9968] 04850_2a0eff08_p16: cached
[3775/9968] 02449_d3fc668f_p33: cached
[3800/9968] 02358_52f1ffef_p3: cached
[3825/9968] 00441_2a3a56fc_p27: cached
[3850/9968] 01808_d6e6ed36_p120: cached
[3875/9968] 00340_5fa763ab_p14: cached
[3900/9968] 02059_313f68a3_p5: cached
[3925/9968] 00424_a4d6af9a_p13: cached
[3950/9968] 01725_a300a66d_p8: cached
[3975/9968] 01184_031046ea_p6: cached
[4000/9968] 04933_0e87d440_p3: cached
[4025/9968] 03077_69879dd1_p47: cached
[4050/9968] 01833_976291ae_p13: cached
[4075/9968] 04633_ea5c0e5a_p61: cached
[4100/9968] 00055_b04fad05_p19: cached
[4125/9968] 04108_5ab7493f_p50: cached
[4150/9968] 03995_483b2ceb_p21: cached
[4175/9968] 00076_66685cc4_p34: cached
[4200/9968] 04147_558aad06_p14: cached
[4225/9968] 04498_42d49905_p2: cached
[4250/9968] 04032_775d92f0_p8: cached
[4275/9968] 02038_7de99757_p19: cached
[4300/9968] 01975_33aa03f6_p51: cached
[4325/9968] 00693_584bef7b_p6: cached
[4350/9968] 02441_5cdc77dd_p10: cached
[4375/9968] 01902_b9f7365d_p10: cached
[4400/9968] 02795_a650f7a4_p46: cached
[4425/9968] 00030_ee257dd4_p1: cached
[4450/9968] 01984_ff8dc1e0_p4: cached
[4475/9968] 03712_09b4e422_p39: cached
[4500/9968] 02967_7efbbe36_p1: cached
[4525/9968] 02475_4b30aa7e_p4: cached
[4550/9968] 02673_db087442_p27: cached
[4575/9968] 01188_728fa611_p71: cached
[4600/9968] 00141_beaa4245_p11: cached
[4625/9968] 02666_75b2e6a0_p12: cached
[4650/9968] 02461_9552f21c_p1: cached
[4675/9968] 03269_a340595d_p51: cached
[4700/9968] 01670_ee9734ca_p37: cached
[4725/9968] 02832_aec4c799_p1: cached
[4750/9968] 01221_aed4f51f_p11: cached
[4775/9968] 00801_905f0bd2_p4: cached
[4800/9968] 04845_dca42760_p3: cached
[4825/9968] 02109_e76ac974_p5: cached
[4850/9968] 01648_4fca4b36_p25: cached
[4875/9968] 03978_c1dd7540_p13: cached
[4900/9968] 01352_b1ea9848_p5: cached
[4925/9968] 00903_e3e3f736_p72: cached
[4950/9968] 04715_0e9a0621_p11: cached
[4975/9968] 04074_ed6606ca_p25: cached
[5000/9968] 01520_80a68b6e_p4: cached
[5025/9968] 01815_79ff60ea_p13: cached
[5050/9968] 03435_4a1ada5f_p59: cached
[5075/9968] 01288_178679cc_p67: cached
[5100/9968] 03546_870ed553_p30: cached
[5125/9968] 03537_be2c12d7_p28: cached
[5150/9968] 03649_f8af1fad_p2: cached
[5175/9968] 03552_a0647490_p63: cached
[5200/9968] 01528_dae80a51_p60: cached
[5225/9968] 01043_280765cb_p7: cached
[5250/9968] 01428_548a6449_p10: cached
[5275/9968] 02802_c6a79b3c_p17: cached
[5300/9968] 00098_769976b7_p47: cached
[5325/9968] 03368_7a8907b5_p45: cached
[5350/9968] 01666_8809ec7a_p46: cached
[5375/9968] 00709_37b0d4ba_p6: cached
[5400/9968] 01731_728e9c11_p43: cached
[5425/9968] 04909_221cf3e2_p14: cached
[5450/9968] 04268_2248e348_p21: cached
[5475/9968] 03141_aa2b59b6_p1: cached
[5500/9968] 01703_ceeefafe_p33: cached
[5525/9968] 00817_4ca206bd_p22: cached
[5550/9968] 01422_474d7c6d_p11: cached
[5575/9968] 01209_b58c2ec8_p9: cached
[5600/9968] 00851_a9bc2969_p3: cached
[5625/9968] 00011_e04efa7a_p1: cached
[5650/9968] 00361_32bc2707_p39: cached
[5675/9968] 00725_439455bc_p45: cached
[5700/9968] 03584_353e5f6e_p8: cached
[5725/9968] 04684_1a896951_p12: cached
[5750/9968] 02152_f57abca6_p18: cached
[5775/9968] 02482_1f82b9f3_p14: cached
[5800/9968] 04628_888892a5_p1: cached
[5825/9968] 03123_6a382e03_p62: cached
[5850/9968] 04896_e0528500_p47: cached
[5875/9968] 03162_65367bf7_p17: cached
[5900/9968] 04182_6fdd9af3_p15: cached
[5925/9968] 04573_73764a49_p15: cached
[5950/9968] 01071_ec858623_p110: cached
[5975/9968] 01407_4ef08d8d_p9: cached
[6000/9968] 04146_3e2194c5_p24: cached
[6025/9968] 02244_608db3b9_p14: cached
[6050/9968] 01290_5e267135_p6: cached
[6075/9968] 00953_68eb6ee4_p114: cached
[6100/9968] 04829_da77f7f1_p2: cached
[6125/9968] 00736_23f8af01_p40: cached
[6150/9968] 02687_28814075_p48: cached
[6175/9968] 00085_5e953a9e_p33: cached
[6200/9968] 04687_0e40328d_p45: cached
[6225/9968] 02308_c0f06b71_p36: cached
[6250/9968] 02984_62c3797e_p32: cached
[6275/9968] 01068_9bc9c4df_p28: cached
[6300/9968] 04290_d3ad42df_p1: cached
[6325/9968] 04134_c20d360e_p42: cached
[6350/9968] 03334_6e05c12a_p22: cached
[6375/9968] 01639_40985ee4_p4: cached
[6400/9968] 03637_cf4af7a3_p9: cached
[6425/9968] 04539_db8dfdef_p38: cached
[6450/9968] 00213_0ebe1d6f_p55: cached
[6475/9968] 02706_79cd7a1c_p20: cached
[6500/9968] 00986_a877d4c3_p1: cached
[6525/9968] 02938_a3a6b7aa_p9: cached
[6550/9968] 04305_956ccad0_p26: cached
[6575/9968] 02115_c786eac8_p4: cached
[6600/9968] 01321_7f82ecea_p25: cached
[6625/9968] 00328_38327e4f_p7: cached
[6650/9968] 04061_708f9eea_p49: cached
[6675/9968] 03288_a4940f4b_p2: cached
[6700/9968] 02375_c58c2c8d_p11: cached
[6725/9968] 04813_7986247d_p6: cached
[6750/9968] 01300_89510ad7_p12: cached
[6775/9968] 02353_d6379e8d_p11: cached
[6800/9968] 01248_0cc4c22a_p115: cached
[6825/9968] 01119_f7555711_p31: cached
[6850/9968] 01121_b06ad9e7_p71: cached
[6875/9968] 00479_4ac34586_p13: cached
[6900/9968] 02704_3a723603_p111: cached
[6925/9968] 04052_71116e8f_p27: cached
[6950/9968] 03669_5dcc6ff3_p1: cached
[6975/9968] 00067_4820063e_p8: cached
[7000/9968] 01122_94b40b83_p52: cached
[7025/9968] 04549_dcaeaed4_p23: cached
[7050/9968] 02615_a9b7d34d_p6: cached
[7075/9968] 04783_0702c637_p10: cached
[7100/9968] 04451_e752d148_p10: cached
[7125/9968] 03708_1643b8e3_p62: cached
[7150/9968] 04307_87552e5a_p16: cached
[7175/9968] 01517_e7f06d01_p14: cached
[7200/9968] 04837_99721ba1_p7: cached
[7225/9968] 03721_64936a17_p27: cached
[7250/9968] 04902_937c2eca_p2: cached
[7275/9968] 04121_ef0979aa_p16: cached
[7300/9968] 00750_9c871162_p2: cached
[7325/9968] 04061_708f9eea_p39: cached
[7350/9968] 04792_c2199efd_p1: cached
[7375/9968] 02488_0e2d9f3b_p26: cached
[7400/9968] 04187_ba9a466a_p8: cached
[7425/9968] 03746_08604bbe_p5: cached
[7450/9968] 04438_8334ffdf_p31: cached
[7475/9968] 00206_a6bccfcb_p69: cached
[7500/9968] 02900_6c2c2b30_p28: cached
[7525/9968] 00399_781ed53a_p117: cached
[7550/9968] 01036_3120742e_p6: cached
[7575/9968] 04062_4fef361f_p2: cached
[7600/9968] 03477_a5ad1b78_p5: cached
[7625/9968] 03327_4de0370a_p27: cached
[7650/9968] 02675_0f90486c_p39: cached
[7675/9968] 03640_ba1fbdc5_p14: cached
[7700/9968] 03354_4e6c5d42_p99: cached
[7725/9968] 03498_7cd997e0_p6: cached
[7750/9968] 04755_0253ce3b_p12: cached
[7775/9968] 03982_dda371bd_p1: cached
[7800/9968] 00192_e32e1786_p6: cached
[7825/9968] 01584_2591e8b3_p9: cached
[7850/9968] 01022_5771f39d_p3: cached
[7875/9968] 04599_f042b1b3_p3: cached
[7900/9968] 03766_20f68e65_p2: cached
[7925/9968] 00658_1f01bda6_p81: cached
[7950/9968] 04917_9973c4c7_p5: cached
[7975/9968] 04060_14e1415c_p1: cached
[8000/9968] 02098_137ad3c5_p35: cached
[8025/9968] 01270_c8318a20_p10: cached
[8050/9968] 00047_83648cd2_p53: cached
[8075/9968] 00175_daadca43_p24: cached
[8100/9968] 04322_bd99176a_p27: cached
[8125/9968] 00176_cf6ec9cf_p11: cached
[8150/9968] 01207_7b349807_p9: cached
[8175/9968] 04207_26f4cbff_p7: cached
[8200/9968] 03718_1a505293_p29: cached
[8225/9968] 04409_898ede88_p11: cached
[8250/9968] 03842_5ef6de72_p15: cached
[8275/9968] 02412_993d3adf_p51: cached
[8300/9968] 00756_1133ba4b_p11: cached
[8325/9968] 02815_d54b7aa9_p5: cached
[8350/9968] 02904_2efc77d6_p20: cached
[8375/9968] 02226_9c5b3416_p10: cached
[8400/9968] 05016_ce4a7ce1_p7: cached
[8425/9968] 04649_3214553e_p11: cached
[8450/9968] 00644_fe66625e_p63: cached
[8475/9968] 00371_478d8f2a_p6: cached
[8500/9968] 03893_11508b13_p22: cached
[8525/9968] 02153_dfcc7ac6_p13: cached
[8550/9968] 00332_6175cbd3_p64: cached
[8575/9968] 03710_5b78451e_p23: cached
[8600/9968] 00731_45d556a6_p46: cached
[8625/9968] 01792_89c8006d_p15: cached
[8650/9968] 02913_452e3fe5_p16: cached
[8675/9968] 02808_a1c70b69_p22: cached
[8700/9968] 04234_8e20f2ae_p4: cached
[8725/9968] 03899_e205ede6_p23: cached
[8750/9968] 02842_7b621d1e_p48: cached
[8775/9968] 00616_8db104bd_p4: cached
[8800/9968] 00680_dca3938f_p98: cached
[8825/9968] 00674_f9f51d6d_p15: cached
[8850/9968] 00739_e054b9c4_p65: cached
[8875/9968] 04130_8bbce475_p94: cached
[8900/9968] 03608_f46e1023_p140: cached
[8925/9968] 04653_55413c3e_p95: cached
[8950/9968] 03469_b637a53b_p38: cached
[8975/9968] 00555_943c569f_p35: cached
[9000/9968] 00541_24731402_p3: cached
[9025/9968] 03347_2e3c51cc_p59: cached
[9050/9968] 03198_c3b28a25_p68: cached
[9075/9968] 03298_745e0f13_p18: cached
[9100/9968] 03350_64188496_p21: cached
[9125/9968] 01300_89510ad7_p9: cached
[9150/9968] 00072_0d48eae3_p39: cached
[9175/9968] 02071_dfe77e50_p38: cached
[9200/9968] 03725_2e9a6fef_p31: cached
[9225/9968] 02224_7f794d85_p83: cached
[9250/9968] 01252_51023bcc_p55: cached
[9275/9968] 03634_e51a0e22_p2: cached
[9300/9968] 00450_805386d9_p83: cached
[9325/9968] 04880_50caed0a_p7: cached
[9350/9968] 01099_8a0f5b8b_p3: cached
[9375/9968] 03072_85d47e07_p57: cached
[9400/9968] 01187_34656bfd_p7: cached
[9425/9968] 04999_4e51fe34_p3: cached
[9450/9968] 04251_0f4cdc7c_p56: cached
[9475/9968] 04265_9f02428e_p4: cached
[9500/9968] 01538_a6cffc74_p5: cached
[9525/9968] 00797_caf1e1a6_p29: cached
[9550/9968] 01538_a6cffc74_p36: cached
[9575/9968] 03326_7f56b2f2_p5: cached
[9600/9968] 03047_8a3b1605_p46: cached
[9625/9968] 04965_fc5fe2e9_p36: cached
[9650/9968] 00699_5c53cdb2_p52: cached
[9675/9968] 04430_f3dbe139_p47: cached
[9700/9968] 00108_1a33e93e_p17: cached
[9725/9968] 04853_db209602_p58: cached
[9750/9968] 02396_ab1352d1_p77: cached
[9775/9968] 02679_8199ad45_p21: cached
[9800/9968] 00356_36f88b26_p58: cached
[9825/9968] 04725_5b3e4909_p20: cached
[9850/9968] 00696_0dd43c73_p9: cached
[9875/9968] 01397_35e61e02_p68: cached
[9900/9968] 03364_1e6ba993_p4: cached
[9925/9968] 02285_fb0c8525_p21: cached
[9950/9968] 02755_e3a99da3_p15: cached
[9968/9968] 04198_086bd4b5_p2: status FAILED after 31s
parsed 9967/9968; 1 errors this run
=== parse magazines-10k-pages pass 6 14:20 have 0/9968
[25/9968] 00417_1ffff5e4_p55: cached
[50/9968] 02182_ff27a310_p4: cached
[75/9968] 00501_a2f3df2a_p57: cached
[100/9968] 03074_44aca2e1_p17: cached
[125/9968] 03771_1d8cefcc_p22: cached
[150/9968] 01496_f747119c_p26: cached
[175/9968] 00272_77c2bc08_p1: cached
[200/9968] 03645_d07a2372_p1: cached
[225/9968] 01816_1839c696_p71: cached
[250/9968] 00267_fa1fd907_p18: cached
[275/9968] 01345_748af6f5_p73: cached
[300/9968] 01303_e81c05ae_p18: cached
[325/9968] 03740_cf1bcb1a_p11: cached
[350/9968] 01194_1139196c_p37: cached
[375/9968] 02348_e3f1c755_p10: cached
[400/9968] 01339_02eb1197_p38: cached
[425/9968] 03363_90305600_p3: cached
[450/9968] 04837_99721ba1_p21: cached
[475/9968] 01820_c2f79728_p1: cached
[500/9968] 02510_0456c72f_p56: cached
[525/9968] 01971_c4e6970b_p18: cached
[550/9968] 04517_e89b0395_p41: cached
[575/9968] 03320_3c226097_p30: cached
[600/9968] 01576_0feffde8_p10: cached
[625/9968] 01803_d5495198_p64: cached
[650/9968] 03681_cef7b8fc_p4: cached
[675/9968] 00559_afa8c6b4_p24: cached
[700/9968] 03417_0ee529a2_p53: cached
[725/9968] 03183_c86810bb_p1: cached
[750/9968] 03240_8c850438_p88: cached
[775/9968] 02503_f59fdc55_p56: cached
[800/9968] 04239_a2f7eb5e_p26: cached
[825/9968] 00296_720d8ef7_p29: cached
[850/9968] 00523_fc853066_p45: cached
[875/9968] 01711_33d09116_p49: cached
[900/9968] 02048_0107d1a1_p28: cached
[925/9968] 01582_e3f21771_p37: cached
[950/9968] 01566_cd886d0b_p9: cached
[975/9968] 01140_06a7926b_p9: cached
[1000/9968] 01368_0593bba5_p7: cached
[1025/9968] 02685_b57f45f1_p26: cached
[1050/9968] 00058_ddb390d7_p15: cached
[1075/9968] 03370_a3715706_p2: cached
[1100/9968] 01375_29ae5204_p5: cached
[1125/9968] 00947_761a3be8_p48: cached
[1150/9968] 04241_63e6912c_p19: cached
[1175/9968] 01509_3f4505c7_p12: cached
[1200/9968] 01285_5bb4853e_p5: cached
[1225/9968] 00322_59d7b2d1_p61: cached
[1250/9968] 03467_f3464338_p5: cached
[1275/9968] 04449_56a2d86b_p5: cached
[1300/9968] 00021_99d5b533_p15: cached
[1325/9968] 04357_6fc6da47_p42: cached
[1350/9968] 02382_01be97a0_p1: cached
[1375/9968] 00187_c7a97d54_p14: cached
[1400/9968] 04056_8919b933_p46: cached
[1425/9968] 00295_c08438da_p64: cached
[1450/9968] 04520_270c39f2_p24: cached
[1475/9968] 04654_a8875996_p3: cached
[1500/9968] 03149_9d82022b_p51: cached
[1525/9968] 00766_e988d497_p14: cached
[1550/9968] 04058_8a8fdd45_p56: cached
[1575/9968] 04264_bceda285_p89: cached
[1600/9968] 04799_bf622863_p52: cached
[1625/9968] 00057_c15f18f8_p4: cached
[1650/9968] 03879_7177bdb2_p24: cached
[1675/9968] 04588_dc7d3f22_p12: cached
[1700/9968] 04368_8a60fe63_p1: cached
[1725/9968] 03928_72681224_p42: cached
[1750/9968] 02978_863cb5c3_p14: cached
[1775/9968] 00587_9eae38ea_p23: cached
[1800/9968] 04794_b76011df_p33: cached
[1825/9968] 04188_ab636700_p11: cached
[1850/9968] 02361_6d849d7c_p9: cached
[1875/9968] 02164_42ffae4a_p13: cached
[1900/9968] 01104_89ebe47e_p8: cached
[1925/9968] 01316_df769dd7_p2: cached
[1950/9968] 01741_544756db_p13: cached
[1975/9968] 02178_56b5a351_p56: cached
[2000/9968] 01620_bba4303b_p16: cached
[2025/9968] 01125_891fa4bb_p22: cached
[2050/9968] 01417_5d38994d_p14: cached
[2075/9968] 02222_7332fca8_p99: cached
[2100/9968] 01400_8aa2894d_p67: cached
[2125/9968] 00640_3165c4c2_p23: cached
[2150/9968] 03752_c2179a85_p41: cached
[2175/9968] 00470_39e150fc_p74: cached
[2200/9968] 02426_525c65c9_p4: cached
[2225/9968] 00328_38327e4f_p5: cached
[2250/9968] 00717_3230c275_p28: cached
[2275/9968] 02199_93bd02b9_p38: cached
[2300/9968] 02780_9f0eb8de_p2: cached
[2325/9968] 03664_c0de912a_p9: cached
[2350/9968] 02450_77466dec_p12: cached
[2375/9968] 04275_3927d1b6_p1: cached
[2400/9968] 02445_f5a9b4f8_p6: cached
[2425/9968] 00645_7fb08a0b_p27: cached
[2450/9968] 01777_26c4e6da_p16: cached
[2475/9968] 00985_f11fd4db_p22: cached
[2500/9968] 02100_bb8e2c61_p82: cached
[2525/9968] 04253_6263adfc_p58: cached
[2550/9968] 03256_0f347536_p16: cached
[2575/9968] 00723_6748a4df_p1: cached
[2600/9968] 03976_fdc534ac_p3: cached
[2625/9968] 01421_bd209691_p149: cached
[2650/9968] 00250_f98dd8c8_p23: cached
[2675/9968] 00950_6ed5296c_p90: cached
[2700/9968] 04447_9bdc1119_p15: cached
[2725/9968] 03605_3ab1e0c2_p17: cached
[2750/9968] 02547_1effe9fa_p7: cached
[2775/9968] 01737_3640861e_p2: cached
[2800/9968] 00261_7e35b23c_p9: cached
[2825/9968] 00951_d70474ac_p25: cached
[2850/9968] 03408_05ba0e5e_p28: cached
[2875/9968] 01558_07b83984_p62: cached
[2900/9968] 04709_1e89f351_p3: cached
[2925/9968] 02034_6bf82e0c_p1: cached
[2950/9968] 04302_8dc2fc49_p9: cached
[2975/9968] 02225_1e2bf94b_p58: cached
[3000/9968] 01033_460cd057_p2: cached
[3025/9968] 03227_2b3e151a_p33: cached
[3050/9968] 02529_b18a22e0_p6: cached
[3075/9968] 00079_837e22fe_p5: cached
[3100/9968] 04005_c228d344_p1: cached
[3125/9968] 03726_e41dd64b_p32: cached
[3150/9968] 03254_21793c22_p21: cached
[3175/9968] 01745_11fc5c98_p1: cached
[3200/9968] 04592_5bdcad37_p36: cached
[3225/9968] 01714_41c7083f_p19: cached
[3250/9968] 03725_2e9a6fef_p84: cached
[3275/9968] 04921_f6c23829_p44: cached
[3300/9968] 03778_93cca408_p9: cached
[3325/9968] 04191_7c00f415_p2: cached
[3350/9968] 01444_5f57314c_p1: cached
[3375/9968] 04847_032c2b1a_p70: cached
[3400/9968] 01378_fc5c0e34_p90: cached
[3425/9968] 04922_8ed7db98_p27: cached
[3450/9968] 04917_9973c4c7_p38: cached
[3475/9968] 03875_04c69175_p8: cached
[3500/9968] 02839_9a9ee4e9_p29: cached
[3525/9968] 03093_c11bf30b_p13: cached
[3550/9968] 00327_3ebf7c3a_p28: cached
[3575/9968] 02866_ecba1a04_p19: cached
[3600/9968] 01426_a7688354_p2: cached
[3625/9968] 03923_f003b5ff_p17: cached
[3650/9968] 01542_fe5d65d0_p17: cached
[3675/9968] 00242_3d69b3e0_p1: cached
[3700/9968] 03005_9e83af3e_p8: cached
[3725/9968] 02439_14dc6317_p11: cached
[3750/9968] 03672_58c63669_p19: cached
[3775/9968] 00781_131efd88_p26: cached
[3800/9968] 00007_163d3f2f_p25: cached
[3825/9968] 00641_15f2b191_p203: cached
[3850/9968] 03245_a19d2729_p41: cached
[3875/9968] 02117_294dd6c8_p131: cached
[3900/9968] 01881_400fbac2_p8: cached
[3925/9968] 01195_383e91dd_p27: cached
[3950/9968] 01309_89cf3efb_p11: cached
[3975/9968] 01114_fa884abd_p8: cached
[4000/9968] 03128_adccf1a9_p72: cached
[4025/9968] 04860_12ec5413_p4: cached
[4050/9968] 01106_ddd57213_p3: cached
[4075/9968] 02595_69a4aea3_p9: cached
[4100/9968] 03789_df7ebf85_p38: cached
[4125/9968] 02506_48000166_p79: cached
[4150/9968] 02399_e2b68ab8_p82: cached
[4175/9968] 03654_373eef3a_p59: cached
[4200/9968] 01462_10315321_p90: cached
[4225/9968] 00610_7fa81c17_p4: cached
[4250/9968] 01680_3e46eeec_p1: cached
[4275/9968] 02847_e7c4507c_p3: cached
[4300/9968] 02701_b3ee31df_p15: cached
[4325/9968] 00800_3e0d5260_p3: cached
[4350/9968] 03344_62f9d6ff_p7: cached
[4375/9968] 01275_c5a4cd62_p36: cached
[4400/9968] 02074_e9a98f74_p96: cached
[4425/9968] 02006_cef0a05f_p10: cached
[4450/9968] 04098_5e81d5c3_p25: cached
[4475/9968] 04418_74d09b2e_p4: cached
[4500/9968] 03911_5d3a57c6_p26: cached
[4525/9968] 03160_96f2194a_p7: cached
[4550/9968] 03936_e200b6b7_p134: cached
[4575/9968] 01188_728fa611_p71: cached
[4600/9968] 01756_45c8e9cf_p2: cached
[4625/9968] 03167_9b769c76_p49: cached
[4650/9968] 04372_9751a66e_p32: cached
[4675/9968] 02430_16f1e7e1_p4: cached
[4700/9968] 04996_10dbe215_p66: cached
[4725/9968] 00883_1a48fa74_p13: cached
[4750/9968] 00130_40e3d740_p11: cached
[4775/9968] 03434_5475c42c_p37: cached
[4800/9968] 03293_ffb2eadf_p30: cached
[4825/9968] 00652_ca9ebaf8_p93: cached
[4850/9968] 00580_4102e157_p12: cached
[4875/9968] 00847_eecd78ed_p20: cached
[4900/9968] 03808_cf56234e_p34: cached
[4925/9968] 01931_28f61f7e_p8: cached
[4950/9968] 00612_79ad3b2f_p18: cached
[4975/9968] 04166_e4bd231b_p1: cached
[5000/9968] 03273_6d63c02e_p47: cached
[5025/9968] 00064_5b0f3a25_p31: cached
[5050/9968] 00501_a2f3df2a_p48: cached
[5075/9968] 01015_23a83160_p47: cached
[5100/9968] 01528_dae80a51_p60: cached
[5125/9968] 02456_8df0fc64_p17: cached
[5150/9968] 04656_b2cbb8b7_p56: cached
[5175/9968] 03453_661b6585_p13: cached
[5200/9968] 04544_5ae5f704_p40: cached
[5225/9968] 02393_a9c73eeb_p34: cached
[5250/9968] 03166_ca6fba52_p47: cached
[5275/9968] 03552_a0647490_p63: cached
[5300/9968] 03617_9e804bba_p15: cached
[5325/9968] 00194_bda20dbb_p101: cached
[5350/9968] 04994_34bc8ae4_p105: cached
[5375/9968] 00828_8bd7798a_p9: cached
[5400/9968] 00752_7044f286_p5: cached
[5425/9968] 00498_0311b146_p16: cached
[5450/9968] 03478_5115f534_p16: cached
[5475/9968] 04680_ffb21faf_p9: cached
[5500/9968] 01151_e21e6c6f_p30: cached
[5525/9968] 04426_ea84fa7a_p11: cached
[5550/9968] 02599_8cbc7b6c_p24: cached
[5575/9968] 04676_7ce3374e_p134: cached
[5600/9968] 01086_e2226348_p40: cached
[5625/9968] 04703_61af684b_p1: cached
[5650/9968] 03157_7435c222_p98: cached
[5675/9968] 01182_7e684953_p16: cached
[5700/9968] 03314_14ff35d5_p13: cached
[5725/9968] 00998_0ab34ec7_p58: cached
[5750/9968] 04100_7b4c98b9_p66: cached
[5775/9968] 02482_1f82b9f3_p14: cached
[5800/9968] 03927_7f4c140f_p33: cached
[5825/9968] 03685_68901889_p37: cached
[5850/9968] 03877_13ef9765_p35: cached
[5875/9968] 02302_1910b9be_p23: cached
[5900/9968] 04059_22083cce_p82: cached
[5925/9968] 02158_07fb12fa_p13: cached
[5950/9968] 04975_c912aad2_p15: cached
[5975/9968] 02563_26459c03_p125: cached
[6000/9968] 01899_bb85d1f6_p2: cached
[6025/9968] 03586_8a65bb88_p23: cached
[6050/9968] 03522_31026dc3_p27: cached
[6075/9968] 03864_9fae9e3b_p2: cached
[6100/9968] 02349_0974c50e_p1: cached
[6125/9968] 04462_c0793449_p5: cached
[6150/9968] 02788_7d5b0d7a_p116: cached
[6175/9968] 00405_5dae1f03_p5: cached
[6200/9968] 00477_7edd07b2_p52: cached
[6225/9968] 01780_befc2233_p1: cached
[6250/9968] 01070_29475cce_p1: cached
[6275/9968] 00791_3e8d5db5_p5: cached
[6300/9968] 01282_19ac5489_p31: cached
[6325/9968] 03699_f0ce4d39_p2: cached
[6350/9968] 00859_3749ad70_p13: cached
[6375/9968] 03230_5d589318_p14: cached
[6400/9968] 04023_52135927_p50: cached
[6425/9968] 01824_1e9b6550_p4: cached
[6450/9968] 00743_ce68a654_p30: cached
[6475/9968] 03790_d29a8ae9_p9: cached
[6500/9968] 03338_1f5af542_p6: cached
[6525/9968] 00231_217fd321_p53: cached
[6550/9968] 04465_27232484_p57: cached
[6575/9968] 04893_64bd9f2b_p6: cached
[6600/9968] 00919_f1601ca0_p37: cached
[6625/9968] 02664_be1791db_p23: cached
[6650/9968] 03630_310bbef7_p21: cached
[6675/9968] 01416_03cab182_p3: cached
[6700/9968] 00041_59bd634b_p24: cached
[6725/9968] 02369_74768288_p55: cached
[6750/9968] 03315_cc0ea5fe_p29: cached
[6775/9968] 02538_b2ea2df2_p2: cached
[6800/9968] 01336_df16360f_p19: cached
[6825/9968] 03667_027f3804_p2: cached
[6850/9968] 04695_9e744d66_p28: cached
[6875/9968] 00642_a5f3001c_p4: cached
[6900/9968] 04368_8a60fe63_p2: cached
[6925/9968] 00705_81b5061c_p174: cached
[6950/9968] 01261_450c46fb_p51: cached
[6975/9968] 03834_0ed887ac_p8: cached
[7000/9968] 00984_4e6a18b9_p14: cached
[7025/9968] 04897_28923182_p25: cached
[7050/9968] 04467_6a3aaa6d_p1: cached
[7075/9968] 02208_b727ec29_p38: cached
[7100/9968] 04970_d3133514_p32: cached
[7125/9968] 01040_8c15531f_p6: cached
[7150/9968] 00790_a7a607b9_p9: cached
[7175/9968] 03271_9c6821fe_p18: cached
[7200/9968] 04829_da77f7f1_p3: cached
[7225/9968] 00289_ee71b03e_p69: cached
[7250/9968] 02341_7dcfa95f_p11: cached
[7275/9968] 01932_4d1a1f3e_p4: cached
[7300/9968] 05006_0fee69fb_p28: cached
[7325/9968] 04552_aa211a00_p17: cached
[7350/9968] 02755_e3a99da3_p7: cached
[7375/9968] 01592_ec16e62b_p10: cached
[7400/9968] 00761_b045eb75_p14: cached
[7425/9968] 04879_bee4318a_p36: cached
[7450/9968] 04209_186b93dd_p51: cached
[7475/9968] 00206_a6bccfcb_p69: cached
[7500/9968] 01156_7368b45a_p2: cached
[7525/9968] 01390_71237298_p40: cached
[7550/9968] 02092_43e82239_p11: cached
[7575/9968] 03461_faf131c4_p35: cached
[7600/9968] 03477_a5ad1b78_p5: cached
[7625/9968] 03327_4de0370a_p27: cached
[7650/9968] 02675_0f90486c_p39: cached
[7675/9968] 00420_ae611ed2_p5: cached
[7700/9968] 01034_754e9a37_p8: cached
[7725/9968] 01511_a051901d_p12: cached
[7750/9968] 00021_99d5b533_p89: cached
[7775/9968] 04008_2f783964_p39: cached
[7800/9968] 01192_64aa882a_p6: cached
[7825/9968] 03666_c6b9f5b3_p73: cached
[7850/9968] 03750_e19e5c23_p1: cached
[7875/9968] 01664_037e11fb_p13: cached
[7900/9968] 00462_6e8fe1be_p1: cached
[7925/9968] 02042_f2c5201f_p52: cached
[7950/9968] 00220_6f02fe9e_p98: cached
[7975/9968] 04754_6dd082de_p66: cached
[8000/9968] 01990_40f23239_p7: cached
[8025/9968] 01331_257ac8ba_p6: cached
[8050/9968] 00765_81fe0c91_p12: cached
[8075/9968] 00519_a3db3b8a_p7: cached
[8100/9968] 03223_49780e83_p29: cached
[8125/9968] 02832_aec4c799_p15: cached
[8150/9968] 03814_01456b65_p38: cached
[8175/9968] 04027_47abd6d7_p5: cached
[8200/9968] 01848_1807daee_p131: cached
[8225/9968] 01103_e889bdf7_p2: cached
[8250/9968] 02049_44005260_p40: cached
[8275/9968] 01891_786174ea_p123: cached
[8300/9968] 02212_093e8b1a_p4: cached
[8325/9968] 00139_0bdd21ff_p33: cached
[8350/9968] 02872_268d3480_p18: cached
[8375/9968] 03219_148176a5_p10: cached
[8400/9968] 02517_5c1c498e_p8: cached
[8425/9968] 03947_374a764e_p2: cached
[8450/9968] 00967_f805bb11_p4: cached
[8475/9968] 01532_483935b6_p3: cached
[8500/9968] 03101_7d2348a9_p66: cached
[8525/9968] 01986_aeeba994_p61: cached
[8550/9968] 02777_727fa09b_p15: cached
[8575/9968] 01684_e7ab680d_p29: cached
[8600/9968] 01514_da66bd91_p10: cached
[8625/9968] 01622_01546a88_p17: cached
[8650/9968] 03246_6b3f8e7b_p16: cached
[8675/9968] 02456_8df0fc64_p18: cached
[8700/9968] 04677_b58bf956_p28: cached
[8725/9968] 00379_9b543c08_p2: cached
[8750/9968] 00641_15f2b191_p36: cached
[8775/9968] 00066_6c4187db_p25: cached
[8800/9968] 03778_93cca408_p7: cached
[8825/9968] 00965_14a17e80_p58: cached
[8850/9968] 04927_f14ea318_p7: cached
[8875/9968] 02556_98310438_p116: cached
[8900/9968] 01501_aeabf6f4_p41: cached
[8925/9968] 00666_99618eac_p32: cached
[8950/9968] 02842_7b621d1e_p39: cached
[8975/9968] 02670_4cb825c3_p21: cached
[9000/9968] 02315_a031bec6_p46: cached
[9025/9968] 01852_de07ad81_p23: cached
[9050/9968] 00397_03365f3a_p36: cached
[9075/9968] 01570_c1a51dee_p13: cached
[9100/9968] 00062_57d75f57_p7: cached
[9125/9968] 01326_3216ca3e_p11: cached
[9150/9968] 01822_2f72dfda_p69: cached
[9175/9968] 02878_d16e3244_p16: cached
[9200/9968] 03277_649f4271_p185: cached
[9225/9968] 02784_27a20213_p61: cached
[9250/9968] 04396_d12005a3_p20: cached
[9275/9968] 00611_ebc951f4_p42: cached
[9300/9968] 04793_f9e0f194_p25: cached
[9325/9968] 04500_79e243e2_p53: cached
[9350/9968] 00160_2568c569_p13: cached
[9375/9968] 01702_c7b7a6e7_p103: cached
[9400/9968] 04385_3f430dc0_p6: cached
[9425/9968] 04923_7d99380d_p12: cached
[9450/9968] 03364_1e6ba993_p4: cached
[9475/9968] 01211_eb5a57e6_p8: cached
[9500/9968] 01667_4df99ecc_p20: cached
[9525/9968] 03612_7a810d8b_p23: cached
[9550/9968] 01407_4ef08d8d_p10: cached
[9575/9968] 03623_28f18aff_p38: cached
[9600/9968] 00128_bab87b9e_p4: cached
[9625/9968] 04192_25e264f8_p7: cached
[9650/9968] 01562_4838424c_p69: cached
[9675/9968] 05001_02ccc2bf_p6: cached
[9700/9968] 04613_af15a4b6_p71: cached
[9725/9968] 03723_01377de1_p18: cached
[9750/9968] 03745_dee8ed49_p1: cached
[9775/9968] 00456_a6248f40_p17: cached
[9800/9968] 02864_e7f40858_p4: cached
[9825/9968] 00568_a50dcaa3_p34: cached
[9850/9968] 04056_8919b933_p13: cached
[9875/9968] 04635_470323bf_p22: cached
[9900/9968] 03594_dd2bbe99_p14: cached
[9925/9968] 04362_c5332d80_p36: cached
[9950/9968] 01297_366aca74_p49: cached
[9968/9968] 04198_086bd4b5_p2: status FAILED after 31s
parsed 9967/9968; 1 errors this run
=== parse magazines-10k-pages pass 7 14:25 have 0/9968
[25/9968] 01320_de3b4bfb_p7: cached
[50/9968] 04408_c782a845_p20: cached
[75/9968] 01252_51023bcc_p191: cached
[100/9968] 02984_62c3797e_p21: cached
[125/9968] 00593_1230b0a9_p9: cached
[150/9968] 00271_943105aa_p17: cached
[175/9968] 01398_32be78e4_p8: cached
[200/9968] 03358_28d1b2f0_p30: cached
[225/9968] 04140_2a49d5e9_p24: cached
[250/9968] 01817_6825e305_p66: cached
[275/9968] 04139_23f25468_p20: cached
[300/9968] 02690_c73cd2b0_p1: cached
[325/9968] 02087_001b5d3c_p23: cached
[350/9968] 04805_ca6159f0_p26: cached
[375/9968] 04654_a8875996_p3: cached
[400/9968] 03820_b2d6b878_p46: cached
[425/9968] 00606_69388575_p32: cached
[450/9968] 01617_24b43c32_p5: cached
[475/9968] 04491_fe338303_p33: cached
[500/9968] 03958_b056917e_p11: cached
[525/9968] 00856_4e41ce39_p28: cached
[550/9968] 04781_ddd0555c_p51: cached
[575/9968] 02126_29f11de0_p4: cached
[600/9968] 01047_9fa41650_p3: cached
[625/9968] 03830_29a960ba_p16: cached
[650/9968] 04380_d3bb95a0_p2: cached
[675/9968] 04162_ff668cdb_p7: cached
[700/9968] 04275_3927d1b6_p1: cached
[725/9968] 02646_ed6faab2_p6: cached
[750/9968] 04893_64bd9f2b_p2: cached
[775/9968] 04272_2b16aa28_p8: cached
[800/9968] 01478_a91ada61_p2: cached
[825/9968] 03343_63aa15bb_p24: cached
[850/9968] 01993_01862f97_p75: cached
[875/9968] 03612_7a810d8b_p12: cached
[900/9968] 04712_1b466f15_p1: cached
[925/9968] 03277_649f4271_p129: cached
[950/9968] 04442_6998e65e_p442: cached
[975/9968] 02247_1153f6b5_p61: cached
[1000/9968] 00928_61c59974_p69: cached
[1025/9968] 01973_870290a2_p20: cached
[1050/9968] 01045_03b42a49_p57: cached
[1075/9968] 01154_cc48a017_p29: cached
[1100/9968] 01772_1e3077e0_p34: cached
[1125/9968] 00532_09c65dfa_p112: cached
[1150/9968] 00079_837e22fe_p5: cached
[1175/9968] 04419_1a64bb75_p153: cached
[1200/9968] 02083_2adc38d7_p4: cached
[1225/9968] 04760_3abc08de_p5: cached
[1250/9968] 03846_1d7e8fd7_p1: cached
[1275/9968] 01366_adfae7e8_p14: cached
[1300/9968] 03154_041f6237_p36: cached
[1325/9968] 00274_12324706_p17: cached
[1350/9968] 01169_66296020_p8: cached
[1375/9968] 03420_e03ebf33_p49: cached
[1400/9968] 04157_d0f55e35_p90: cached
[1425/9968] 04092_0c25d3fe_p29: cached
[1450/9968] 01374_51ac49e2_p32: cached
[1475/9968] 00439_2f9a7997_p91: cached
[1500/9968] 01898_c78f41a9_p91: cached
[1525/9968] 02591_7903639f_p16: cached
[1550/9968] 00656_e3673469_p26: cached
[1575/9968] 04057_87dfe138_p6: cached
[1600/9968] 04312_a8902452_p59: cached
[1625/9968] 00675_1397a9d9_p20: cached
[1650/9968] 02905_cda7c852_p9: cached
[1675/9968] 00108_1a33e93e_p70: cached
[1700/9968] 01530_55ccb1ff_p2: cached
[1725/9968] 01183_cf3929d1_p91: cached
[1750/9968] 01795_ca7ef971_p32: cached
[1775/9968] 03386_0f9329da_p6: cached
[1800/9968] 00193_d841971e_p41: cached
[1825/9968] 04741_edbfa93f_p4: cached
[1850/9968] 00926_b685b0ab_p51: cached
[1875/9968] 00958_2f777177_p44: cached
[1900/9968] 03917_dd6a3d4c_p57: cached
[1925/9968] 01144_82babfd1_p9: cached
[1950/9968] 03000_6d4d6500_p35: cached
[1975/9968] 04309_f3874d5e_p2: cached
[2000/9968] 01076_b1d3b2cc_p1: cached
[2025/9968] 02255_8a0438a0_p72: cached
[2050/9968] 03399_dbf9005b_p15: cached
[2075/9968] 02910_3c0f9924_p8: cached
[2100/9968] 03006_c15d08cf_p13: cached
[2125/9968] 00205_9020084c_p26: cached
[2150/9968] 00915_a738c583_p2: cached
[2175/9968] 04453_41d6b1ba_p81: cached
[2200/9968] 03601_aff712b4_p87: cached
[2225/9968] 01803_d5495198_p64: cached
[2250/9968] 00774_0487c599_p61: cached
[2275/9968] 02076_b345d3ed_p12: cached
[2300/9968] 02389_6d2928fe_p14: cached
[2325/9968] 03796_a42f7532_p151: cached
[2350/9968] 02001_232ac5b3_p59: cached
[2375/9968] 02694_8765dd5f_p46: cached
[2400/9968] 03436_7f1dae93_p2: cached
[2425/9968] 01771_c882cb78_p7: cached
[2450/9968] 01127_de6043b4_p83: cached
[2475/9968] 00787_e4c69922_p12: cached
[2500/9968] 02821_859cc3cd_p3: cached
[2525/9968] 03179_f9c603f3_p3: cached
[2550/9968] 03058_c3eb1b4e_p31: cached
[2575/9968] 00577_562ffdf6_p14: cached
[2600/9968] 00046_a0fcd486_p16: cached
[2625/9968] 01223_27156f34_p1: cached
[2650/9968] 04988_de8d93b2_p3: cached
[2675/9968] 03178_c604f4f7_p21: cached
[2700/9968] 00872_c62518ed_p1: cached
[2725/9968] 02531_d0520473_p62: cached
[2750/9968] 04211_9a8158d8_p1: cached
[2775/9968] 04519_a07fcec6_p2: cached
[2800/9968] 01883_78748027_p9: cached
[2825/9968] 01990_40f23239_p25: cached
[2850/9968] 01158_b3197e24_p8: cached
[2875/9968] 02825_b1dafb00_p5: cached
[2900/9968] 02401_28065014_p17: cached
[2925/9968] 01869_bf13bf71_p4: cached
[2950/9968] 00782_c54b54a5_p4: cached
[2975/9968] 01926_6e79ed21_p37: cached
[3000/9968] 03911_5d3a57c6_p26: cached
[3025/9968] 04655_4b2cc132_p51: cached
[3050/9968] 04386_db9e5c0b_p3: cached
[3075/9968] 03958_b056917e_p10: cached
[3100/9968] 00711_ce80b863_p23: cached
[3125/9968] 01033_460cd057_p2: cached
[3150/9968] 01556_26a6bcf1_p79: cached
[3175/9968] 01286_f2422575_p132: cached
[3200/9968] 03315_cc0ea5fe_p29: cached
[3225/9968] 04581_749cdf86_p29: cached
[3250/9968] 02638_bdbb953c_p84: cached
[3275/9968] 00524_f205cba1_p5: cached
[3300/9968] 04766_74af34ee_p9: cached
[3325/9968] 00917_44c3fc1d_p21: cached
[3350/9968] 03173_ae6d1fc3_p1: cached
[3375/9968] 03263_c9b63fa9_p18: cached
[3400/9968] 03303_d7fbb798_p1: cached
[3425/9968] 00558_2c471ee0_p7: cached
[3450/9968] 00459_fa00a078_p23: cached
[3475/9968] 03351_4d6e9997_p1: cached
[3500/9968] 02793_915eb602_p21: cached
[3525/9968] 02544_033ddcd4_p38: cached
[3550/9968] 03651_d8326f4f_p9: cached
[3575/9968] 01942_7a1c8954_p14: cached
[3600/9968] 02393_a9c73eeb_p34: cached
[3625/9968] 02760_a71d3f3c_p21: cached
[3650/9968] 03475_324700f8_p4: cached
[3675/9968] 02016_ca0c3fdb_p11: cached
[3700/9968] 01124_2dd80ed9_p11: cached
[3725/9968] 04891_cbe148f4_p9: cached
[3750/9968] 02464_e5b8b308_p1: cached
[3775/9968] 01984_ff8dc1e0_p4: cached
[3800/9968] 01101_b982d293_p2: cached
[3825/9968] 00056_5b714c64_p41: cached
[3850/9968] 01955_1c6df0a6_p120: cached
[3875/9968] 01347_291984e7_p2: cached
[3900/9968] 03694_fd8c2323_p40: cached
[3925/9968] 03333_c7ef1712_p13: cached
[3950/9968] 03827_956b0a4d_p5: cached
[3975/9968] 04015_80dce9b1_p17: cached
[4000/9968] 00603_99132f47_p11: cached
[4025/9968] 03286_b2d30924_p6: cached
[4050/9968] 04848_27503ee7_p56: cached
[4075/9968] 02171_83567978_p21: cached
[4100/9968] 04822_fa98cbfe_p19: cached
[4125/9968] 02406_ff09813c_p7: cached
[4150/9968] 01998_7102599d_p16: cached
[4175/9968] 04926_0cc9e540_p3: cached
[4200/9968] 00564_0a913094_p5: cached
[4225/9968] 04066_a1659329_p1: cached
[4250/9968] 02247_1153f6b5_p50: cached
[4275/9968] 00084_df9d7ad4_p29: cached
[4300/9968] 04167_5b94f1a7_p15: cached
[4325/9968] 04747_43797c6d_p2: cached
[4350/9968] 01766_94a4d8db_p34: cached
[4375/9968] 02998_57635451_p27: cached
[4400/9968] 02272_05c822b4_p40: cached
[4425/9968] 03448_b5266b78_p42: cached
[4450/9968] 00646_8f46be95_p20: cached
[4475/9968] 04606_e18e6dfc_p11: cached
[4500/9968] 03340_371487c0_p10: cached
[4525/9968] 02128_5d35939f_p19: cached
[4550/9968] 02392_c5fca77c_p5: cached
[4575/9968] 00098_769976b7_p47: cached
[4600/9968] 04765_01e53624_p19: cached
[4625/9968] 04569_f0334c03_p10: cached
[4650/9968] 04301_a5f17913_p1: cached
[4675/9968] 02721_37e6a6f8_p13: cached
[4700/9968] 03119_0dbcf312_p42: cached
[4725/9968] 03476_1a9bd9f8_p2: cached
[4750/9968] 00064_5b0f3a25_p43: cached
[4775/9968] 03862_f6fbb3b3_p72: cached
[4800/9968] 00835_7e3d2ae1_p24: cached
[4825/9968] 02568_b89bd5d9_p27: cached
[4850/9968] 03350_64188496_p19: cached
[4875/9968] 02080_21b4d4f4_p13: cached
[4900/9968] 04735_49f7ee13_p21: cached
[4925/9968] 02943_54aea030_p36: cached
[4950/9968] 02328_67c27c3a_p92: cached
[4975/9968] 02993_f9c04974_p14: cached
[5000/9968] 03186_8124c9ec_p4: cached
[5025/9968] 04287_4a4d557a_p33: cached
[5050/9968] 02018_25a1faa0_p4: cached
[5075/9968] 00448_f02b5148_p9: cached
[5100/9968] 03491_e840eeb5_p5: cached
[5125/9968] 03466_b88db4f4_p33: cached
[5150/9968] 04842_c289f3c2_p11: cached
[5175/9968] 00808_8d01b189_p5: cached
[5200/9968] 01249_fa58963a_p3: cached
[5225/9968] 02797_f4986e26_p6: cached
[5250/9968] 02408_59241046_p84: cached
[5275/9968] 00777_4673a943_p23: cached
[5300/9968] 00175_daadca43_p6: cached
[5325/9968] 01756_45c8e9cf_p5: cached
[5350/9968] 04503_0ed6b42d_p52: cached
[5375/9968] 01316_df769dd7_p2: cached
[5400/9968] 02874_d1806fc5_p33: cached
[5425/9968] 01179_41461cf8_p1: cached
[5450/9968] 03870_fb5e3190_p149: cached
[5475/9968] 03994_ba589c0b_p1: cached
[5500/9968] 01877_af2e09d6_p30: cached
[5525/9968] 04264_bceda285_p114: cached
[5550/9968] 02044_bbbeb6d7_p59: cached
[5575/9968] 00234_07b43eb0_p23: cached
[5600/9968] 03947_374a764e_p12: cached
[5625/9968] 01418_e07f051c_p129: cached
[5650/9968] 02370_c1daa1d5_p128: cached
[5675/9968] 02622_aa723993_p30: cached
[5700/9968] 03996_ac5b0094_p47: cached
[5725/9968] 02287_7c50243c_p5: cached
[5750/9968] 04746_83b1e4cf_p69: cached
[5775/9968] 01025_1ed9e6f1_p423: cached
[5800/9968] 01365_828f4c65_p49: cached
[5825/9968] 04840_55d7d1a1_p174: cached
[5850/9968] 01030_301b2e72_p1: cached
[5875/9968] 01486_ec53b81d_p5: cached
[5900/9968] 00513_e7909333_p17: cached
[5925/9968] 02320_02b762eb_p13: cached
[5950/9968] 03182_ea6a4481_p27: cached
[5975/9968] 01447_d9ce40ef_p75: cached
[6000/9968] 03020_65e89588_p14: cached
[6025/9968] 00708_63452eee_p21: cached
[6050/9968] 03325_5cfed1c7_p24: cached
[6075/9968] 00780_e42b1019_p11: cached
[6100/9968] 00226_cea97846_p39: cached
[6125/9968] 04541_76471ba0_p36: cached
[6150/9968] 01125_891fa4bb_p2: cached
[6175/9968] 01056_faa39d8b_p9: cached
[6200/9968] 01503_a0748885_p18: cached
[6225/9968] 03932_45bb6127_p3: cached
[6250/9968] 01505_d51990a3_p15: cached
[6275/9968] 04424_ef1bbda4_p1: cached
[6300/9968] 02601_d13cc57d_p4: cached
[6325/9968] 04010_35b8aa76_p4: cached
[6350/9968] 00859_3749ad70_p13: cached
[6375/9968] 02188_d154aaf4_p32: cached
[6400/9968] 02442_e7db7053_p57: cached
[6425/9968] 02244_608db3b9_p14: cached
[6450/9968] 04003_ae632ae6_p23: cached
[6475/9968] 02328_67c27c3a_p27: cached
[6500/9968] 01150_731894f1_p4: cached
[6525/9968] 04429_76280334_p7: cached
[6550/9968] 00848_3c588e8f_p8: cached
[6575/9968] 00116_0cf46cab_p22: cached
[6600/9968] 04931_fa266d73_p12: cached
[6625/9968] 00022_ed7167fb_p13: cached
[6650/9968] 00785_7698a6ee_p19: cached
[6675/9968] 04255_6308350c_p2: cached
[6700/9968] 04729_fbf20282_p10: cached
[6725/9968] 00054_1768a5ba_p24: cached
[6750/9968] 02734_bf964a9c_p20: cached
[6775/9968] 00844_1751bff6_p3: cached
[6800/9968] 01816_1839c696_p51: cached
[6825/9968] 04096_c7e5074f_p50: cached
[6850/9968] 01052_814a37b6_p1: cached
[6875/9968] 00835_7e3d2ae1_p5: cached
[6900/9968] 01311_4317e2bb_p9: cached
[6925/9968] 04755_0253ce3b_p13: cached
[6950/9968] 04594_747c2ce8_p82: cached
[6975/9968] 02088_6144f58d_p2: cached
[7000/9968] 00816_163751fc_p5: cached
[7025/9968] 00314_4a337dd5_p31: cached
[7050/9968] 03300_6ba294dd_p29: cached
[7075/9968] 03161_f5bd0850_p12: cached
[7100/9968] 02052_f09e82d6_p7: cached
[7125/9968] 00671_65297632_p8: cached
[7150/9968] 04113_39bf652b_p28: cached
[7175/9968] 03831_bc7e7370_p44: cached
[7200/9968] 00852_4c4e08fa_p45: cached
[7225/9968] 01439_4960da16_p5: cached
[7250/9968] 02387_e1fbe110_p25: cached
[7275/9968] 00004_dcb46056_p39: cached
[7300/9968] 03918_47710604_p5: cached
[7325/9968] 02640_1d4fd9a0_p27: cached
[7350/9968] 02477_c983d5dc_p7: cached
[7375/9968] 00311_45e3b362_p14: cached
[7400/9968] 01172_8e9d32ba_p7: cached
[7425/9968] 03544_39067b3b_p243: cached
[7450/9968] 01696_04368233_p23: cached
[7475/9968] 00538_a1da2ede_p4: cached
[7500/9968] 01294_942bb2cf_p57: cached
[7525/9968] 02823_6d8dc3d2_p15: cached
[7550/9968] 03629_6247ae39_p40: cached
[7575/9968] 00476_c481b009_p4: cached
[7600/9968] 02605_ead78a11_p4: cached
[7625/9968] 02535_2c96b60b_p58: cached
[7650/9968] 01459_3b7db197_p45: cached
[7675/9968] 00351_ee7f557c_p57: cached
[7700/9968] 03815_e74b3084_p14: cached
[7725/9968] 02434_58178437_p21: cached
[7750/9968] 01152_aea0564f_p1: cached
[7775/9968] 03430_771ece3d_p15: cached
[7800/9968] 01502_e80529cd_p7: cached
[7825/9968] 00716_e681186e_p42: cached
[7850/9968] 04289_ae52e324_p43: cached
[7875/9968] 00223_48b12f0e_p4: cached
[7900/9968] 03604_db4338b1_p37: cached
[7925/9968] 00674_f9f51d6d_p15: cached
[7950/9968] 01743_3c2f7c2e_p29: cached
[7975/9968] 00675_1397a9d9_p7: cached
[8000/9968] 02637_fe37c6ed_p14: cached
[8025/9968] 01483_6863169a_p1: cached
[8050/9968] 01023_8c0733ac_p78: cached
[8075/9968] 00534_891d034f_p4: cached
[8100/9968] 02566_97299922_p156: cached
[8125/9968] 02081_67a85b24_p33: cached
[8150/9968] 05008_6d29d8b2_p9: cached
[8175/9968] 03250_bfdf52cf_p7: cached
[8200/9968] 03086_9b7b9f16_p34: cached
[8225/9968] 03226_09e6cfd1_p13: cached
[8250/9968] 03654_373eef3a_p40: cached
[8275/9968] 05006_0fee69fb_p28: cached
[8300/9968] 04655_4b2cc132_p93: cached
[8325/9968] 04557_3b8b81a3_p18: cached
[8350/9968] 03060_af756148_p36: cached
[8375/9968] 01001_022f1167_p19: cached
[8400/9968] 04977_423a5e11_p138: cached
[8425/9968] 02849_fb54b87a_p94: cached
[8450/9968] 01683_d3b6c908_p2: cached
[8475/9968] 03553_1b63338c_p23: cached
[8500/9968] 00863_9889d34e_p29: cached
[8525/9968] 02021_7c1dc992_p11: cached
[8550/9968] 04524_52a639da_p3: cached
[8575/9968] 00632_b45219be_p81: cached
[8600/9968] 00610_7fa81c17_p34: cached
[8625/9968] 02969_142ea2dc_p3: cached
[8650/9968] 04016_3ceafeb5_p70: cached
[8675/9968] 01718_d3ccf073_p5: cached
[8700/9968] 04261_9eb1e548_p92: cached
[8725/9968] 04839_e40c8326_p67: cached
[8750/9968] 04516_1d04ac05_p35: cached
[8775/9968] 01971_c4e6970b_p18: cached
[8800/9968] 00296_720d8ef7_p26: cached
[8825/9968] 03624_6122ba85_p3: cached
[8850/9968] 02791_87c368ad_p21: cached
[8875/9968] 04114_963bead2_p8: cached
[8900/9968] 00867_e27330f9_p11: cached
[8925/9968] 01726_02fca7c3_p11: cached
[8950/9968] 02932_382390e1_p9: cached
[8975/9968] 04739_bd7a69ac_p6: cached
[9000/9968] 02698_3785201e_p2: cached
[9025/9968] 00461_fdb3c02a_p23: cached
[9050/9968] 00576_4497db26_p2: cached
[9075/9968] 02763_b34f0ede_p24: cached
[9100/9968] 01597_f4a273c1_p6: cached
[9125/9968] 02957_8c5f8b1b_p37: cached
[9150/9968] 01581_5d70c740_p34: cached
[9175/9968] 04174_de4c93cb_p1: cached
[9200/9968] 02805_55dc4296_p13: cached
[9225/9968] 01012_49d714b0_p42: cached
[9250/9968] 01310_20b2191a_p5: cached
[9275/9968] 04938_fb9f3a5b_p10: cached
[9300/9968] 04216_da91869c_p24: cached
[9325/9968] 04958_9901f70d_p1: cached
[9350/9968] 01658_583ff0dd_p32: cached
[9375/9968] 03729_10e00d8c_p3: cached
[9400/9968] 04880_50caed0a_p7: cached
[9425/9968] 04999_4e51fe34_p3: cached
[9450/9968] 03823_1b118fc2_p36: cached
[9475/9968] 01648_4fca4b36_p30: cached
[9500/9968] 00100_1beb326b_p1: cached
[9525/9968] 01674_d6910692_p3: cached
[9550/9968] 04265_9f02428e_p4: cached
[9575/9968] 01113_bb68053b_p214: cached
[9600/9968] 02671_61d5c1bd_p5: cached
[9625/9968] 01538_a6cffc74_p36: cached
[9650/9968] 00060_775ef3fc_p49: cached
[9675/9968] 00670_9fbd4dc9_p49: cached
[9700/9968] 03945_c04ff84b_p8: cached
[9725/9968] 03380_2d2c597f_p4: cached
[9750/9968] 04733_2260da67_p2: cached
[9775/9968] 01452_c9506a94_p3: cached
[9800/9968] 02443_74558320_p7: cached
[9825/9968] 01412_9c52e4ca_p1: cached
[9850/9968] 02351_bc6a9897_p31: cached
[9875/9968] 03018_342c4a79_p181: cached
[9900/9968] 01636_7bca0464_p2: cached
[9925/9968] 00043_63abdcba_p129: cached
[9950/9968] 03486_b1476804_p6: cached
[9968/9968] 04198_086bd4b5_p2: status FAILED after 47s
parsed 9967/9968; 1 errors this run
=== select magazines-10k-pages 14:31
=== parse magazines-10k-pages pass 1 14:31 have 0/9968
[25/9968] 00686_54c993e3_p73: cached
[50/9968] 02231_4c3cb5c0_p3: cached
[75/9968] 00707_284913d7_p23: cached
[100/9968] 01985_26d850a8_p58: cached
[125/9968] 04945_70a5aa9e_p16: cached
[150/9968] 01769_c61c4fd3_p115: cached
[175/9968] 01427_b7e5d8cd_p24: cached
[200/9968] 03243_51a70e39_p3: cached
[225/9968] 01089_4650e99c_p38: cached
[250/9968] 01050_9cb9940f_p35: cached
[275/9968] 03653_8cea6333_p62: cached
[300/9968] 03102_6286b3c7_p183: cached
[325/9968] 02459_1130115e_p39: cached
[350/9968] 03660_b56dc7bd_p1: cached
[375/9968] 03343_63aa15bb_p24: cached
[400/9968] 04870_8ac03988_p4: cached
[425/9968] 02746_9ade3638_p21: cached
[450/9968] 04956_88d4eff0_p9: cached
[475/9968] 01349_d55ef5a4_p31: cached
[500/9968] 03743_993e5f98_p10: cached
[525/9968] 00823_7c36d699_p47: cached
[550/9968] 03484_8b0b3c59_p19: cached
[575/9968] 01805_2011cd8f_p41: cached
[600/9968] 03140_faa48ac9_p36: cached
[625/9968] 02976_b39ccf22_p41: cached
[650/9968] 01773_72d62b73_p3: cached
[675/9968] 04926_0cc9e540_p3: cached
[700/9968] 04919_8a0f7908_p6: cached
[725/9968] 00451_83df172b_p29: cached
[750/9968] 03351_4d6e9997_p30: cached
[775/9968] 01350_e66f3ff4_p43: cached
[800/9968] 03131_029d491a_p11: cached
[825/9968] 02738_a5274a33_p4: cached
[850/9968] 01998_7102599d_p16: cached
[875/9968] 02581_95583bca_p20: cached
[900/9968] 03861_e1256248_p4: cached
[925/9968] 04024_e7816061_p14: cached
[950/9968] 00226_cea97846_p17: cached
[975/9968] 04544_5ae5f704_p40: cached
[1000/9968] 01175_64dd6e33_p14: cached
[1025/9968] 02166_2902cc07_p5: cached
[1050/9968] 01652_15493d65_p9: cached
[1075/9968] 01835_b7641872_p37: cached
[1100/9968] 00411_6b996aff_p31: cached
[1125/9968] 04325_ed5e92b5_p65: cached
[1150/9968] 01700_34d2262a_p43: cached
[1175/9968] 02982_10041eb6_p2: cached
[1200/9968] 02695_4526ebec_p17: cached
[1225/9968] 04574_f0be7f63_p9: cached
[1250/9968] 02534_e1388c0e_p72: cached
[1275/9968] 00052_70ef2e39_p33: cached
[1300/9968] 04853_db209602_p40: cached
[1325/9968] 02670_4cb825c3_p1: cached
[1350/9968] 00210_d2543154_p15: cached
[1375/9968] 04103_26dc3318_p42: cached
[1400/9968] 01190_f454ae2a_p24: cached
[1425/9968] 04413_841aa678_p13: cached
[1450/9968] 04036_1d927a64_p73: cached
[1475/9968] 02046_47e2db6a_p58: cached
[1500/9968] 03778_93cca408_p9: cached
[1525/9968] 01936_ac5e18cb_p39: cached
[1550/9968] 01106_ddd57213_p3: cached
[1575/9968] 02575_4c960816_p27: cached
[1600/9968] 02728_d484e141_p137: cached
[1625/9968] 00189_fc374c22_p73: cached
[1650/9968] 04735_49f7ee13_p21: cached
[1675/9968] 02885_07c82d40_p7: cached
[1700/9968] 00768_c0a0f1a9_p9: cached
[1725/9968] 05011_8c67046d_p68: cached
[1750/9968] 02703_b8191fbf_p10: cached
[1775/9968] 02364_68addf93_p11: cached
[1800/9968] 01393_16f5c8e8_p6: cached
[1825/9968] 02214_92c11823_p1: cached
[1850/9968] 04428_9965f90d_p12: cached
[1875/9968] 01667_4df99ecc_p15: cached
[1900/9968] 02434_58178437_p3: cached
[1925/9968] 03875_04c69175_p31: cached
[1950/9968] 04709_1e89f351_p3: cached
[1975/9968] 03789_df7ebf85_p58: cached
[2000/9968] 01406_3b6dccce_p31: cached
[2025/9968] 02153_dfcc7ac6_p52: cached
[2050/9968] 03891_673e70ea_p17: cached
[2075/9968] 00524_f205cba1_p5: cached
[2100/9968] 03128_adccf1a9_p72: cached
[2125/9968] 01688_ccd6594f_p26: cached
[2150/9968] 03964_18dcb1eb_p66: cached
[2175/9968] 02981_e3b3cdd8_p3: cached
[2200/9968] 03599_dd524251_p1: cached
[2225/9968] 03984_4332663d_p54: cached
[2250/9968] 01043_280765cb_p7: cached
[2275/9968] 02977_64a30ec4_p43: cached
[2300/9968] 01632_b1949c4b_p28: cached
[2325/9968] 03364_1e6ba993_p3: cached
[2350/9968] 02845_675fdb0d_p19: cached
[2375/9968] 03735_3310d67b_p7: cached
[2400/9968] 04270_32aaaaf7_p48: cached
[2425/9968] 03446_1bd13bf8_p44: cached
[2450/9968] 03492_57eee189_p2: cached
[2475/9968] 02211_235fe317_p9: cached
[2500/9968] 01042_10a7328d_p10: cached
[2525/9968] 03059_6c187ded_p14: cached
[2550/9968] 01573_ead8ffed_p73: cached
[2575/9968] 01617_24b43c32_p3: cached
[2600/9968] 04844_fb9f1f73_p53: cached
[2625/9968] 03550_ec4fc667_p27: cached
[2650/9968] 04351_00e40089_p9: cached
[2675/9968] 04967_b893f5de_p16: cached
[2700/9968] 02504_c05c23a1_p10: cached
[2725/9968] 00844_1751bff6_p3: cached
[2750/9968] 00891_24e3c3b4_p2: cached
[2775/9968] 02887_d408bf0e_p1: cached
[2800/9968] 00919_f1601ca0_p37: cached
[2825/9968] 02390_5c303fbc_p15: cached
[2850/9968] 04436_e9b9ea59_p7: cached
[2875/9968] 02830_13fbe1ce_p12: cached
[2900/9968] 00494_507a7687_p1: cached
[2925/9968] 03728_6e6389d2_p36: cached
[2950/9968] 02162_a2790f9d_p34: cached
[2975/9968] 03407_2b2ded3f_p1: cached
[3000/9968] 02662_70868c26_p66: cached
[3025/9968] 01767_fa486bd3_p10: cached
[3050/9968] 03980_dc25f442_p23: cached
[3075/9968] 04947_e8b77e74_p58: cached
[3100/9968] 03532_1f5f6587_p39: cached
[3125/9968] 03878_8a1c6423_p20: cached
[3150/9968] 04759_24aabcfb_p45: cached
[3175/9968] 02433_57c9bd87_p34: cached
[3200/9968] 00831_585de939_p34: cached
[3225/9968] 02030_700d2549_p67: cached
[3250/9968] 03478_5115f534_p16: cached
[3275/9968] 03109_7db4ad75_p2: cached
[3300/9968] 00345_b37e051e_p8: cached
[3325/9968] 02537_aa028336_p12: cached
[3350/9968] 02931_5c228b62_p13: cached
[3375/9968] 00351_ee7f557c_p27: cached
[3400/9968] 02924_1daf81a9_p51: cached
[3425/9968] 01029_56cbcd6b_p38: cached
[3450/9968] 03670_fe6b82af_p12: cached
[3475/9968] 00178_b1c44928_p52: cached
[3500/9968] 01413_425b4921_p12: cached
[3525/9968] 00185_d3cd52a2_p2: cached
[3550/9968] 04790_e96a2284_p30: cached
[3575/9968] 00716_e681186e_p42: cached
[3600/9968] 02606_15570e46_p10: cached
[3625/9968] 03384_d6330767_p25: cached
[3650/9968] 00312_9fe800f3_p6: cached
[3675/9968] 02565_cae37375_p32: cached
[3700/9968] 04611_66b1c2fe_p14: cached
[3725/9968] 02774_1b44acf6_p87: cached
[3750/9968] 02104_18679ae4_p6: cached
[3775/9968] 00646_8f46be95_p20: cached
[3800/9968] 01846_82286d12_p5: cached
[3825/9968] 00430_37ff7575_p7: cached
[3850/9968] 01880_d3ddf30c_p60: cached
[3875/9968] 03906_d6fb8aa0_p45: cached
[3900/9968] 04622_1f0e543f_p22: cached
[3925/9968] 02857_02303606_p31: cached
[3950/9968] 01214_8e5635c4_p4: cached
[3975/9968] 02888_1f4725d2_p62: cached
[4000/9968] 04960_46fb0d63_p9: cached
[4025/9968] 04565_1065e2b5_p8: cached
[4050/9968] 03187_ba25fe8a_p11: cached
[4075/9968] 03722_268baa0b_p62: cached
[4100/9968] 01878_e48da33b_p113: cached
[4125/9968] 03237_db9fcbf9_p29: cached
[4150/9968] 03570_d5e6759c_p109: cached
[4175/9968] 02508_f3084ef4_p17: cached
[4200/9968] 01815_79ff60ea_p13: cached
[4225/9968] 02112_ed0717bd_p3: cached
[4250/9968] 01638_f4e8878e_p42: cached
[4275/9968] 00880_3d54c8db_p10: cached
[4300/9968] 01096_3e8704e3_p1: cached
[4325/9968] 03018_342c4a79_p59: cached
[4350/9968] 00181_58b463dc_p6: cached
[4375/9968] 03449_51a6d1b5_p33: cached
[4400/9968] 02250_44ef24e2_p24: cached
[4425/9968] 04971_ba5cf3cd_p4: cached
[4450/9968] 01737_3640861e_p2: cached
[4475/9968] 02471_1f45f12b_p3: cached
[4500/9968] 03297_09748f35_p3: cached
[4525/9968] 02770_aa9a0d1a_p41: cached
[4550/9968] 00681_7e63b767_p93: cached
[4575/9968] 00579_10cb27fc_p8: cached
[4600/9968] 04620_9ddf205c_p43: cached
[4625/9968] 04937_ca43e096_p104: cached
[4650/9968] 00441_2a3a56fc_p27: cached
[4675/9968] 00343_c27b748c_p42: cached
[4700/9968] 00083_2a3fc8e3_p15: cached
[4725/9968] 00742_1127dd45_p75: cached
[4750/9968] 00718_3349dc72_p89: cached
[4775/9968] 01116_dd23621d_p5: cached
[4800/9968] 01171_831b71cd_p29: cached
[4825/9968] 02029_3843e1c0_p2: cached
[4850/9968] 00308_a0830164_p34: cached
[4875/9968] 04476_3155d987_p11: cached
[4900/9968] 03889_9b309229_p139: cached
[4925/9968] 04330_1e919dd5_p14: cached
[4950/9968] 04090_0db0ddc0_p1: cached
[4975/9968] 01057_e49d32ac_p6: cached
[5000/9968] 00305_43e7ced1_p4: cached
[5025/9968] 03170_ab777811_p22: cached
[5050/9968] 00895_ce57fe30_p23: cached
[5075/9968] 04324_ede9eb65_p38: cached
[5100/9968] 02945_d0fb0dcf_p58: cached
[5125/9968] 03277_649f4271_p129: cached
[5150/9968] 00610_7fa81c17_p4: cached
[5175/9968] 01695_580d8f16_p41: cached
[5200/9968] 00069_d217ab92_p7: cached
[5225/9968] 02964_7725247e_p50: cached
[5250/9968] 00509_4debd1f1_p40: cached
[5275/9968] 03270_e33e7046_p68: cached
[5300/9968] 00057_c15f18f8_p4: cached
[5325/9968] 03067_37e22655_p1: cached
[5350/9968] 03029_a854b24c_p12: cached
[5375/9968] 02467_a1918a59_p14: cached
[5400/9968] 01547_f83b81cb_p47: cached
[5425/9968] 04926_0cc9e540_p14: cached
[5450/9968] 04382_81690912_p4: cached
[5475/9968] 00870_2c74085b_p129: cached
[5500/9968] 03547_48ff6b55_p3: cached
[5525/9968] 04856_c4fafbb0_p9: cached
[5550/9968] 02194_56daad84_p5: cached
[5575/9968] 02856_ae042b1d_p82: cached
[5600/9968] 03857_f2e336bd_p13: cached
[5625/9968] 01436_cc055b73_p41: cached
[5650/9968] 03048_8e7d6113_p7: cached
[5675/9968] 04049_e2a559ba_p70: cached
[5700/9968] 04512_86fa87cb_p29: cached
[5725/9968] 03895_a4b4faf2_p52: cached
[5750/9968] 00000_48905446_p18: cached
[5775/9968] 01729_173f7ce9_p191: cached
[5800/9968] 02058_5501d2a4_p18: cached
[5825/9968] 01412_9c52e4ca_p3: cached
[5850/9968] 01728_161f0b8f_p19: cached
[5875/9968] 01484_eecd1bca_p56: cached
[5900/9968] 00279_2fd8a312_p16: cached
[5925/9968] 01793_30a656cc_p54: cached
[5950/9968] 01383_6219852e_p29: cached
[5975/9968] 01991_301d2703_p3: cached
[6000/9968] 03602_4501f831_p5: cached
[6025/9968] 01483_6863169a_p8: cached
[6050/9968] 00572_638337e8_p32: cached
[6075/9968] 01071_ec858623_p93: cached
[6100/9968] 02355_ba20383b_p95: cached
[6125/9968] 02875_a5309619_p2: cached
[6150/9968] 00523_fc853066_p45: cached
[6175/9968] 02702_ddae8212_p1: cached
[6200/9968] 03180_64cd1fb0_p35: cached
[6225/9968] 02994_d83cf168_p8: cached
[6250/9968] 00858_1916857f_p52: cached
[6275/9968] 01303_e81c05ae_p18: cached
[6300/9968] 02736_594b4c76_p39: cached
[6325/9968] 02154_35ed5516_p26: cached
[6350/9968] 00849_6cf424fc_p128: cached
[6375/9968] 00621_1ac935dd_p27: cached
[6400/9968] 01123_18323d1a_p25: cached
[6425/9968] 00449_39ecbd15_p7: cached
[6450/9968] 02335_84e67c2e_p50: cached
[6475/9968] 03887_30ef3ea1_p21: cached
[6500/9968] 02417_59abe8ff_p12: cached
[6525/9968] 02362_debc54c5_p3: cached
[6550/9968] 04250_85679f48_p58: cached
[6575/9968] 02791_87c368ad_p21: cached
[6600/9968] 00720_f5bef260_p35: cached
[6625/9968] 00920_5287359a_p28: cached
[6650/9968] 00121_3f988bcb_p7: cached
[6675/9968] 00628_e513e7e5_p21: cached
[6700/9968] 02468_43da6231_p9: cached
[6725/9968] 03236_daed050c_p4: cached
[6750/9968] 03881_83e23bb1_p8: cached
[6775/9968] 01621_7bc56fa7_p6: cached
[6800/9968] 02891_a7b87c76_p18: cached
[6825/9968] 04520_270c39f2_p24: cached
[6850/9968] 04313_02e2e0cc_p2: cached
[6875/9968] 01707_725d7178_p6: cached
[6900/9968] 01869_bf13bf71_p4: cached
[6925/9968] 01242_453fb75e_p2: cached
[6950/9968] 02956_f87d4909_p3: cached
[6975/9968] 01333_8b0e0ccd_p7: cached
[7000/9968] 04340_45fd0f24_p12: cached
[7025/9968] 01367_38ef238a_p10: cached
[7050/9968] 02809_4971215b_p1: cached
[7075/9968] 00785_7698a6ee_p31: cached
[7100/9968] 04760_3abc08de_p23: cached
[7125/9968] 01609_45d4f70e_p42: cached
[7150/9968] 04401_5732f648_p16: cached
[7175/9968] 01387_ba7bf61b_p6: cached
[7200/9968] 03442_6b9c9cda_p2: cached
[7225/9968] 03258_6db2e659_p25: cached
[7250/9968] 04829_da77f7f1_p3: cached
[7275/9968] 03063_3a01c173_p5: cached
[7300/9968] 00862_9588a001_p1: cached
[7325/9968] 04846_176d7032_p312: cached
[7350/9968] 02025_b00efc73_p1: cached
[7375/9968] 04552_aa211a00_p17: cached
[7400/9968] 01867_3428aac1_p16: cached
[7425/9968] 01686_ef02e678_p7: cached
[7450/9968] 01390_71237298_p40: cached
[7475/9968] 03981_1aeff1a9_p53: cached
[7500/9968] 02628_6b6fea6c_p4: cached
[7525/9968] 02146_b7bc9e5b_p22: cached
[7550/9968] 00765_81fe0c91_p24: cached
[7575/9968] 03903_0c461d97_p8: cached
[7600/9968] 04006_f4418d90_p20: cached
[7625/9968] 01630_6c8f3f43_p80: cached
[7650/9968] 04861_3c8989fe_p11: cached
[7675/9968] 04878_e5afe498_p9: cached
[7700/9968] 03510_af2e8f79_p9: cached
[7725/9968] 01334_657725bb_p11: cached
[7750/9968] 04717_f2266b36_p15: cached
[7775/9968] 01572_323b36c8_p13: cached
[7800/9968] 00711_ce80b863_p54: cached
[7825/9968] 03004_a8e51dff_p24: cached
[7850/9968] 00284_7ffd0f57_p6: cached
[7875/9968] 00771_3bdb6f1f_p16: cached
[7900/9968] 03982_dda371bd_p1: cached
[7925/9968] 02926_2cf51186_p54: cached
[7950/9968] 04963_83d03b9b_p13: cached
[7975/9968] 03000_6d4d6500_p35: cached
[8000/9968] 02305_fa4c8742_p30: cached
[8025/9968] 03374_b98ba390_p260: cached
[8050/9968] 03940_1b5f1365_p56: cached
[8075/9968] 02978_863cb5c3_p49: cached
[8100/9968] 03966_a51fd2f5_p28: cached
[8125/9968] 03025_90789d3e_p12: cached
[8150/9968] 04542_34262178_p138: cached
[8175/9968] 02998_57635451_p37: cached
[8200/9968] 02697_4be18a88_p63: cached
[8225/9968] 04619_ea5307e2_p2: cached
[8250/9968] 01754_a1f03d88_p8: cached
[8275/9968] 00888_64eaa074_p24: cached
[8300/9968] 02549_7383f135_p2: cached
[8325/9968] 01121_b06ad9e7_p25: cached
[8350/9968] 03006_c15d08cf_p13: cached
[8375/9968] 01460_96adef73_p3: cached
[8400/9968] 02607_e171ef6d_p148: cached
[8425/9968] 02982_10041eb6_p5: cached
[8450/9968] 03081_5393fc7c_p41: cached
[8475/9968] 02111_169bc743_p3: cached
[8500/9968] 01578_e1b6fdbf_p45: cached
[8525/9968] 03720_80801b1c_p65: cached
[8550/9968] 00447_542b72fd_p52: cached
[8575/9968] 01585_0b5a2186_p99: cached
[8600/9968] 03313_bd6f24ab_p37: cached
[8625/9968] 00878_1fc723ac_p1: cached
[8650/9968] 02782_844cce1e_p4: cached
[8675/9968] 02917_c5bcff51_p41: cached
[8700/9968] 01566_cd886d0b_p7: cached
[8725/9968] 04701_a5c57149_p10: cached
[8750/9968] 03834_0ed887ac_p38: cached
[8775/9968] 01298_94621229_p23: cached
[8800/9968] 02968_01e2967c_p28: cached
[8825/9968] 03132_d4b4ff3f_p44: cached
[8850/9968] 01579_a0bff55f_p24: cached
[8875/9968] 04474_b2a6d0da_p24: cached
[8900/9968] 00881_5b470c46_p23: cached
[8925/9968] 04696_740f7481_p27: cached
[8950/9968] 03501_6a887b70_p63: cached
[8975/9968] 02944_ddbaeb9a_p53: cached
[9000/9968] 02217_dcbbd393_p6: cached
[9025/9968] 00916_04c8d4d1_p1: cached
[9050/9968] 01314_b91cc675_p47: cached
[9075/9968] 00439_2f9a7997_p6: cached
[9100/9968] 00766_e988d497_p11: cached
[9125/9968] 02913_452e3fe5_p2: cached
[9150/9968] 01061_f4a6ab78_p1: cached
[9175/9968] 03828_b5bded8b_p49: cached
[9200/9968] 04077_fa6c5ea7_p19: cached
[9225/9968] 03686_774aebf2_p42: cached
[9250/9968] 01507_20bf795d_p61: cached
[9275/9968] 03612_7a810d8b_p23: cached
[9300/9968] 03916_9d575170_p5: cached
[9325/9968] 00245_67914e94_p47: cached
[9350/9968] 00471_35e5f570_p11: cached
[9375/9968] 01501_aeabf6f4_p7: cached
[9400/9968] 03421_0a2050b7_p4: cached
[9425/9968] 04111_4cdaa310_p17: cached
[9450/9968] 00297_452bf6c8_p5: cached
[9475/9968] 04586_5e643d35_p13: cached
[9500/9968] 00797_caf1e1a6_p29: cached
[9525/9968] 00166_c6599303_p36: cached
[9550/9968] 00755_860b4f80_p3: cached
[9575/9968] 03688_cbb813a8_p5: cached
[9600/9968] 00649_2189c3a3_p31: cached
[9625/9968] 00348_e63ecc9b_p2: cached
[9650/9968] 00992_0aa0b8d7_p2: cached
[9675/9968] 04417_9bd3dcac_p72: cached
[9700/9968] 03077_69879dd1_p54: cached
[9725/9968] 00550_7a7389dd_p51: cached
[9750/9968] 00819_51346aeb_p4: cached
[9775/9968] 03208_af11b772_p12: cached
[9800/9968] 00547_302bb5ba_p60: cached
[9825/9968] 04737_1b9aac07_p59: cached
[9850/9968] 02229_c52c511c_p6: cached
[9875/9968] 01002_cd89d8ee_p48: cached
[9900/9968] 03164_d73dc077_p21: cached
[9925/9968] 02206_62e430cc_p10: cached
[9950/9968] 00069_d217ab92_p6: cached
[9968/9968] 04198_086bd4b5_p2: status FAILED after 31s
parsed 9967/9968; 1 errors this run
=== select magazines-10k-pages 14:34
=== parse magazines-10k-pages pass 1 14:34 have 9967/9968
[25/9968] 04485_19d2ac4e_p40: cached
[50/9968] 02812_4da5cb64_p3: cached
[75/9968] 04767_18731706_p21: cached
[100/9968] 00003_2b8ea53e_p21: cached
[125/9968] 02195_53419a63_p26: cached
[150/9968] 01031_171f63dd_p1: cached
[175/9968] 01389_be42e5eb_p4: cached
[200/9968] 00344_058a44c9_p4: cached
[225/9968] 01259_fbac75c2_p4: cached
[250/9968] 03724_120a5a6e_p26: cached
[275/9968] 03852_5489f545_p18: cached
[300/9968] 03884_b6c7ea3e_p4: cached
[325/9968] 02648_fba45448_p19: cached
[350/9968] 00127_45bba588_p11: cached
[375/9968] 03482_33f8b613_p10: cached
[400/9968] 00816_163751fc_p1: cached
[425/9968] 03282_1c0fdf97_p55: cached
[450/9968] 03269_a340595d_p19: cached
[475/9968] 01413_425b4921_p46: cached
[500/9968] 00211_3cca6452_p17: cached
[525/9968] 00232_e5c8a3a0_p2: cached
[550/9968] 02213_1c4275b8_p4: cached
[575/9968] 03051_3c06e099_p12: cached
[600/9968] 02595_69a4aea3_p13: cached
[625/9968] 02553_5bcbe3c0_p84: cached
[650/9968] 04620_9ddf205c_p43: cached
[675/9968] 00803_2f19e346_p27: cached
[700/9968] 03427_a33a7433_p19: cached
[725/9968] 00531_fbafed40_p6: cached
[750/9968] 03080_a0d63bd0_p45: cached
[775/9968] 00457_4fd2b343_p3: cached
[800/9968] 02231_4c3cb5c0_p5: cached
[825/9968] 04443_5136381f_p112: cached
[850/9968] 04669_aec135bb_p4: cached
[875/9968] 00447_542b72fd_p33: cached
[900/9968] 00466_70a1f1d2_p40: cached
[925/9968] 01721_4901a255_p5: cached
[950/9968] 01487_af7ede96_p40: cached
[975/9968] 01464_c2f66261_p27: cached
[1000/9968] 00967_f805bb11_p33: cached
[1025/9968] 03365_f79123cd_p61: cached
[1050/9968] 04674_abd74028_p10: cached
[1075/9968] 02807_37ef10ff_p35: cached
[1100/9968] 01085_75353387_p37: cached
[1125/9968] 04308_7e4372dd_p1: cached
[1150/9968] 03392_a0cf94cc_p11: cached
[1175/9968] 04374_ec00cf19_p6: cached
[1200/9968] 01388_6b9ffaf6_p6: cached
[1225/9968] 00969_27bccd0b_p3: cached
[1250/9968] 02346_5086ef8b_p13: cached
[1275/9968] 03209_51c2b418_p5: cached
[1300/9968] 04948_f582e6ad_p4: cached
[1325/9968] 04588_dc7d3f22_p8: cached
[1350/9968] 01450_ac3b3d91_p16: cached
[1375/9968] 03458_ee87ea4e_p11: cached
[1400/9968] 02193_b8aa3632_p122: cached
[1425/9968] 03501_6a887b70_p46: cached
[1450/9968] 00322_59d7b2d1_p61: cached
[1475/9968] 00559_afa8c6b4_p2: cached
[1500/9968] 04402_600db1df_p14: cached
[1525/9968] 00495_dad967e1_p57: cached
[1550/9968] 00583_c62125cb_p5: cached
[1575/9968] 02300_031773ce_p64: cached
[1600/9968] 01872_8ee63f0b_p16: cached
[1625/9968] 01805_2011cd8f_p1: cached
[1650/9968] 03918_47710604_p5: cached
[1675/9968] 04761_a9af0a03_p58: cached
[1700/9968] 00015_3e83efcd_p25: cached
[1725/9968] 04866_01e6dcdc_p6: cached
[1750/9968] 01439_4960da16_p5: cached
[1775/9968] 01457_3831735e_p6: cached
[1800/9968] 03293_ffb2eadf_p5: cached
[1825/9968] 02519_8f268714_p3: cached
[1850/9968] 04946_ad95c6a3_p12: cached
[1875/9968] 01852_de07ad81_p29: cached
[1900/9968] 02367_18c0e4d5_p11: cached
[1925/9968] 03829_d0012dd4_p7: cached
[1950/9968] 00130_40e3d740_p4: cached
[1975/9968] 04180_24c9c9f9_p2: cached
[2000/9968] 03387_ae08e8eb_p24: cached
[2025/9968] 01919_fb90687c_p16: cached
[2050/9968] 02278_c885156b_p3: cached
[2075/9968] 00019_c5345179_p2: cached
[2100/9968] 03180_64cd1fb0_p1: cached
[2125/9968] 04405_1c239cee_p11: cached
[2150/9968] 01081_fabc0df7_p18: cached
[2175/9968] 03013_1ddbbcf5_p106: cached
[2200/9968] 02326_fe24c7ef_p13: cached
[2225/9968] 02458_712a4f73_p10: cached
[2250/9968] 03780_8775f13d_p14: cached
[2275/9968] 00084_df9d7ad4_p11: cached
[2300/9968] 04581_749cdf86_p29: cached
[2325/9968] 04354_5cbbde81_p5: cached
[2350/9968] 01363_224ac5b3_p7: cached
[2375/9968] 01179_41461cf8_p2: cached
[2400/9968] 03951_04e8edcc_p29: cached
[2425/9968] 04585_445e7bb2_p16: cached
[2450/9968] 00310_8e88c99e_p10: cached
[2475/9968] 04194_f0d08114_p18: cached
[2500/9968] 01512_c1d29f1f_p28: cached
[2525/9968] 00837_967f8c16_p4: cached
[2550/9968] 01661_13d60c4a_p8: cached
[2575/9968] 00309_3e277411_p106: cached
[2600/9968] 01914_8294823b_p2: cached
[2625/9968] 03032_27fc4382_p16: cached
[2650/9968] 04960_46fb0d63_p9: cached
[2675/9968] 02614_021f59e5_p1: cached
[2700/9968] 04777_0ac73ef6_p2: cached
[2725/9968] 03792_c2eda804_p2: cached
[2750/9968] 00658_1f01bda6_p129: cached
[2775/9968] 03353_cb6cb33d_p23: cached
[2800/9968] 00365_96576d5f_p61: cached
[2825/9968] 01835_b7641872_p37: cached
[2850/9968] 00093_ef1ab5ff_p20: cached
[2875/9968] 04302_8dc2fc49_p9: cached
[2900/9968] 04592_5bdcad37_p5: cached
[2925/9968] 01343_c31f4568_p13: cached
[2950/9968] 02801_58a2a195_p36: cached
[2975/9968] 04766_74af34ee_p9: cached
[3000/9968] 03918_47710604_p20: cached
[3025/9968] 01814_3c757478_p22: cached
[3050/9968] 01940_80ba69c3_p5: cached
[3075/9968] 02807_37ef10ff_p32: cached
[3100/9968] 04556_95e9b5ba_p25: cached
[3125/9968] 00274_12324706_p15: cached
[3150/9968] 02109_e76ac974_p47: cached
[3175/9968] 03725_2e9a6fef_p84: cached
[3200/9968] 01011_f570fc25_p10: cached
[3225/9968] 03493_2a9634cb_p6: cached
[3250/9968] 00833_4e41cdb9_p11: cached
[3275/9968] 02118_59ad5ada_p31: cached
[3300/9968] 04191_7c00f415_p2: cached
[3325/9968] 04433_ab236ed0_p4: cached
[3350/9968] 04847_032c2b1a_p70: cached
[3375/9968] 02703_b8191fbf_p7: cached
[3400/9968] 02192_10a7a9d3_p38: cached
[3425/9968] 03551_2e918cc9_p76: cached
[3450/9968] 04883_5fcd6a61_p26: cached
[3475/9968] 00509_4debd1f1_p20: cached
[3500/9968] 03311_ab59ed9f_p11: cached
[3525/9968] 03028_5b3aaee9_p12: cached
[3550/9968] 03224_18560b0a_p61: cached
[3575/9968] 04048_df207dff_p10: cached
[3600/9968] 04844_fb9f1f73_p53: cached
[3625/9968] 01542_fe5d65d0_p17: cached
[3650/9968] 03891_673e70ea_p17: cached
[3675/9968] 04594_747c2ce8_p46: cached
[3700/9968] 03991_1bf7a647_p58: cached
[3725/9968] 04497_e1f5940e_p5: cached
[3750/9968] 02019_f11f298a_p28: cached
[3775/9968] 01442_edf0034f_p14: cached
[3800/9968] 03541_d33ad635_p15: cached
[3825/9968] 03216_512bb034_p80: cached
[3850/9968] 01185_5db3f883_p40: cached
[3875/9968] 04502_063652a3_p8: cached
[3900/9968] 04655_4b2cc132_p93: cached
[3925/9968] 01289_8df692bb_p73: cached
[3950/9968] 02692_c4b4d370_p6: cached
[3975/9968] 02681_56e3f6cc_p35: cached
[4000/9968] 00565_3d513a15_p16: cached
[4025/9968] 04259_31c25eb2_p6: cached
[4050/9968] 03434_5475c42c_p11: cached
[4075/9968] 02608_f94b72b4_p16: cached
[4100/9968] 00005_619da92c_p24: cached
[4125/9968] 03618_6ffeafac_p22: cached
[4150/9968] 04532_2c701f25_p12: cached
[4175/9968] 02736_594b4c76_p36: cached
[4200/9968] 03789_df7ebf85_p38: cached
[4225/9968] 01035_4beecc4c_p12: cached
[4250/9968] 01792_89c8006d_p8: cached
[4275/9968] 01966_28abc246_p45: cached
[4300/9968] 02675_0f90486c_p5: cached
[4325/9968] 02795_a650f7a4_p46: cached
[4350/9968] 00689_94c7bc6b_p31: cached
[4375/9968] 01681_002b2a71_p23: cached
[4400/9968] 00841_19c71148_p1: cached
[4425/9968] 02561_0d0c9bc0_p23: cached
[4450/9968] 00341_35331d7f_p7: cached
[4475/9968] 00993_868adb25_p64: cached
[4500/9968] 01660_b27a9142_p55: cached
[4525/9968] 00387_14bfaeef_p1: cached
[4550/9968] 00502_bb9297f3_p29: cached
[4575/9968] 04868_206dc2ad_p9: cached
[4600/9968] 04493_5d162e19_p6: cached
[4625/9968] 02832_aec4c799_p1: cached
[4650/9968] 03907_a90b727a_p1: cached
[4675/9968] 02380_7d3546b4_p50: cached
[4700/9968] 04030_b50ff0ed_p53: cached
[4725/9968] 04088_3e3c1751_p53: cached
[4750/9968] 00494_507a7687_p1: cached
[4775/9968] 03679_7cd46304_p7: cached
[4800/9968] 00115_e4799f3f_p1: cached
[4825/9968] 01488_458556bb_p10: cached
[4850/9968] 00580_4102e157_p12: cached
[4875/9968] 04128_59576fe8_p6: cached
[4900/9968] 03215_123b51e7_p7: cached
[4925/9968] 01444_5f57314c_p2: cached
[4950/9968] 03801_81568bf4_p16: cached
[4975/9968] 00062_57d75f57_p14: cached
[5000/9968] 04333_9caa1162_p43: cached
[5025/9968] 04932_cbbd2c5b_p32: cached
[5050/9968] 01023_8c0733ac_p78: cached
[5075/9968] 01305_52640d4f_p33: cached
[5100/9968] 04345_9286231a_p8: cached
[5125/9968] 01818_f2f0994b_p2: cached
[5150/9968] 02023_3a3180e3_p3: cached
[5175/9968] 04466_bc7891fd_p2: cached
[5200/9968] 03958_b056917e_p11: cached
[5225/9968] 00066_6c4187db_p5: cached
[5250/9968] 04607_ade37a4c_p91: cached
[5275/9968] 03125_8bef0b98_p30: cached
[5300/9968] 03435_4a1ada5f_p59: cached
[5325/9968] 03986_a513e785_p1: cached
[5350/9968] 00506_b164449b_p14: cached
[5375/9968] 02970_dd8f9884_p3: cached
[5400/9968] 04849_ede0ce4b_p5: cached
[5425/9968] 01431_dca1040f_p7: cached
[5450/9968] 02520_684f0830_p35: cached
[5475/9968] 03163_d2730ba3_p10: cached
[5500/9968] 04059_22083cce_p95: cached
[5525/9968] 02379_89809b56_p3: cached
[5550/9968] 03045_be49e149_p7: cached
[5575/9968] 03276_051d021b_p3: cached
[5600/9968] 01805_2011cd8f_p41: cached
[5625/9968] 00512_db680954_p24: cached
[5650/9968] 00603_99132f47_p11: cached
[5675/9968] 04042_ccfc5e87_p14: cached
[5700/9968] 02650_e56f3652_p32: cached
[5725/9968] 01204_7917b770_p42: cached
[5750/9968] 03314_14ff35d5_p13: cached
[5775/9968] 00873_231a450a_p87: cached
[5800/9968] 01023_8c0733ac_p16: cached
[5825/9968] 04050_0bde2e42_p168: cached
[5850/9968] 01958_591d5f34_p9: cached
[5875/9968] 01979_0658b4ae_p48: cached
[5900/9968] 04330_1e919dd5_p125: cached
[5925/9968] 04605_9f8df108_p13: cached
[5950/9968] 02581_95583bca_p20: cached
[5975/9968] 00719_4fed5fab_p99: cached
[6000/9968] 02956_f87d4909_p4: cached
[6025/9968] 01037_5e98865d_p124: cached
[6050/9968] 04134_c20d360e_p42: cached
[6075/9968] 03941_c8ef85b7_p49: cached
[6100/9968] 00609_e98f32aa_p14: cached
[6125/9968] 03070_f6550e98_p34: cached
[6150/9968] 04214_6cbe1085_p19: cached
[6175/9968] 03369_af955779_p80: cached
[6200/9968] 04543_b934e70c_p9: cached
[6225/9968] 04795_97e1317c_p49: cached
[6250/9968] 02690_c73cd2b0_p2: cached
[6275/9968] 04032_775d92f0_p3: cached
[6300/9968] 04423_8ff24559_p15: cached
[6325/9968] 00261_7e35b23c_p4: cached
[6350/9968] 02586_b387b5ee_p12: cached
[6375/9968] 00256_c6d9c3b1_p9: cached
[6400/9968] 04207_26f4cbff_p36: cached
[6425/9968] 02986_10ceec79_p12: cached
[6450/9968] 00937_e1b9d5a4_p3: cached
[6475/9968] 02669_f4413ec4_p14: cached
[6500/9968] 01398_32be78e4_p8: cached
[6525/9968] 01882_eed69225_p2: cached
[6550/9968] 03908_ce8e64a0_p19: cached
[6575/9968] 04137_1b5a85da_p42: cached
[6600/9968] 02243_a04775f2_p11: cached
[6625/9968] 03931_ab30119f_p1: cached
[6650/9968] 00085_5e953a9e_p33: cached
[6675/9968] 01850_34f7d43b_p4: cached
[6700/9968] 02678_4236cbfc_p16: cached
[6725/9968] 00799_70f578bf_p4: cached
[6750/9968] 00651_d5329257_p3: cached
[6775/9968] 01121_b06ad9e7_p71: cached
[6800/9968] 03433_e3c9f86e_p44: cached
[6825/9968] 00137_7fd7f57e_p20: cached
[6850/9968] 02161_f416db76_p42: cached
[6875/9968] 01197_a035d76f_p50: cached
[6900/9968] 00183_8c575482_p1: cached
[6925/9968] 00761_b045eb75_p14: cached
[6950/9968] 01991_301d2703_p3: cached
[6975/9968] 01862_2359bfc7_p16: cached
[7000/9968] 02621_c6cd508e_p3: cached
[7025/9968] 04871_90610a92_p7: cached
[7050/9968] 01499_a62022eb_p36: cached
[7075/9968] 03520_97b1c800_p52: cached
[7100/9968] 00966_3f17a609_p33: cached
[7125/9968] 01456_c3569dd0_p43: cached
[7150/9968] 00387_14bfaeef_p2: cached
[7175/9968] 02615_a9b7d34d_p4: cached
[7200/9968] 02288_eb071e6f_p36: cached
[7225/9968] 03867_1d7d3150_p68: cached
[7250/9968] 02749_f7ace64f_p13: cached
[7275/9968] 04288_5a586748_p46: cached
[7300/9968] 04656_b2cbb8b7_p63: cached
[7325/9968] 02439_14dc6317_p2: cached
[7350/9968] 00004_dcb46056_p39: cached
[7375/9968] 00700_bfb6a187_p11: cached
[7400/9968] 02267_f42a753c_p18: cached
[7425/9968] 02331_8ed946fd_p1: cached
[7450/9968] 01684_e7ab680d_p26: cached
[7475/9968] 04992_94160ce5_p1: cached
[7500/9968] 02273_d685601b_p31: cached
[7525/9968] 03249_5373579d_p49: cached
[7550/9968] 03543_217767bf_p192: cached
[7575/9968] 03227_2b3e151a_p19: cached
[7600/9968] 05010_c022b365_p1: cached
[7625/9968] 04398_04368b8b_p54: cached
[7650/9968] 02257_d48a4c4d_p99: cached
[7675/9968] 00598_13c1237a_p2: cached
[7700/9968] 02765_c2a55a63_p16: cached
[7725/9968] 04003_ae632ae6_p10: cached
[7750/9968] 03921_5d07e8a5_p6: cached
[7775/9968] 03213_edf72770_p19: cached
[7800/9968] 03830_29a960ba_p16: cached
[7825/9968] 04924_31274907_p68: cached
[7850/9968] 02334_85db60eb_p22: cached
[7875/9968] 03459_40382b84_p32: cached
[7900/9968] 02910_3c0f9924_p1: cached
[7925/9968] 03067_37e22655_p7: cached
[7950/9968] 01856_d15dcba9_p21: cached
[7975/9968] 01612_bbe81baf_p2: cached
[8000/9968] 02381_76df33e9_p3: cached
[8025/9968] 00235_52ebcb8f_p5: cached
[8050/9968] 01469_5319131e_p53: cached
[8075/9968] 02865_98f3526d_p57: cached
[8100/9968] 02725_c69885c8_p92: cached
[8125/9968] 00732_a31e8dc7_p2: cached
[8150/9968] 04687_0e40328d_p27: cached
[8175/9968] 00676_41de6f90_p65: cached
[8200/9968] 02199_93bd02b9_p25: cached
[8225/9968] 02795_a650f7a4_p67: cached
[8250/9968] 01308_ece57b55_p28: cached
[8275/9968] 00298_7665cc74_p3: cached
[8300/9968] 03920_a99c4494_p33: cached
[8325/9968] 00201_f04210a0_p13: cached
[8350/9968] 04679_5bccdbe3_p54: cached
[8375/9968] 04400_3fb36fe5_p41: cached
[8400/9968] 04982_64a55154_p10: cached
[8425/9968] 02031_3b7d8513_p7: cached
[8450/9968] 04677_b58bf956_p28: cached
[8475/9968] 00398_87663329_p31: cached
[8500/9968] 04731_c7733297_p6: cached
[8525/9968] 04040_3942fc14_p25: cached
[8550/9968] 03504_92f1c27e_p17: cached
[8575/9968] 03701_aeb4dc10_p2: cached
[8600/9968] 04198_086bd4b5_p12: cached
[8625/9968] 01618_f6073ce6_p14: cached
[8650/9968] 01443_ee09a875_p56: cached
[8675/9968] 00067_4820063e_p2: cached
[8700/9968] 03151_29c09e25_p19: cached
[8725/9968] 03057_8049e521_p94: cached
[8750/9968] 02246_e7e4be3d_p189: cached
[8775/9968] 02744_04d11bb0_p2: cached
[8800/9968] 04519_a07fcec6_p2: cached
[8825/9968] 01796_cbde5d36_p47: cached
[8850/9968] 03764_3d0e64fc_p95: cached
[8875/9968] 01121_b06ad9e7_p25: cached
[8900/9968] 01220_82650dd2_p50: cached
[8925/9968] 03039_6a4be5c1_p13: cached
[8950/9968] 00641_15f2b191_p36: cached
[8975/9968] 04888_e19b1fc0_p26: cached
[9000/9968] 02277_53affdfc_p27: cached
[9025/9968] 03650_4a17431e_p46: cached
[9050/9968] 01193_f4eaa503_p2: cached
[9075/9968] 00595_3242bd1d_p142: cached
[9100/9968] 00973_dab06131_p2: cached
[9125/9968] 01953_b2e271ba_p1: cached
[9150/9968] 02954_864920d5_p30: cached
[9175/9968] 01601_503af2b1_p48: cached
[9200/9968] 00569_7d719d0a_p10: cached
[9225/9968] 02730_5b7a724c_p11: cached
[9250/9968] 01140_06a7926b_p4: cached
[9275/9968] 00809_affe0163_p11: cached
[9300/9968] 02550_335e81cf_p7: cached
[9325/9968] 03772_977abe4b_p74: cached
[9350/9968] 02912_70f28217_p1: cached
[9375/9968] 04432_dbf77482_p4: cached
[9400/9968] 03274_cd7de221_p47: cached
[9425/9968] 01654_854e3085_p4: cached
[9450/9968] 02147_9a28d692_p12: cached
[9475/9968] 04316_6c5a2952_p58: cached
[9500/9968] 02666_75b2e6a0_p27: cached
[9525/9968] 04400_3fb36fe5_p74: cached
[9550/9968] 01916_d816b8b5_p1: cached
[9575/9968] 02948_f7107a24_p2: cached
[9600/9968] 00184_d94ca3b9_p2: cached
[9625/9968] 01069_c1f10ab7_p11: cached
[9650/9968] 00697_6f5394e3_p58: cached
[9675/9968] 04436_e9b9ea59_p5: cached
[9700/9968] 01429_67fdea20_p11: cached
[9725/9968] 04850_2a0eff08_p24: cached
[9750/9968] 02787_33f1ec65_p36: cached
[9775/9968] 03767_0085a2ca_p64: cached
[9800/9968] 03723_01377de1_p14: cached
[9825/9968] 01200_2ab0f30d_p1: cached
[9850/9968] 00924_b9129d56_p41: cached
[9875/9968] 04241_63e6912c_p25: cached
[9900/9968] 03046_281a5c46_p46: cached
[9925/9968] 04781_ddd0555c_p75: cached
[9950/9968] 03271_9c6821fe_p10: cached
[9968/9968] 04198_086bd4b5_p2: status FAILED after 31s
parsed 9967/9968; 1 errors this run
=== parse magazines-10k-pages pass 2 14:39 have 9967/9968
[25/9968] 01793_30a656cc_p54: cached
[50/9968] 00323_9e94f98f_p1: cached
[75/9968] 04859_62e16e6c_p19: cached
[100/9968] 01470_026a74ce_p8: cached
[125/9968] 03286_b2d30924_p6: cached
[150/9968] 02150_a4b4a32e_p23: cached
[175/9968] 03445_8fbc1a42_p2: cached
[200/9968] 04281_b6dd3b73_p1: cached
[225/9968] 03956_73dbff47_p27: cached
[250/9968] 00417_1ffff5e4_p34: cached
[275/9968] 04213_60f9e993_p13: cached
[300/9968] 03047_8a3b1605_p42: cached
[325/9968] 03370_a3715706_p2: cached
[350/9968] 04824_84dbec7f_p42: cached
[375/9968] 02306_fe0d2056_p7: cached
[400/9968] 01809_09578df8_p1: cached
[425/9968] 04625_66d0867c_p30: cached
[450/9968] 01938_c9721bb7_p1: cached
[475/9968] 02077_ffe875ac_p36: cached
[500/9968] 04606_e18e6dfc_p11: cached
[525/9968] 03424_64129694_p16: cached
[550/9968] 01870_b6216a4a_p50: cached
[575/9968] 00025_1e0860c3_p50: cached
[600/9968] 00573_6af46899_p6: cached
[625/9968] 00656_e3673469_p26: cached
[650/9968] 00933_1e3155b3_p40: cached
[675/9968] 04270_32aaaaf7_p44: cached
[700/9968] 04334_ea431961_p7: cached
[725/9968] 02611_f5685852_p4: cached
[750/9968] 01507_20bf795d_p69: cached
[775/9968] 04414_5eaa6075_p3: cached
[800/9968] 01003_5923d37d_p58: cached
[825/9968] 02752_26abbe70_p6: cached
[850/9968] 02780_9f0eb8de_p2: cached
[875/9968] 02413_8ce008bc_p11: cached
[900/9968] 00248_5a7f7e12_p1: cached
[925/9968] 01831_b699840f_p3: cached
[950/9968] 03366_d2b6b4d9_p29: cached
[975/9968] 04280_3df46778_p32: cached
[1000/9968] 02159_a8f20ea9_p112: cached
[1025/9968] 01864_42d8d147_p17: cached
[1050/9968] 04322_bd99176a_p7: cached
[1075/9968] 04885_db6b9731_p6: cached
[1100/9968] 01208_d212710d_p14: cached
[1125/9968] 00861_be981c41_p79: cached
[1150/9968] 04661_0945b771_p35: cached
[1175/9968] 00852_4c4e08fa_p45: cached
[1200/9968] 03391_d69bb493_p58: cached
[1225/9968] 03226_09e6cfd1_p13: cached
[1250/9968] 03921_5d07e8a5_p1: cached
[1275/9968] 01471_1da92fa2_p4: cached
[1300/9968] 02715_6bac2063_p33: cached
[1325/9968] 04960_46fb0d63_p9: cached
[1350/9968] 03546_870ed553_p34: cached
[1375/9968] 01223_27156f34_p37: cached
[1400/9968] 00372_340b7749_p49: cached
[1425/9968] 04273_af9f7b21_p31: cached
[1450/9968] 03013_1ddbbcf5_p74: cached
[1475/9968] 00634_f6c18728_p81: cached
[1500/9968] 00586_6c9593dd_p28: cached
[1525/9968] 03514_bd781424_p5: cached
[1550/9968] 03793_72d8f461_p19: cached
[1575/9968] 02448_1995ed0a_p6: cached
[1600/9968] 02458_712a4f73_p10: cached
[1625/9968] 00022_ed7167fb_p10: cached
[1650/9968] 02606_15570e46_p10: cached
[1675/9968] 00298_7665cc74_p4: cached
[1700/9968] 01009_7bb0c4ae_p5: cached
[1725/9968] 00289_ee71b03e_p11: cached
[1750/9968] 00474_e92c3096_p90: cached
[1775/9968] 03378_e9012a1a_p5: cached
[1800/9968] 01946_bbdb92d7_p15: cached
[1825/9968] 04979_3041b06a_p14: cached
[1850/9968] 01447_d9ce40ef_p75: cached
[1875/9968] 04097_d4d28128_p39: cached
[1900/9968] 02798_ef41e421_p15: cached
[1925/9968] 00814_8f6625f0_p81: cached
[1950/9968] 01564_70d0db30_p32: cached
[1975/9968] 01653_df8f40f1_p87: cached
[2000/9968] 00340_5fa763ab_p2: cached
[2025/9968] 02922_4ec3db2f_p2: cached
[2050/9968] 01798_50105a59_p127: cached
[2075/9968] 02390_5c303fbc_p15: cached
[2100/9968] 04836_dc7f7b05_p5: cached
[2125/9968] 03977_bb8dc773_p4: cached
[2150/9968] 00880_3d54c8db_p14: cached
[2175/9968] 00117_785ad9af_p2: cached
[2200/9968] 02784_27a20213_p12: cached
[2225/9968] 03353_cb6cb33d_p23: cached
[2250/9968] 03471_9c580692_p38: cached
[2275/9968] 00000_48905446_p18: cached
[2300/9968] 02767_7a64a8a8_p21: cached
[2325/9968] 00296_720d8ef7_p26: cached
[2350/9968] 00260_52347054_p20: cached
[2375/9968] 02019_f11f298a_p26: cached
[2400/9968] 01360_bc0bd386_p7: cached
[2425/9968] 04901_42a6fafe_p165: cached
[2450/9968] 03169_b027aa44_p8: cached
[2475/9968] 01147_a50f6021_p8: cached
[2500/9968] 03816_fc4e8cbc_p12: cached
[2525/9968] 03283_ffd836e2_p33: cached
[2550/9968] 03326_7f56b2f2_p3: cached
[2575/9968] 03011_4a645493_p83: cached
[2600/9968] 02949_a68728f5_p1: cached
[2625/9968] 04832_dbda1a0b_p38: cached
[2650/9968] 01535_c5e83bdb_p10: cached
[2675/9968] 04832_dbda1a0b_p41: cached
[2700/9968] 02231_4c3cb5c0_p5: cached
[2725/9968] 03475_324700f8_p73: cached
[2750/9968] 01487_af7ede96_p50: cached
[2775/9968] 02454_8a2bcaa0_p50: cached
[2800/9968] 02030_700d2549_p67: cached
[2825/9968] 04094_9d9e21e9_p29: cached
[2850/9968] 02402_5417f201_p16: cached
[2875/9968] 00920_5287359a_p12: cached
[2900/9968] 00299_c6b3e31a_p6: cached
[2925/9968] 04943_887fac04_p37: cached
[2950/9968] 01605_9125ae2f_p25: cached
[2975/9968] 04375_0235d681_p17: cached
[3000/9968] 04278_9ebbb893_p9: cached
[3025/9968] 00367_7c0908ff_p12: cached
[3050/9968] 04108_5ab7493f_p24: cached
[3075/9968] 00305_43e7ced1_p4: cached
[3100/9968] 02836_72f3a958_p8: cached
[3125/9968] 04983_5bb11f97_p75: cached
[3150/9968] 02258_0755c10c_p15: cached
[3175/9968] 03753_1392db20_p61: cached
[3200/9968] 00860_8ea435fe_p3: cached
[3225/9968] 01011_f570fc25_p10: cached
[3250/9968] 04431_c835fd0f_p9: cached
[3275/9968] 01829_2d2c55c9_p185: cached
[3300/9968] 03348_0df5446b_p3: cached
[3325/9968] 03091_21c23dfb_p21: cached
[3350/9968] 02333_24597d17_p1: cached
[3375/9968] 00353_74d1495f_p15: cached
[3400/9968] 02292_d9ff5929_p5: cached
[3425/9968] 03322_0fdf5ca8_p2: cached
[3450/9968] 04663_d44480b8_p5: cached
[3475/9968] 04932_cbbd2c5b_p6: cached
[3500/9968] 03922_b424e3df_p20: cached
[3525/9968] 00828_8bd7798a_p13: cached
[3550/9968] 03953_afe65d22_p15: cached
[3575/9968] 01415_86c775ef_p58: cached
[3600/9968] 03357_6bf92521_p3: cached
[3625/9968] 01302_172f52e9_p15: cached
[3650/9968] 04729_fbf20282_p1: cached
[3675/9968] 04949_4d8a13d6_p10: cached
[3700/9968] 04024_e7816061_p14: cached
[3725/9968] 04685_8b2da0fd_p18: cached
[3750/9968] 00414_489a4428_p13: cached
[3775/9968] 00607_e8251826_p76: cached
[3800/9968] 01569_1c564c7a_p4: cached
[3825/9968] 00979_dd5bd2a9_p107: cached
[3850/9968] 01164_a96a94e2_p71: cached
[3875/9968] 00428_c1b39f70_p16: cached
[3900/9968] 02790_118e7543_p52: cached
[3925/9968] 02691_1110a0a5_p20: cached
[3950/9968] 04300_2f554fac_p21: cached
[3975/9968] 01789_5c7057ab_p87: cached
[4000/9968] 00052_70ef2e39_p21: cached
[4025/9968] 01703_ceeefafe_p46: cached
[4050/9968] 00342_bdf63c50_p245: cached
[4075/9968] 01991_301d2703_p1: cached
[4100/9968] 03860_de173bc3_p23: cached
[4125/9968] 03375_4ac2d34a_p66: cached
[4150/9968] 04312_a8902452_p23: cached
[4175/9968] 03863_0b009847_p47: cached
[4200/9968] 02157_01c00aa5_p12: cached
[4225/9968] 01966_28abc246_p45: cached
[4250/9968] 01958_591d5f34_p4: cached
[4275/9968] 02028_d863dd4e_p2: cached
[4300/9968] 04661_0945b771_p39: cached
[4325/9968] 00777_4673a943_p7: cached
[4350/9968] 03038_eb31b74a_p1: cached
[4375/9968] 01626_7b825fef_p175: cached
[4400/9968] 01819_10f419ec_p64: cached
[4425/9968] 01175_64dd6e33_p14: cached
[4450/9968] 03776_d123a86b_p2: cached
[4475/9968] 04301_a5f17913_p1: cached
[4500/9968] 04713_a2dd9ba4_p59: cached
[4525/9968] 04582_a31c3837_p7: cached
[4550/9968] 03442_6b9c9cda_p1: cached
[4575/9968] 02641_fff73878_p112: cached
[4600/9968] 03801_81568bf4_p14: cached
[4625/9968] 02002_118ea553_p40: cached
[4650/9968] 03707_64970c9f_p81: cached
[4675/9968] 02602_8d86fe62_p8: cached
[4700/9968] 02299_b4a1bfbc_p67: cached
[4725/9968] 04911_894d5231_p1: cached
[4750/9968] 03930_2984f549_p12: cached
[4775/9968] 04036_1d927a64_p73: cached
[4800/9968] 01648_4fca4b36_p25: cached
[4825/9968] 00444_50c8631b_p9: cached
[4850/9968] 02063_ba80aba6_p39: cached
[4875/9968] 03852_5489f545_p24: cached
[4900/9968] 01430_7c466139_p17: cached
[4925/9968] 04643_d3e812c1_p111: cached
[4950/9968] 02147_9a28d692_p3: cached
[4975/9968] 01191_815235cc_p4: cached
[5000/9968] 04882_b097a3d3_p2: cached
[5025/9968] 01214_8e5635c4_p4: cached
[5050/9968] 02856_ae042b1d_p82: cached
[5075/9968] 02887_d408bf0e_p1: cached
[5100/9968] 04767_18731706_p27: cached
[5125/9968] 04082_f570fc25_p23: cached
[5150/9968] 03133_5741d59e_p1: cached
[5175/9968] 00864_8fb9aced_p88: cached
[5200/9968] 01007_546d2b5a_p18: cached
[5225/9968] 04719_ad7ced98_p50: cached
[5250/9968] 01989_48592789_p1: cached
[5275/9968] 01693_f753dbf3_p5: cached
[5300/9968] 04862_da02bbfb_p55: cached
[5325/9968] 04587_e4667295_p133: cached
[5350/9968] 00489_e61fea68_p107: cached
[5375/9968] 03513_df7b8284_p9: cached
[5400/9968] 02902_2b05ad48_p31: cached
[5425/9968] 00053_47a0eb1a_p6: cached
[5450/9968] 02582_447f9dcb_p29: cached
[5475/9968] 01665_e08edc9e_p56: cached
[5500/9968] 02820_ee69359f_p17: cached
[5525/9968] 01697_c44d99b2_p44: cached
[5550/9968] 04874_b4e7b92c_p126: cached
[5575/9968] 02406_ff09813c_p7: cached
[5600/9968] 00166_c6599303_p28: cached
[5625/9968] 04676_7ce3374e_p134: cached
[5650/9968] 01963_eb45f3a7_p16: cached
[5675/9968] 03380_2d2c597f_p3: cached
[5700/9968] 01113_bb68053b_p78: cached
[5725/9968] 02773_8022c487_p48: cached
[5750/9968] 01481_83ce2132_p35: cached
[5775/9968] 04697_80850b24_p41: cached
[5800/9968] 04953_0d4bb556_p21: cached
[5825/9968] 00953_68eb6ee4_p48: cached
[5850/9968] 04944_96370972_p61: cached
[5875/9968] 04946_ad95c6a3_p2: cached
[5900/9968] 01173_158e0e32_p70: cached
[5925/9968] 00716_e681186e_p42: cached
[5950/9968] 04313_02e2e0cc_p3: cached
[5975/9968] 03202_e070e389_p22: cached
[6000/9968] 01899_bb85d1f6_p5: cached
[6025/9968] 04042_ccfc5e87_p14: cached
[6050/9968] 01957_dbb189dd_p37: cached
[6075/9968] 02526_0be3b236_p55: cached
[6100/9968] 02527_0871bd55_p8: cached
[6125/9968] 04330_1e919dd5_p125: cached
[6150/9968] 04819_ebdda90c_p8: cached
[6175/9968] 03864_9fae9e3b_p1: cached
[6200/9968] 01296_b36980c7_p6: cached
[6225/9968] 00675_1397a9d9_p7: cached
[6250/9968] 00251_2335b6ec_p27: cached
[6275/9968] 02214_92c11823_p1: cached
[6300/9968] 00540_7522cf9f_p35: cached
[6325/9968] 01142_f8a9e794_p58: cached
[6350/9968] 03757_6edf4926_p36: cached
[6375/9968] 04215_f99b8941_p9: cached
[6400/9968] 01120_31c61249_p78: cached
[6425/9968] 00400_5a52197f_p88: cached
[6450/9968] 04927_f14ea318_p43: cached
[6475/9968] 03130_f54cfca8_p24: cached
[6500/9968] 01657_c6cb7169_p23: cached
[6525/9968] 00764_42fcac84_p93: cached
[6550/9968] 04648_e61d561f_p72: cached
[6575/9968] 02401_28065014_p17: cached
[6600/9968] 02834_5b88bab9_p2: cached
[6625/9968] 04274_7090a653_p52: cached
[6650/9968] 03388_5138ccba_p4: cached
[6675/9968] 00473_847ebfd4_p15: cached
[6700/9968] 00419_0095cd78_p1: cached
[6725/9968] 02309_37b6a857_p9: cached
[6750/9968] 00328_38327e4f_p7: cached
[6775/9968] 01350_e66f3ff4_p43: cached
[6800/9968] 04989_fbab87fe_p191: cached
[6825/9968] 04803_85db57fa_p34: cached
[6850/9968] 00428_c1b39f70_p18: cached
[6875/9968] 00493_e89f0542_p38: cached
[6900/9968] 04494_9cd857f8_p116: cached
[6925/9968] 03833_49a59a73_p36: cached
[6950/9968] 00816_163751fc_p5: cached
[6975/9968] 00009_7b6451c2_p53: cached
[7000/9968] 02729_94f05911_p90: cached
[7025/9968] 04403_ddb0ab8a_p31: cached
[7050/9968] 03223_49780e83_p17: cached
[7075/9968] 01943_e3386f46_p18: cached
[7100/9968] 03259_a5837fa1_p37: cached
[7125/9968] 03135_a955945f_p68: cached
[7150/9968] 02424_7ee03dca_p5: cached
[7175/9968] 01261_450c46fb_p16: cached
[7200/9968] 03063_3a01c173_p5: cached
[7225/9968] 04608_fb62a9d8_p122: cached
[7250/9968] 01482_7aeacd40_p27: cached
[7275/9968] 01615_e358fb1c_p19: cached
[7300/9968] 02253_ece5c8dc_p29: cached
[7325/9968] 00093_ef1ab5ff_p30: cached
[7350/9968] 04641_4a09135c_p4: cached
[7375/9968] 04737_1b9aac07_p46: cached
[7400/9968] 00750_9c871162_p2: cached
[7425/9968] 00229_402ffac6_p17: cached
[7450/9968] 03509_8c15621a_p30: cached
[7475/9968] 04427_5e9d337a_p2: cached
[7500/9968] 01599_a7e0be55_p23: cached
[7525/9968] 02711_cea4e452_p2: cached
[7550/9968] 00741_ffaaf6bd_p6: cached
[7575/9968] 01630_6c8f3f43_p80: cached
[7600/9968] 04861_3c8989fe_p11: cached
[7625/9968] 03299_517700cc_p27: cached
[7650/9968] 02057_308813aa_p74: cached
[7675/9968] 03815_e74b3084_p14: cached
[7700/9968] 04466_bc7891fd_p6: cached
[7725/9968] 04852_4c252cb9_p45: cached
[7750/9968] 03330_62f6c7d3_p1: cached
[7775/9968] 03192_30e737af_p41: cached
[7800/9968] 03050_37146a44_p37: cached
[7825/9968] 04666_920f7941_p4: cached
[7850/9968] 00240_ecae05d7_p4: cached
[7875/9968] 04813_7986247d_p10: cached
[7900/9968] 03766_20f68e65_p2: cached
[7925/9968] 00546_ed31b1eb_p42: cached
[7950/9968] 04917_9973c4c7_p5: cached
[7975/9968] 02646_ed6faab2_p6: cached
[8000/9968] 02098_137ad3c5_p35: cached
[8025/9968] 02966_2bb5979b_p30: cached
[8050/9968] 01862_2359bfc7_p18: cached
[8075/9968] 00175_daadca43_p24: cached
[8100/9968] 01270_c8318a20_p10: cached
[8125/9968] 04424_ef1bbda4_p1: cached
[8150/9968] 01290_5e267135_p11: cached
[8175/9968] 03842_5ef6de72_p8: cached
[8200/9968] 02169_c3f771a8_p10: cached
[8225/9968] 01550_5dc72e79_p48: cached
[8250/9968] 03850_c9844da1_p37: cached
[8275/9968] 02269_eb48a952_p36: cached
[8300/9968] 00756_1133ba4b_p11: cached
[8325/9968] 00685_bd5c5ff7_p24: cached
[8350/9968] 02235_b1bbaa1a_p25: cached
[8375/9968] 01920_4b4ed395_p4: cached
[8400/9968] 03190_b3519e7e_p64: cached
[8425/9968] 02751_0322bc15_p233: cached
[8450/9968] 00983_c99c4225_p13: cached
[8475/9968] 03098_d04f7fe4_p1: cached
[8500/9968] 02179_cd5f27bd_p14: cached
[8525/9968] 04073_d9545de1_p66: cached
[8550/9968] 02631_9d2b6ac8_p74: cached
[8575/9968] 03710_5b78451e_p23: cached
[8600/9968] 00294_14c36b2d_p14: cached
[8625/9968] 01792_89c8006d_p15: cached
[8650/9968] 02913_452e3fe5_p16: cached
[8675/9968] 00271_943105aa_p14: cached
[8700/9968] 04605_9f8df108_p58: cached
[8725/9968] 02622_aa723993_p22: cached
[8750/9968] 03733_bcf5735d_p21: cached
[8775/9968] 01298_94621229_p23: cached
[8800/9968] 00680_dca3938f_p98: cached
[8825/9968] 00674_f9f51d6d_p15: cached
[8850/9968] 04888_e19b1fc0_p26: cached
[8875/9968] 01730_d6fa035d_p75: cached
[8900/9968] 03549_23551957_p42: cached
[8925/9968] 01005_6ffb550a_p10: cached
[8950/9968] 03469_b637a53b_p38: cached
[8975/9968] 01403_9b3d4af2_p6: cached
[9000/9968] 01553_86d68644_p10: cached
[9025/9968] 05002_8695c02b_p46: cached
[9050/9968] 00812_5c5194d6_p6: cached
[9075/9968] 00072_0d48eae3_p39: cached
[9100/9968] 04174_de4c93cb_p1: cached
[9125/9968] 02805_55dc4296_p13: cached
[9150/9968] 01012_49d714b0_p42: cached
[9175/9968] 02071_dfe77e50_p38: cached
[9200/9968] 01921_36b739e7_p20: cached
[9225/9968] 02720_20b16e76_p20: cached
[9250/9968] 01770_945ad2e9_p39: cached
[9275/9968] 01658_583ff0dd_p32: cached
[9300/9968] 00538_a1da2ede_p2: cached
[9325/9968] 04498_42d49905_p1: cached
[9350/9968] 00241_8098b228_p35: cached
[9375/9968] 00871_56efae8c_p32: cached
[9400/9968] 03934_ca0f3396_p5: cached
[9425/9968] 04845_dca42760_p95: cached
[9450/9968] 04251_0f4cdc7c_p56: cached
[9475/9968] 04265_9f02428e_p4: cached
[9500/9968] 04453_41d6b1ba_p77: cached
[9525/9968] 03882_e78cea7e_p57: cached
[9550/9968] 01538_a6cffc74_p36: cached
[9575/9968] 03326_7f56b2f2_p5: cached
[9600/9968] 00670_9fbd4dc9_p49: cached
[9625/9968] 04970_d3133514_p23: cached
[9650/9968] 04335_0e28cda8_p9: cached
[9675/9968] 04931_fa266d73_p18: cached
[9700/9968] 01675_297aeba6_p12: cached
[9725/9968] 00715_ad47f7c7_p1: cached
[9750/9968] 02396_ab1352d1_p77: cached
[9775/9968] 02679_8199ad45_p21: cached
[9800/9968] 00356_36f88b26_p58: cached
[9825/9968] 04725_5b3e4909_p20: cached
[9850/9968] 01647_c839b3be_p4: cached
[9875/9968] 01397_35e61e02_p68: cached
[9900/9968] 01636_7bca0464_p2: cached
[9925/9968] 03185_c0f6e2de_p9: cached
[9950/9968] 01297_366aca74_p49: cached
[9968/9968] 04198_086bd4b5_p2: status FAILED after 31s
parsed 9967/9968; 1 errors this run
=== parse magazines-10k-pages pass 3 14:45 have 9967/9968
[25/9968] 02423_0bbf44a8_p4: cached
[50/9968] 04045_8b20e630_p6: cached
[75/9968] 01798_50105a59_p127: cached
[100/9968] 02345_98ce09d1_p11: cached
[125/9968] 01852_de07ad81_p29: cached
[150/9968] 04219_52c97ece_p19: cached
[175/9968] 01745_11fc5c98_p3: cached
[200/9968] 02940_731814b3_p15: cached
[225/9968] 03595_a224dec9_p138: cached
[250/9968] 01724_8a77e31e_p7: cached
[275/9968] 04181_7b2a33c0_p19: cached
[300/9968] 04316_6c5a2952_p12: cached
[325/9968] 04973_4d474066_p19: cached
[350/9968] 00377_220e6e48_p5: cached
[375/9968] 03030_221d6790_p78: cached
[400/9968] 04881_9491c05e_p106: cached
[425/9968] 02306_fe0d2056_p3: cached
[450/9968] 04289_ae52e324_p1: cached
[475/9968] 02162_a2790f9d_p2: cached
[500/9968] 00835_7e3d2ae1_p5: cached
[525/9968] 00205_9020084c_p11: cached
[550/9968] 00633_8b4642af_p33: cached
[575/9968] 01116_dd23621d_p5: cached
[600/9968] 00230_2f199e4c_p22: cached
[625/9968] 03475_324700f8_p73: cached
[650/9968] 01754_a1f03d88_p16: cached
[675/9968] 03013_1ddbbcf5_p74: cached
[700/9968] 00601_8b51ea07_p13: cached
[725/9968] 03237_db9fcbf9_p29: cached
[750/9968] 00452_9926557c_p39: cached
[775/9968] 00452_9926557c_p29: cached
[800/9968] 05000_d5bec3b7_p18: cached
[825/9968] 03366_d2b6b4d9_p29: cached
[850/9968] 01198_1ce38c72_p30: cached
[875/9968] 03283_ffd836e2_p33: cached
[900/9968] 01661_13d60c4a_p8: cached
[925/9968] 00920_5287359a_p12: cached
[950/9968] 01731_728e9c11_p3: cached
[975/9968] 04824_84dbec7f_p42: cached
[1000/9968] 04805_ca6159f0_p26: cached
[1025/9968] 04233_568e29b7_p7: cached
[1050/9968] 04965_fc5fe2e9_p73: cached
[1075/9968] 04251_0f4cdc7c_p15: cached
[1100/9968] 04712_1b466f15_p1: cached
[1125/9968] 02480_ad849364_p10: cached
[1150/9968] 02886_39fdbd44_p11: cached
[1175/9968] 00012_2cf93586_p1: cached
[1200/9968] 01917_dde61235_p6: cached
[1225/9968] 01779_3cdcbe66_p57: cached
[1250/9968] 02340_5640bcd5_p2: cached
[1275/9968] 04531_495f3788_p12: cached
[1300/9968] 02555_b98cbecd_p7: cached
[1325/9968] 00977_2f6fafd3_p109: cached
[1350/9968] 04835_83bcb1b5_p6: cached
[1375/9968] 02892_1ec1bee0_p14: cached
[1400/9968] 00340_5fa763ab_p2: cached
[1425/9968] 01901_1ea0dbb2_p45: cached
[1450/9968] 02810_e15acbf5_p71: cached
[1475/9968] 03454_af94e93f_p39: cached
[1500/9968] 00300_283294cc_p10: cached
[1525/9968] 03732_b01fc594_p37: cached
[1550/9968] 03963_2397e96c_p75: cached
[1575/9968] 03961_9e8dc9d7_p12: cached
[1600/9968] 01590_8b83b731_p55: cached
[1625/9968] 04736_9a18aaff_p53: cached
[1650/9968] 02513_d55e35b3_p7: cached
[1675/9968] 02592_46da74c5_p27: cached
[1700/9968] 03003_736ecbe1_p2: cached
[1725/9968] 03365_f79123cd_p61: cached
[1750/9968] 03195_ec6c8284_p63: cached
[1775/9968] 03287_88d16600_p12: cached
[1800/9968] 04347_4e3ca49c_p1: cached
[1825/9968] 01341_4fe271d5_p16: cached
[1850/9968] 00296_720d8ef7_p26: cached
[1875/9968] 01582_e3f21771_p37: cached
[1900/9968] 03363_90305600_p3: cached
[1925/9968] 03476_1a9bd9f8_p2: cached
[1950/9968] 02764_c50b9186_p23: cached
[1975/9968] 02593_be06086a_p8: cached
[2000/9968] 01803_d5495198_p25: cached
[2025/9968] 02121_2e411cd2_p27: cached
[2050/9968] 01100_abb320f5_p10: cached
[2075/9968] 04852_4c252cb9_p36: cached
[2100/9968] 03775_e7627005_p43: cached
[2125/9968] 04520_270c39f2_p24: cached
[2150/9968] 03661_91f46917_p9: cached
[2175/9968] 02689_368d0cb0_p1: cached
[2200/9968] 01624_5040a8af_p5: cached
[2225/9968] 04312_a8902452_p59: cached
[2250/9968] 00530_c000ea72_p23: cached
[2275/9968] 00125_0e57f33b_p12: cached
[2300/9968] 01422_474d7c6d_p10: cached
[2325/9968] 02300_031773ce_p64: cached
[2350/9968] 00232_e5c8a3a0_p2: cached
[2375/9968] 00999_7e8e5e7b_p4: cached
[2400/9968] 00754_e6400a7b_p12: cached
[2425/9968] 03927_7f4c140f_p55: cached
[2450/9968] 00553_d9b9ca42_p19: cached
[2475/9968] 04489_67f0d900_p34: cached
[2500/9968] 04429_76280334_p7: cached
[2525/9968] 01603_2f9a7b2c_p329: cached
[2550/9968] 01154_cc48a017_p56: cached
[2575/9968] 04490_1e20e47b_p33: cached
[2600/9968] 04946_ad95c6a3_p12: cached
[2625/9968] 00277_010065a2_p29: cached
[2650/9968] 02999_4605eec8_p87: cached
[2675/9968] 02474_f658b092_p7: cached
[2700/9968] 00952_d76248fc_p5: cached
[2725/9968] 01421_bd209691_p165: cached
[2750/9968] 03574_4a25a202_p12: cached
[2775/9968] 02413_8ce008bc_p11: cached
[2800/9968] 04449_56a2d86b_p5: cached
[2825/9968] 01344_e842d23d_p7: cached
[2850/9968] 01438_8d3231e7_p1: cached
[2875/9968] 03737_1228e49d_p41: cached
[2900/9968] 01470_026a74ce_p8: cached
[2925/9968] 04257_52cae0ed_p1: cached
[2950/9968] 04580_24253a15_p4: cached
[2975/9968] 03509_8c15621a_p57: cached
[3000/9968] 03450_480e65a1_p44: cached
[3025/9968] 00239_5887d6d2_p1: cached
[3050/9968] 00118_56d1fdce_p6: cached
[3075/9968] 03647_4ef925dd_p21: cached
[3100/9968] 02679_8199ad45_p20: cached
[3125/9968] 01740_6fb0f691_p12: cached
[3150/9968] 04616_a215cd6d_p82: cached
[3175/9968] 02389_6d2928fe_p71: cached
[3200/9968] 02889_609f724c_p2: cached
[3225/9968] 01041_c3a232a7_p22: cached
[3250/9968] 02003_51e36d2d_p1: cached
[3275/9968] 03463_7a47ec7f_p10: cached
[3300/9968] 02764_c50b9186_p54: cached
[3325/9968] 01928_59384b5f_p11: cached
[3350/9968] 04388_303eda7e_p2: cached
[3375/9968] 04847_032c2b1a_p70: cached
[3400/9968] 04825_f2a384d8_p79: cached
[3425/9968] 00704_cf957270_p180: cached
[3450/9968] 01851_d3ad7f26_p10: cached
[3475/9968] 02066_94f6296d_p17: cached
[3500/9968] 04404_030956e1_p85: cached
[3525/9968] 01966_28abc246_p60: cached
[3550/9968] 04303_9b193621_p59: cached
[3575/9968] 04848_27503ee7_p28: cached
[3600/9968] 03109_7db4ad75_p2: cached
[3625/9968] 03357_6bf92521_p3: cached
[3650/9968] 01302_172f52e9_p15: cached
[3675/9968] 04729_fbf20282_p1: cached
[3700/9968] 04949_4d8a13d6_p10: cached
[3725/9968] 00830_e2be5ab2_p16: cached
[3750/9968] 00229_402ffac6_p25: cached
[3775/9968] 00414_489a4428_p13: cached
[3800/9968] 03250_bfdf52cf_p16: cached
[3825/9968] 01569_1c564c7a_p4: cached
[3850/9968] 00979_dd5bd2a9_p107: cached
[3875/9968] 01722_8dc51d10_p18: cached
[3900/9968] 02643_8e25736e_p16: cached
[3925/9968] 03453_661b6585_p33: cached
[3950/9968] 02541_bf22ffed_p15: cached
[3975/9968] 03618_6ffeafac_p22: cached
[4000/9968] 00631_e03b516d_p20: cached
[4025/9968] 00151_a1b2091b_p2: cached
[4050/9968] 02590_3c29150e_p11: cached
[4075/9968] 03997_60a0714d_p182: cached
[4100/9968] 02645_3bb7efa7_p73: cached
[4125/9968] 03045_be49e149_p6: cached
[4150/9968] 03619_04100988_p93: cached
[4175/9968] 02387_e1fbe110_p19: cached
[4200/9968] 01284_db33db0a_p20: cached
[4225/9968] 03858_3887d8fe_p15: cached
[4250/9968] 03189_a95d18fa_p25: cached
[4275/9968] 04718_a1fdbd66_p64: cached
[4300/9968] 03904_26feea1b_p62: cached
[4325/9968] 02795_a650f7a4_p46: cached
[4350/9968] 02827_68438e8c_p59: cached
[4375/9968] 01681_002b2a71_p23: cached
[4400/9968] 04349_2133bec2_p6: cached
[4425/9968] 02561_0d0c9bc0_p23: cached
[4450/9968] 00762_967edb26_p87: cached
[4475/9968] 04870_8ac03988_p4: cached
[4500/9968] 04753_cb30dbe8_p2: cached
[4525/9968] 00773_a58c1b32_p1: cached
[4550/9968] 02509_fdfbbc51_p8: cached
[4575/9968] 00145_601a17cd_p46: cached
[4600/9968] 01709_7da68051_p4: cached
[4625/9968] 02832_aec4c799_p1: cached
[4650/9968] 02696_eda463c0_p15: cached
[4675/9968] 01168_5cca5ef7_p15: cached
[4700/9968] 04125_b57621fc_p43: cached
[4725/9968] 04831_956716ad_p3: cached
[4750/9968] 00157_303b3b1c_p8: cached
[4775/9968] 04163_34e427b8_p96: cached
[4800/9968] 01667_4df99ecc_p15: cached
[4825/9968] 01291_de71c395_p1: cached
[4850/9968] 04882_b097a3d3_p2: cached
[4875/9968] 04945_70a5aa9e_p16: cached
[4900/9968] 00389_9180bbbc_p9: cached
[4925/9968] 02100_bb8e2c61_p97: cached
[4950/9968] 01854_7ea99263_p56: cached
[4975/9968] 00903_e3e3f736_p72: cached
[5000/9968] 04333_9caa1162_p43: cached
[5025/9968] 04932_cbbd2c5b_p32: cached
[5050/9968] 04544_5ae5f704_p10: cached
[5075/9968] 02459_1130115e_p83: cached
[5100/9968] 01052_814a37b6_p1: cached
[5125/9968] 01764_50567882_p19: cached
[5150/9968] 04471_ede44a84_p12: cached
[5175/9968] 01043_280765cb_p7: cached
[5200/9968] 03519_1efbc651_p3: cached
[5225/9968] 00066_6c4187db_p5: cached
[5250/9968] 03547_48ff6b55_p4: cached
[5275/9968] 04849_ede0ce4b_p5: cached
[5300/9968] 04683_1a5074de_p6: cached
[5325/9968] 00573_6af46899_p24: cached
[5350/9968] 03163_d2730ba3_p10: cached
[5375/9968] 03331_ef8c9e8b_p28: cached
[5400/9968] 01999_c3783296_p13: cached
[5425/9968] 03652_04f9193f_p3: cached
[5450/9968] 04126_4236f858_p20: cached
[5475/9968] 01414_30865753_p41: cached
[5500/9968] 03373_21ddbbfb_p7: cached
[5525/9968] 01025_1ed9e6f1_p423: cached
[5550/9968] 01159_bd097ee4_p44: cached
[5575/9968] 00481_14e547b1_p36: cached
[5600/9968] 02746_9ade3638_p8: cached
[5625/9968] 00706_f0b47ae0_p7: cached
[5650/9968] 01207_7b349807_p3: cached
[5675/9968] 02417_59abe8ff_p13: cached
[5700/9968] 01651_7f6c303a_p1: cached
[5725/9968] 01182_7e684953_p16: cached
[5750/9968] 03314_14ff35d5_p13: cached
[5775/9968] 02026_bf903d0e_p1: cached
[5800/9968] 01063_1d9a1b57_p25: cached
[5825/9968] 02871_a2608f2c_p23: cached
[5850/9968] 04906_5f84f939_p17: cached
[5875/9968] 03735_3310d67b_p7: cached
[5900/9968] 01554_e6c5419d_p11: cached
[5925/9968] 00960_b36828c9_p10: cached
[5950/9968] 00177_a0a95f4f_p17: cached
[5975/9968] 00528_7507d6b1_p22: cached
[6000/9968] 02689_368d0cb0_p2: cached
[6025/9968] 02619_cf1c87f7_p11: cached
[6050/9968] 02788_7d5b0d7a_p116: cached
[6075/9968] 03119_0dbcf312_p14: cached
[6100/9968] 04471_ede44a84_p15: cached
[6125/9968] 03796_a42f7532_p151: cached
[6150/9968] 03140_faa48ac9_p7: cached
[6175/9968] 04291_c5fce2a2_p13: cached
[6200/9968] 02290_8091293d_p2: cached
[6225/9968] 03519_1efbc651_p33: cached
[6250/9968] 02120_3362114a_p45: cached
[6275/9968] 04634_33ad46bc_p18: cached
[6300/9968] 00318_3653a2e9_p1: cached
[6325/9968] 00791_3e8d5db5_p5: cached
[6350/9968] 02974_23b29ab3_p38: cached
[6375/9968] 00256_c6d9c3b1_p9: cached
[6400/9968] 04207_26f4cbff_p36: cached
[6425/9968] 03528_6355a175_p7: cached
[6450/9968] 03569_22d34c8d_p19: cached
[6475/9968] 00518_c6d10418_p5: cached
[6500/9968] 01662_c7506b0a_p9: cached
[6525/9968] 02442_e7db7053_p38: cached
[6550/9968] 01296_b36980c7_p6: cached
[6575/9968] 00144_60d79994_p70: cached
[6600/9968] 02243_a04775f2_p11: cached
[6625/9968] 03931_ab30119f_p1: cached
[6650/9968] 04223_6d21a559_p9: cached
[6675/9968] 01850_34f7d43b_p4: cached
[6700/9968] 02678_4236cbfc_p16: cached
[6725/9968] 01350_e66f3ff4_p43: cached
[6750/9968] 00651_d5329257_p3: cached
[6775/9968] 04215_f99b8941_p9: cached
[6800/9968] 04726_d99c70ee_p49: cached
[6825/9968] 00137_7fd7f57e_p20: cached
[6850/9968] 00199_afb3f909_p40: cached
[6875/9968] 02967_7efbbe36_p7: cached
[6900/9968] 02959_9724e847_p58: cached
[6925/9968] 01700_34d2262a_p192: cached
[6950/9968] 04408_c782a845_p23: cached
[6975/9968] 01311_4317e2bb_p9: cached
[7000/9968] 03676_b7ca7289_p18: cached
[7025/9968] 03970_a97747af_p1: cached
[7050/9968] 01744_41dfd167_p97: cached
[7075/9968] 00925_8cd1a0cd_p17: cached
[7100/9968] 04127_af75876f_p13: cached
[7125/9968] 04356_11509e9a_p46: cached
[7150/9968] 00684_757139d6_p23: cached
[7175/9968] 01598_8016c0e1_p44: cached
[7200/9968] 02095_0880d672_p49: cached
[7225/9968] 03605_3ab1e0c2_p6: cached
[7250/9968] 03090_71b5f628_p14: cached
[7275/9968] 01510_2438dcaf_p16: cached
[7300/9968] 03804_f6ecf1aa_p8: cached
[7325/9968] 03641_87132442_p1: cached
[7350/9968] 04450_bec08d34_p9: cached
[7375/9968] 00022_ed7167fb_p13: cached
[7400/9968] 03651_d8326f4f_p11: cached
[7425/9968] 04401_5732f648_p16: cached
[7450/9968] 03843_4adf61fb_p38: cached
[7475/9968] 01531_e916d95c_p54: cached
[7500/9968] 01183_cf3929d1_p53: cached
[7525/9968] 04151_009d512d_p9: cached
[7550/9968] 04423_8ff24559_p10: cached
[7575/9968] 01560_23690a64_p13: cached
[7600/9968] 01334_657725bb_p11: cached
[7625/9968] 00262_21640fff_p30: cached
[7650/9968] 02057_308813aa_p74: cached
[7675/9968] 02797_f4986e26_p4: cached
[7700/9968] 03902_88bcba81_p32: cached
[7725/9968] 04033_29ffe7f2_p19: cached
[7750/9968] 04046_c068e502_p16: cached
[7775/9968] 03182_ea6a4481_p27: cached
[7800/9968] 01102_0d21944a_p7: cached
[7825/9968] 04515_c15213d4_p1: cached
[7850/9968] 01650_12eb8582_p8: cached
[7875/9968] 00418_455ac686_p17: cached
[7900/9968] 01424_3a7787f2_p34: cached
[7925/9968] 01306_eb1b43e9_p4: cached
[7950/9968] 02189_a9678a39_p22: cached
[7975/9968] 03924_71166c27_p51: cached
[8000/9968] 03416_8f4eb1ba_p32: cached
[8025/9968] 01077_b0347eef_p7: cached
[8050/9968] 02856_ae042b1d_p72: cached
[8075/9968] 04013_d50ee6cd_p61: cached
[8100/9968] 04190_46ac7339_p8: cached
[8125/9968] 02933_793b984e_p23: cached
[8150/9968] 01676_60c2b334_p67: cached
[8175/9968] 03937_89ad744c_p186: cached
[8200/9968] 01829_2d2c55c9_p169: cached
[8225/9968] 03374_b98ba390_p260: cached
[8250/9968] 02068_d7199bac_p16: cached
[8275/9968] 02412_993d3adf_p51: cached
[8300/9968] 02815_d54b7aa9_p2: cached
[8325/9968] 00967_f805bb11_p4: cached
[8350/9968] 03009_36f7c7bc_p36: cached
[8375/9968] 01622_01546a88_p17: cached
[8400/9968] 00035_37ecf866_p5: cached
[8425/9968] 03313_bd6f24ab_p37: cached
[8450/9968] 00233_c415d5aa_p1: cached
[8475/9968] 01271_cc7f6f22_p21: cached
[8500/9968] 00276_d41e806e_p17: cached
[8525/9968] 00730_91e941b9_p8: cached
[8550/9968] 03257_6fca8805_p43: cached
[8575/9968] 04677_b58bf956_p28: cached
[8600/9968] 03604_db4338b1_p25: cached
[8625/9968] 01618_f6073ce6_p14: cached
[8650/9968] 03755_ad6417e7_p4: cached
[8675/9968] 00067_4820063e_p2: cached
[8700/9968] 00046_a0fcd486_p16: cached
[8725/9968] 03057_8049e521_p94: cached
[8750/9968] 02927_02d20a4b_p8: cached
[8775/9968] 02744_04d11bb0_p2: cached
[8800/9968] 02605_ead78a11_p12: cached
[8825/9968] 01796_cbde5d36_p47: cached
[8850/9968] 03764_3d0e64fc_p95: cached
[8875/9968] 00437_b23982f2_p21: cached
[8900/9968] 05013_252a103c_p81: cached
[8925/9968] 03039_6a4be5c1_p13: cached
[8950/9968] 01976_151dc1b9_p38: cached
[8975/9968] 02105_d57c85b3_p50: cached
[9000/9968] 04130_8bbce475_p42: cached
[9025/9968] 02283_01484aef_p64: cached
[9050/9968] 03025_90789d3e_p150: cached
[9075/9968] 04953_0d4bb556_p30: cached
[9100/9968] 01934_c26116a1_p32: cached
[9125/9968] 02415_fd144fa5_p5: cached
[9150/9968] 01950_5c776854_p2: cached
[9175/9968] 01601_503af2b1_p48: cached
[9200/9968] 03036_48f88c28_p2: cached
[9225/9968] 00508_6d86f471_p16: cached
[9250/9968] 03069_39665f33_p16: cached
[9275/9968] 02542_51bb3df2_p8: cached
[9300/9968] 03646_f1b64d7e_p84: cached
[9325/9968] 03363_90305600_p4: cached
[9350/9968] 02912_70f28217_p1: cached
[9375/9968] 00600_4b813c0f_p35: cached
[9400/9968] 03778_93cca408_p7: cached
[9425/9968] 02794_56043859_p46: cached
[9450/9968] 04940_5ca7b5ae_p12: cached
[9475/9968] 02300_031773ce_p39: cached
[9500/9968] 03559_fdb78b26_p25: cached
[9525/9968] 01693_f753dbf3_p15: cached
[9550/9968] 01557_8f79e6b1_p65: cached
[9575/9968] 04994_34bc8ae4_p58: cached
[9600/9968] 00852_4c4e08fa_p11: cached
[9625/9968] 01069_c1f10ab7_p11: cached
[9650/9968] 00697_6f5394e3_p58: cached
[9675/9968] 04055_10b06eaf_p131: cached
[9700/9968] 03945_c04ff84b_p8: cached
[9725/9968] 03355_ba2bf366_p8: cached
[9750/9968] 00709_37b0d4ba_p86: cached
[9775/9968] 03907_a90b727a_p23: cached
[9800/9968] 03723_01377de1_p14: cached
[9825/9968] 04781_ddd0555c_p75: cached
[9850/9968] 03503_3202bb39_p19: cached
[9875/9968] 04176_b7f75821_p16: cached
[9900/9968] 03466_b88db4f4_p4: cached
[9925/9968] 01830_bf392281_p32: cached
[9950/9968] 02731_22b650b3_p36: cached
[9968/9968] 04198_086bd4b5_p2: status FAILED after 31s
parsed 9967/9968; 1 errors this run
=== select sota-v1-sample 14:45
selected 10461 pages -> /Users/aman/Desktop/SFT-data-with-annotations/sota-v1-sample
=== parse sota-v1-sample pass 1 14:46 have 0/10461
[25/10461] 00000_000d23da_p6: ok md=6182 32s
[50/10461] 00074_03a913ec_p10: ok md=2804 47s
[75/10461] 00041_0219bc5d_p66: ok md=237 48s
[100/10461] 00042_0222aa15_p336: ok md=2037 62s
[125/10461] 00092_04385747_p6: ok md=3504 33s
[150/10461] 00054_02a8ea2a_p25: ok md=898 78s
=== select magazines-10k-pages 14:47
=== parse magazines-10k-pages pass 1 14:47 have 9967/9968
[25/9968] 01793_30a656cc_p52: cached
[50/9968] 00266_5c0bdbb9_p153: cached
[75/9968] 03984_4332663d_p54: cached
[100/9968] 02920_b6ec6072_p64: cached
[125/9968] 05016_ce4a7ce1_p5: cached
[150/9968] 01738_36d312f1_p3: cached
[175/9968] 02977_64a30ec4_p43: cached
[200/9968] 01696_04368233_p33: cached
[225/9968] 02763_b34f0ede_p4: cached
[250/9968] 02209_ee5d20fc_p43: cached
[275/9968] 01596_b259a2ee_p101: cached
[300/9968] 04220_31734122_p3: cached
[325/9968] 02348_e3f1c755_p10: cached
[350/9968] 02224_7f794d85_p5: cached
[375/9968] 03041_d6f413c9_p20: cached
[400/9968] 03960_42feaa28_p133: cached
[425/9968] 03379_4078693a_p3: cached
[450/9968] 02833_2ad0732d_p5: cached
[475/9968] 00905_27aca3c8_p4: cached
[500/9968] 02864_e7f40858_p2: cached
[525/9968] 03428_37d02ae6_p3: cached
[550/9968] 01404_6e87193b_p15: cached
[575/9968] 00113_f5e547be_p40: cached
[600/9968] 01139_2da39dff_p11: cached
[625/9968] 03377_9ae030de_p4: cached
[650/9968] 02232_d82b9eb7_p62: cached
[675/9968] 01111_522c0fc8_p19: cached
[700/9968] 03494_3d7e2cc0_p19: cached
[725/9968] 03502_6e06bd72_p126: cached
[750/9968] 02077_ffe875ac_p36: cached
[775/9968] 02559_cfabb76d_p30: cached
[800/9968] 04752_42f37694_p82: cached
[825/9968] 04620_9ddf205c_p43: cached
[850/9968] 01685_5ab97cc4_p10: cached
[875/9968] 00892_3a54e9d7_p55: cached
[900/9968] 03504_92f1c27e_p30: cached
[925/9968] 02672_85071813_p47: cached
[950/9968] 00338_6cfc34c8_p8: cached
[975/9968] 03475_324700f8_p4: cached
[1000/9968] 00937_e1b9d5a4_p2: cached
[1025/9968] 01345_748af6f5_p44: cached
[1050/9968] 04907_1657442d_p6: cached
[1075/9968] 02452_8fce48aa_p89: cached
[1100/9968] 02098_137ad3c5_p14: cached
[1125/9968] 02327_546218f6_p11: cached
[1150/9968] 01699_26225b0d_p6: cached
[1175/9968] 03370_a3715706_p2: cached
[1200/9968] 00611_ebc951f4_p112: cached
[1225/9968] 00416_3e39df8b_p113: cached
[1250/9968] 04122_63c28c18_p10: cached
[1275/9968] 03391_d69bb493_p58: cached
[1300/9968] 02400_c145754e_p2: cached
[1325/9968] 04018_e839fcb7_p30: cached
[1350/9968] 03012_9ee00f6a_p14: cached
[1375/9968] 01661_13d60c4a_p8: cached
[1400/9968] 02567_1e49be89_p25: cached
[1425/9968] 00506_b164449b_p37: cached
[1450/9968] 03727_c66404c9_p4: cached
[1475/9968] 01987_aa0736de_p71: cached
[1500/9968] 03932_45bb6127_p1: cached
[1525/9968] 04389_eaa14b30_p3: cached
[1550/9968] 02648_fba45448_p22: cached
[1575/9968] 02993_f9c04974_p11: cached
[1600/9968] 01238_6167631b_p8: cached
[1625/9968] 04478_8528521c_p27: cached
[1650/9968] 01344_e842d23d_p5: cached
[1675/9968] 00925_8cd1a0cd_p28: cached
[1700/9968] 01947_36fe8d3b_p136: cached
[1725/9968] 01874_ff82ae4b_p8: cached
[1750/9968] 00640_3165c4c2_p23: cached
[1775/9968] 04520_270c39f2_p24: cached
[1800/9968] 01404_6e87193b_p12: cached
[1825/9968] 04564_f5e8c2cf_p22: cached
[1850/9968] 02084_97d7144d_p3: cached
[1875/9968] 03664_c0de912a_p9: cached
[1900/9968] 00644_fe66625e_p29: cached
[1925/9968] 01278_ba471ab4_p41: cached
[1950/9968] 00593_1230b0a9_p30: cached
[1975/9968] 04317_d112ab57_p2: cached
[2000/9968] 03563_c66f207f_p70: cached
[2025/9968] 03974_f210e6af_p51: cached
[2050/9968] 03999_c46ce049_p227: cached
[2075/9968] 03744_4a3f1a69_p15: cached
[2100/9968] 03241_0f3aad24_p21: cached
[2125/9968] 01835_b7641872_p37: cached
[2150/9968] 03169_b027aa44_p8: cached
[2175/9968] 02723_bc118310_p12: cached
[2200/9968] 03610_0290e1e7_p4: cached
[2225/9968] 04275_3927d1b6_p1: cached
[2250/9968] 03126_7bc913da_p4: cached
[2275/9968] 03171_5a597c36_p5: cached
[2300/9968] 02201_582fe85f_p97: cached
[2325/9968] 04439_b68b9e8c_p9: cached
[2350/9968] 02777_727fa09b_p7: cached
[2375/9968] 02430_16f1e7e1_p3: cached
[2400/9968] 00650_c31a49ba_p1: cached
[2425/9968] 00267_fa1fd907_p18: cached
[2450/9968] 00502_bb9297f3_p6: cached
[2475/9968] 04179_ea16a1b2_p3: cached
[2500/9968] 03777_f010df38_p3: cached
[2525/9968] 01649_7713f08c_p31: cached
[2550/9968] 00530_c000ea72_p120: cached
[2575/9968] 02653_7d23e643_p12: cached
[2600/9968] 04347_4e3ca49c_p1: cached
[2625/9968] 03977_bb8dc773_p4: cached
[2650/9968] 00567_eb8d9fd8_p4: cached
[2675/9968] 01341_4fe271d5_p16: cached
[2700/9968] 03791_3c2a04f3_p9: cached
[2725/9968] 00224_f6adb8c2_p34: cached
[2750/9968] 02908_5b5b5718_p2: cached
[2775/9968] 01834_93923e6c_p14: cached
[2800/9968] 02473_c0b616e6_p13: cached
[2825/9968] 03918_47710604_p5: cached
[2850/9968] 03792_c2eda804_p13: cached
[2875/9968] 02044_bbbeb6d7_p59: cached
[2900/9968] 03450_480e65a1_p53: cached
[2925/9968] 01232_bc585f11_p33: cached
[2950/9968] 00292_4bf9bf49_p32: cached
[2975/9968] 04267_96437806_p9: cached
[3000/9968] 00563_d753de3d_p24: cached
[3025/9968] 00137_7fd7f57e_p11: cached
[3050/9968] 00663_f1b09041_p11: cached
[3075/9968] 02181_8d9f40c7_p18: cached
[3100/9968] 01585_0b5a2186_p55: cached
[3125/9968] 03674_e2f3442c_p31: cached
[3150/9968] 04828_3244baa4_p17: cached
[3175/9968] 03588_9ef630cc_p5: cached
[3200/9968] 00788_c450b56c_p1: cached
[3225/9968] 05014_baeab757_p90: cached
[3250/9968] 04592_5bdcad37_p36: cached
[3275/9968] 01974_10cda619_p32: cached
[3300/9968] 02835_a3cb9215_p59: cached
[3325/9968] 01228_d4ec793e_p18: cached
[3350/9968] 01516_9401161c_p64: cached
[3375/9968] 04183_721c5372_p16: cached
[3400/9968] 01306_eb1b43e9_p2: cached
[3425/9968] 04201_991df82f_p3: cached
[3450/9968] 03216_512bb034_p49: cached
[3475/9968] 01276_0a62623f_p58: cached
[3500/9968] 04052_71116e8f_p8: cached
[3525/9968] 03922_b424e3df_p20: cached
[3550/9968] 01846_82286d12_p5: cached
[3575/9968] 01457_3831735e_p25: cached
[3600/9968] 04257_52cae0ed_p4: cached
[3625/9968] 01836_9282aa0b_p30: cached
[3650/9968] 00475_e09a51d6_p32: cached
[3675/9968] 00444_50c8631b_p11: cached
[3700/9968] 04699_b61e28b4_p15: cached
[3725/9968] 02975_54b18861_p77: cached
[3750/9968] 00229_402ffac6_p25: cached
[3775/9968] 01164_a96a94e2_p71: cached
[3800/9968] 02398_4a8a0497_p1: cached
[3825/9968] 03282_1c0fdf97_p15: cached
[3850/9968] 00690_36c86264_p62: cached
[3875/9968] 03547_48ff6b55_p3: cached
[3900/9968] 02896_616457b7_p15: cached
[3925/9968] 00950_6ed5296c_p107: cached
[3950/9968] 01534_456011e7_p18: cached
[3975/9968] 04071_db00fa93_p30: cached
[4000/9968] 03214_b9256555_p20: cached
[4025/9968] 04252_91624b55_p24: cached
[4050/9968] 04629_0063ab31_p10: cached
[4075/9968] 03968_81cccde3_p5: cached
[4100/9968] 04954_9129ba58_p3: cached
[4125/9968] 04841_be8d08eb_p21: cached
[4150/9968] 00339_ece12d15_p52: cached
[4175/9968] 03469_b637a53b_p56: cached
[4200/9968] 04943_887fac04_p48: cached
[4225/9968] 03957_d1f33bc5_p20: cached
[4250/9968] 02663_7ead6f58_p6: cached
[4275/9968] 01399_07162793_p1: cached
[4300/9968] 02537_aa028336_p23: cached
[4325/9968] 03410_025cc380_p7: cached
[4350/9968] 01020_eb449661_p48: cached
[4375/9968] 03393_537f6601_p4: cached
[4400/9968] 00070_a2fe06c6_p23: cached
[4425/9968] 01885_f41cb590_p1: cached
[4450/9968] 02116_c2eea2fd_p2: cached
[4475/9968] 02074_e9a98f74_p96: cached
[4500/9968] 01362_0e6a2a59_p61: cached
[4525/9968] 04890_777e42a2_p2: cached
[4550/9968] 02132_39bb4df5_p26: cached
[4575/9968] 02463_f0af8b7c_p28: cached
[4600/9968] 00592_011ce80a_p7: cached
[4625/9968] 04093_a49e408f_p114: cached
[4650/9968] 04542_34262178_p90: cached
[4675/9968] 00096_2888f3a2_p5: cached
[4700/9968] 00556_7d83989f_p28: cached
[4725/9968] 02898_21dc04b4_p60: cached
[4750/9968] 00456_a6248f40_p6: cached
[4775/9968] 02825_b1dafb00_p3: cached
[4800/9968] 04372_9751a66e_p32: cached
[4825/9968] 01855_eb937bb7_p7: cached
[4850/9968] 01621_7bc56fa7_p6: cached
[4875/9968] 03335_32ad90b9_p14: cached
[4900/9968] 01645_93d073c7_p9: cached
[4925/9968] 00439_2f9a7997_p91: cached
[4950/9968] 01352_b1ea9848_p5: cached
[4975/9968] 01525_40a15213_p4: cached
[5000/9968] 01600_bc6f371c_p17: cached
[5025/9968] 00202_89d573dd_p13: cached
[5050/9968] 02626_a22112c0_p3: cached
[5075/9968] 03846_1d7e8fd7_p1: cached
[5100/9968] 01463_80f4df29_p23: cached
[5125/9968] 00266_5c0bdbb9_p143: cached
[5150/9968] 00506_b164449b_p14: cached
[5175/9968] 01043_280765cb_p7: cached
[5200/9968] 02142_6561b83a_p20: cached
[5225/9968] 01548_b1843b10_p78: cached
[5250/9968] 03215_123b51e7_p4: cached
[5275/9968] 04719_ad7ced98_p50: cached
[5300/9968] 00875_91fe8775_p82: cached
[5325/9968] 04976_8caa5c13_p8: cached
[5350/9968] 04576_21c6bbaa_p28: cached
[5375/9968] 02970_dd8f9884_p3: cached
[5400/9968] 02231_4c3cb5c0_p3: cached
[5425/9968] 01431_dca1040f_p7: cached
[5450/9968] 00134_be4700db_p7: cached
[5475/9968] 01150_731894f1_p4: cached
[5500/9968] 04059_22083cce_p95: cached
[5525/9968] 00160_2568c569_p11: cached
[5550/9968] 02665_35848fb0_p1: cached
[5575/9968] 04426_ea84fa7a_p11: cached
[5600/9968] 04849_ede0ce4b_p5: cached
[5625/9968] 02474_f658b092_p2: cached
[5650/9968] 04054_48745c6b_p74: cached
[5675/9968] 04042_ccfc5e87_p14: cached
[5700/9968] 04458_ae7f3939_p13: cached
[5725/9968] 01204_7917b770_p42: cached
[5750/9968] 02122_ac479f92_p14: cached
[5775/9968] 01130_0089016e_p9: cached
[5800/9968] 00623_2ac900d8_p46: cached
[5825/9968] 04289_ae52e324_p43: cached
[5850/9968] 02087_001b5d3c_p23: cached
[5875/9968] 02669_f4413ec4_p41: cached
[5900/9968] 04330_1e919dd5_p125: cached
[5925/9968] 00270_8d6cbe3c_p77: cached
[5950/9968] 02581_95583bca_p20: cached
[5975/9968] 00719_4fed5fab_p99: cached
[6000/9968] 02956_f87d4909_p4: cached
[6025/9968] 04343_61a6c062_p15: cached
[6050/9968] 02027_c6d99dd0_p4: cached
[6075/9968] 03941_c8ef85b7_p49: cached
[6100/9968] 00609_e98f32aa_p14: cached
[6125/9968] 00393_1eebb56f_p2: cached
[6150/9968] 01137_ceb8fd7d_p12: cached
[6175/9968] 01335_2b730fea_p18: cached
[6200/9968] 00351_ee7f557c_p27: cached
[6225/9968] 03519_1efbc651_p33: cached
[6250/9968] 00859_3749ad70_p13: cached
[6275/9968] 04319_c485ece9_p2: cached
[6300/9968] 03413_ef08cebb_p1: cached
[6325/9968] 01208_d212710d_p40: cached
[6350/9968] 03694_fd8c2323_p40: cached
[6375/9968] 03379_4078693a_p10: cached
[6400/9968] 02512_36c95365_p28: cached
[6425/9968] 00711_ce80b863_p23: cached
[6450/9968] 03242_a12b159b_p64: cached
[6475/9968] 01044_87b9a0e0_p30: cached
[6500/9968] 01662_c7506b0a_p9: cached
[6525/9968] 00128_bab87b9e_p15: cached
[6550/9968] 04279_1ad8c8fb_p5: cached
[6575/9968] 01279_da1ee44c_p5: cached
[6600/9968] 01180_65236fd2_p4: cached
[6625/9968] 02236_1af88037_p63: cached
[6650/9968] 03385_eabac160_p49: cached
[6675/9968] 00768_c0a0f1a9_p9: cached
[6700/9968] 04223_6d21a559_p9: cached
[6725/9968] 04680_ffb21faf_p62: cached
[6750/9968] 02746_9ade3638_p21: cached
[6775/9968] 01121_b06ad9e7_p71: cached
[6800/9968] 01640_5b340534_p89: cached
[6825/9968] 04202_31defeff_p20: cached
[6850/9968] 03116_308dcd2a_p4: cached
[6875/9968] 03832_4ed3db43_p32: cached
[6900/9968] 02621_c6cd508e_p3: cached
[6925/9968] 00204_135f9e32_p5: cached
[6950/9968] 02173_12937f1d_p7: cached
[6975/9968] 01311_4317e2bb_p9: cached
[7000/9968] 02401_28065014_p20: cached
[7025/9968] 03970_a97747af_p1: cached
[7050/9968] 01744_41dfd167_p97: cached
[7075/9968] 04837_99721ba1_p7: cached
[7100/9968] 04127_af75876f_p13: cached
[7125/9968] 04356_11509e9a_p46: cached
[7150/9968] 00684_757139d6_p23: cached
[7175/9968] 01598_8016c0e1_p44: cached
[7200/9968] 02269_eb48a952_p27: cached
[7225/9968] 03502_6e06bd72_p67: cached
[7250/9968] 04121_ef0979aa_p16: cached
[7275/9968] 04288_5a586748_p46: cached
[7300/9968] 03804_f6ecf1aa_p8: cached
[7325/9968] 02341_7dcfa95f_p11: cached
[7350/9968] 04450_bec08d34_p9: cached
[7375/9968] 03660_b56dc7bd_p3: cached
[7400/9968] 02248_90c7b544_p25: cached
[7425/9968] 03237_db9fcbf9_p2: cached
[7450/9968] 04118_590d4bcd_p9: cached
[7475/9968] 01776_a4d0b130_p18: cached
[7500/9968] 02429_9e293dc3_p91: cached
[7525/9968] 00490_06db6ca9_p14: cached
[7550/9968] 01515_49898389_p5: cached
[7575/9968] 00110_40d3a8c7_p9: cached
[7600/9968] 03195_ec6c8284_p34: cached
[7625/9968] 02905_cda7c852_p32: cached
[7650/9968] 00995_1c105841_p28: cached
[7675/9968] 02268_91185237_p37: cached
[7700/9968] 04666_920f7941_p4: cached
[7725/9968] 02308_c0f06b71_p22: cached
[7750/9968] 04046_c068e502_p16: cached
[7775/9968] 03788_4911c3f6_p18: cached
[7800/9968] 04478_8528521c_p6: cached
[7825/9968] 00727_39a398f1_p49: cached
[7850/9968] 04465_27232484_p91: cached
[7875/9968] 03301_fdc37eab_p6: cached
[7900/9968] 03640_ba1fbdc5_p14: cached
[7925/9968] 00747_68a1462c_p95: cached
[7950/9968] 02433_57c9bd87_p10: cached
[7975/9968] 01048_48c3edb8_p3: cached
[8000/9968] 00047_83648cd2_p53: cached
[8025/9968] 01739_0ca515e6_p5: cached
[8050/9968] 04911_894d5231_p2: cached
[8075/9968] 00346_37928216_p27: cached
[8100/9968] 01846_82286d12_p3: cached
[8125/9968] 02933_793b984e_p23: cached
[8150/9968] 04031_81ad3612_p45: cached
[8175/9968] 00142_6d9bcbb5_p1: cached
[8200/9968] 01829_2d2c55c9_p169: cached
[8225/9968] 04526_aa44b306_p42: cached
[8250/9968] 01920_4b4ed395_p4: cached
[8275/9968] 01893_7c047b76_p11: cached
[8300/9968] 03010_0bb62aca_p6: cached
[8325/9968] 04756_34c094fe_p28: cached
[8350/9968] 04474_b2a6d0da_p5: cached
[8375/9968] 03075_18203b6c_p14: cached
[8400/9968] 02955_477c5c53_p58: cached
[8425/9968] 04403_ddb0ab8a_p12: cached
[8450/9968] 02227_dcb0d315_p88: cached
[8475/9968] 02909_eaf11ca1_p12: cached
[8500/9968] 02716_188b46e6_p15: cached
[8525/9968] 04233_568e29b7_p8: cached
[8550/9968] 04730_455e373b_p86: cached
[8575/9968] 04547_9a9fdadb_p6: cached
[8600/9968] 04972_d2f5f79f_p10: cached
[8625/9968] 02086_8f27960a_p2: cached
[8650/9968] 00774_0487c599_p52: cached
[8675/9968] 00549_c6e592e1_p4: cached
[8700/9968] 01440_f4b73423_p31: cached
[8725/9968] 02499_52f33476_p120: cached
[8750/9968] 00247_e5bb4d2f_p1: cached
[8775/9968] 02976_b39ccf22_p32: cached
[8800/9968] 03162_65367bf7_p32: cached
[8825/9968] 04460_79b0d869_p6: cached
[8850/9968] 03161_f5bd0850_p12: cached
[8875/9968] 01985_26d850a8_p63: cached
[8900/9968] 00881_5b470c46_p23: cached
[8925/9968] 02025_b00efc73_p3: cached
[8950/9968] 00410_c575625e_p4: cached
[8975/9968] 02183_26d4965e_p1: cached
[9000/9968] 02167_b4d5f33e_p17: cached
[9025/9968] 03887_30ef3ea1_p20: cached
[9050/9968] 00140_9974d1e9_p19: cached
[9075/9968] 04540_530bd853_p3: cached
[9100/9968] 01897_b6fd958a_p71: cached
[9125/9968] 00144_60d79994_p25: cached
[9150/9968] 00694_a0492111_p28: cached
[9175/9968] 00680_dca3938f_p98: cached
[9200/9968] 00772_09db6313_p61: cached
[9225/9968] 03741_83c111d0_p29: cached
[9250/9968] 00812_5c5194d6_p6: cached
[9275/9968] 01189_7ac1681b_p40: cached
[9300/9968] 03592_b9cbef0f_p3: cached
[9325/9968] 02398_4a8a0497_p8: cached
[9350/9968] 04599_f042b1b3_p25: cached
[9375/9968] 02103_543aea0e_p58: cached
[9400/9968] 01157_b256be42_p62: cached
[9425/9968] 02794_56043859_p46: cached
[9450/9968] 04940_5ca7b5ae_p12: cached
[9475/9968] 02300_031773ce_p39: cached
[9500/9968] 01506_2edb8490_p21: cached
[9525/9968] 01693_f753dbf3_p15: cached
[9550/9968] 01557_8f79e6b1_p65: cached
[9575/9968] 02655_23973b43_p26: cached
[9600/9968] 00184_d94ca3b9_p2: cached
[9625/9968] 04988_de8d93b2_p2: cached
[9650/9968] 00793_fb8699f8_p23: cached
[9675/9968] 00822_d46d2120_p23: cached
[9700/9968] 00687_9a236d1a_p11: cached
[9725/9968] 00348_e63ecc9b_p2: cached
[9750/9968] 01224_c4746b38_p25: cached
[9775/9968] 04623_6c8ca213_p1: cached
[9800/9968] 03015_0e9472be_p3: cached
[9825/9968] 04781_ddd0555c_p75: cached
[9850/9968] 03503_3202bb39_p19: cached
[9875/9968] 04176_b7f75821_p16: cached
[9900/9968] 04647_a87a3596_p12: cached
[9925/9968] 02012_ddfbb99e_p15: cached
[9950/9968] 03466_b88db4f4_p4: cached
[9968/9968] 04198_086bd4b5_p2: status FAILED after 31s
parsed 9967/9968; 1 errors this run
=== parse magazines-10k-pages pass 2 14:53 have 9967/9968
[25/9968] 03636_c855b88a_p14: cached
[50/9968] 02319_3e2eabd1_p2: cached
[75/9968] 02180_825c1177_p15: cached
[100/9968] 00539_8cf47e7d_p52: cached
[125/9968] 02710_e95a3f40_p4: cached
[150/9968] 03024_2bfe224d_p123: cached
[175/9968] 04171_19041cb9_p17: cached
[200/9968] 00837_967f8c16_p1: cached
[225/9968] 02056_10eb3b45_p1: cached
[250/9968] 01747_7bf3ae22_p1: cached
[275/9968] 03946_99a4f880_p37: cached
[300/9968] 00853_ce60383b_p58: cached
[325/9968] 01114_fa884abd_p5: cached
[350/9968] 02942_168212bf_p3: cached
[375/9968] 00974_6327b77a_p41: cached
[400/9968] 01208_d212710d_p14: cached
[425/9968] 04379_50f432ce_p26: cached
[450/9968] 01178_420e29a1_p14: cached
[475/9968] 00594_ce6f3a40_p19: cached
[500/9968] 03529_cafeb690_p70: cached
[525/9968] 01067_b2c94060_p21: cached
[550/9968] 01679_9a20a805_p8: cached
[575/9968] 03154_041f6237_p36: cached
[600/9968] 01413_425b4921_p12: cached
[625/9968] 02496_f7b31a64_p35: cached
[650/9968] 01661_13d60c4a_p4: cached
[675/9968] 01400_8aa2894d_p71: cached
[700/9968] 02818_6e9207dd_p18: cached
[725/9968] 02231_4c3cb5c0_p5: cached
[750/9968] 01802_c6c1d95b_p10: cached
[775/9968] 00227_8da9d8dd_p17: cached
[800/9968] 03687_f079c7fe_p107: cached
[825/9968] 00568_a50dcaa3_p19: cached
[850/9968] 02485_927cfad9_p22: cached
[875/9968] 01547_f83b81cb_p17: cached
[900/9968] 02732_9b3aacbf_p3: cached
[925/9968] 02874_d1806fc5_p68: cached
[950/9968] 02098_137ad3c5_p14: cached
[975/9968] 00947_761a3be8_p48: cached
[1000/9968] 02874_d1806fc5_p33: cached
[1025/9968] 04581_749cdf86_p29: cached
[1050/9968] 02611_f5685852_p4: cached
[1075/9968] 01534_456011e7_p58: cached
[1100/9968] 02291_08bcdba8_p1: cached
[1125/9968] 01763_d550156d_p48: cached
[1150/9968] 00174_6e992cbe_p18: cached
[1175/9968] 00848_3c588e8f_p8: cached
[1200/9968] 04833_e1cf56ef_p6: cached
[1225/9968] 00803_2f19e346_p27: cached
[1250/9968] 01834_93923e6c_p14: cached
[1275/9968] 01238_6167631b_p8: cached
[1300/9968] 02908_5b5b5718_p2: cached
[1325/9968] 03719_6e1b0e42_p39: cached
[1350/9968] 01557_8f79e6b1_p57: cached
[1375/9968] 02928_5ccf228e_p2: cached
[1400/9968] 03792_c2eda804_p2: cached
[1425/9968] 01414_30865753_p16: cached
[1450/9968] 01423_32ba867b_p20: cached
[1475/9968] 02097_17d773d7_p4: cached
[1500/9968] 03727_c66404c9_p9: cached
[1525/9968] 00342_bdf63c50_p108: cached
[1550/9968] 00085_5e953a9e_p32: cached
[1575/9968] 01218_12223694_p3: cached
[1600/9968] 04578_c69b79fc_p40: cached
[1625/9968] 01000_cf27005a_p94: cached
[1650/9968] 04906_5f84f939_p24: cached
[1675/9968] 02480_ad849364_p10: cached
[1700/9968] 00796_69b04401_p6: cached
[1725/9968] 03933_053a7d84_p41: cached
[1750/9968] 01385_23565dc8_p1: cached
[1775/9968] 01905_e6ca11bf_p17: cached
[1800/9968] 02193_b8aa3632_p287: cached
[1825/9968] 03894_b8b85a68_p19: cached
[1850/9968] 03775_e7627005_p43: cached
[1875/9968] 00559_afa8c6b4_p24: cached
[1900/9968] 02980_f3ce8742_p4: cached
[1925/9968] 02845_675fdb0d_p19: cached
[1950/9968] 02649_cec20981_p72: cached
[1975/9968] 02372_d4758180_p50: cached
[2000/9968] 00264_76d2b8c1_p28: cached
[2025/9968] 00919_f1601ca0_p9: cached
[2050/9968] 03916_9d575170_p11: cached
[2075/9968] 04050_0bde2e42_p33: cached
[2100/9968] 00850_b5690a70_p1: cached
[2125/9968] 03840_510fe6fd_p38: cached
[2150/9968] 02053_772d7df9_p20: cached
[2175/9968] 04414_5eaa6075_p3: cached
[2200/9968] 03512_eb45fce8_p3: cached
[2225/9968] 00846_c9101938_p200: cached
[2250/9968] 01206_2dac946a_p2: cached
[2275/9968] 00579_10cb27fc_p8: cached
[2300/9968] 01503_a0748885_p18: cached
[2325/9968] 00942_eac36f0f_p1: cached
[2350/9968] 04354_5cbbde81_p5: cached
[2375/9968] 01140_06a7926b_p9: cached
[2400/9968] 01507_20bf795d_p69: cached
[2425/9968] 00344_058a44c9_p4: cached
[2450/9968] 02227_dcb0d315_p59: cached
[2475/9968] 04749_903a2874_p9: cached
[2500/9968] 01438_8d3231e7_p27: cached
[2525/9968] 04724_c8db70a9_p2: cached
[2550/9968] 02587_2c7c80db_p3: cached
[2575/9968] 04935_0695362c_p29: cached
[2600/9968] 02924_1daf81a9_p51: cached
[2625/9968] 04392_3a5dcab2_p73: cached
[2650/9968] 00291_416cfa24_p4: cached
[2675/9968] 02781_6580218d_p5: cached
[2700/9968] 02444_80817913_p117: cached
[2725/9968] 00578_7f14d4d4_p3: cached
[2750/9968] 02161_f416db76_p27: cached
[2775/9968] 02756_0e5f164a_p9: cached
[2800/9968] 04674_abd74028_p10: cached
[2825/9968] 03346_2bb8e9f1_p9: cached
[2850/9968] 02527_0871bd55_p93: cached
[2875/9968] 01384_c1d5a564_p11: cached
[2900/9968] 04450_bec08d34_p22: cached
[2925/9968] 00555_943c569f_p19: cached
[2950/9968] 02436_daddb0ff_p23: cached
[2975/9968] 03703_64373039_p12: cached
[3000/9968] 01331_257ac8ba_p27: cached
[3025/9968] 00367_7c0908ff_p12: cached
[3050/9968] 00596_e80b1797_p13: cached
[3075/9968] 04446_ceb58db7_p4: cached
[3100/9968] 01292_b033d677_p78: cached
[3125/9968] 01736_fb4e0f6d_p26: cached
[3150/9968] 04457_6df83bcb_p35: cached
[3175/9968] 01748_218432c1_p3: cached
[3200/9968] 03725_2e9a6fef_p84: cached
[3225/9968] 02262_b03a62a5_p2: cached
[3250/9968] 00437_b23982f2_p15: cached
[3275/9968] 00259_0cb27fef_p2: cached
[3300/9968] 01230_88db0210_p4: cached
[3325/9968] 00226_cea97846_p17: cached
[3350/9968] 03301_fdc37eab_p37: cached
[3375/9968] 01928_59384b5f_p11: cached
[3400/9968] 01459_3b7db197_p61: cached
[3425/9968] 00327_3ebf7c3a_p28: cached
[3450/9968] 03562_33cb5534_p1: cached
[3475/9968] 04934_c4c8ff8c_p8: cached
[3500/9968] 03181_48a4073b_p87: cached
[3525/9968] 00708_63452eee_p22: cached
[3550/9968] 01584_2591e8b3_p12: cached
[3575/9968] 04663_d44480b8_p5: cached
[3600/9968] 00722_2149e8b9_p5: cached
[3625/9968] 04283_4cd9dd57_p15: cached
[3650/9968] 04045_8b20e630_p4: cached
[3675/9968] 03539_124bfa25_p1: cached
[3700/9968] 01062_557939bc_p68: cached
[3725/9968] 03779_178543b1_p71: cached
[3750/9968] 04850_2a0eff08_p16: cached
[3775/9968] 01213_0b0648ae_p10: cached
[3800/9968] 02584_9320d48c_p4: cached
[3825/9968] 02092_43e82239_p17: cached
[3850/9968] 01691_41da2f7c_p58: cached
[3875/9968] 02555_b98cbecd_p10: cached
[3900/9968] 04876_422550b7_p8: cached
[3925/9968] 04064_ebad9137_p18: cached
[3950/9968] 04255_6308350c_p2: cached
[3975/9968] 02541_bf22ffed_p15: cached
[4000/9968] 04771_ffb8ddf1_p56: cached
[4025/9968] 00391_43beca16_p3: cached
[4050/9968] 00058_ddb390d7_p24: cached
[4075/9968] 04633_ea5c0e5a_p61: cached
[4100/9968] 04860_12ec5413_p4: cached
[4125/9968] 03045_be49e149_p6: cached
[4150/9968] 01649_7713f08c_p32: cached
[4175/9968] 00257_a7f12fd2_p5: cached
[4200/9968] 04147_558aad06_p14: cached
[4225/9968] 01430_7c466139_p15: cached
[4250/9968] 01792_89c8006d_p8: cached
[4275/9968] 03412_0a95998e_p77: cached
[4300/9968] 04949_4d8a13d6_p6: cached
[4325/9968] 04644_c3c25118_p28: cached
[4350/9968] 00343_c27b748c_p42: cached
[4375/9968] 02148_d8f9eb56_p123: cached
[4400/9968] 02435_20f08bf2_p7: cached
[4425/9968] 02060_c32bdb55_p20: cached
[4450/9968] 01219_8960d692_p9: cached
[4475/9968] 02463_f0af8b7c_p28: cached
[4500/9968] 03066_69042859_p23: cached
[4525/9968] 04232_c4420a9d_p2: cached
[4550/9968] 00387_14bfaeef_p1: cached
[4575/9968] 02384_22f2fa51_p1: cached
[4600/9968] 00152_c5bd2ebc_p27: cached
[4625/9968] 02002_118ea553_p40: cached
[4650/9968] 02722_8f841752_p3: cached
[4675/9968] 01889_1d786f87_p25: cached
[4700/9968] 00997_f22b45da_p2: cached
[4725/9968] 00560_613a8111_p55: cached
[4750/9968] 01221_aed4f51f_p11: cached
[4775/9968] 00737_a745af70_p3: cached
[4800/9968] 00580_4102e157_p12: cached
[4825/9968] 03677_9646ed28_p53: cached
[4850/9968] 04082_f570fc25_p23: cached
[4875/9968] 03978_c1dd7540_p13: cached
[4900/9968] 04126_4236f858_p1: cached
[4925/9968] 00903_e3e3f736_p72: cached
[4950/9968] 04244_d8a104af_p6: cached
[4975/9968] 04055_10b06eaf_p95: cached
[5000/9968] 01974_10cda619_p23: cached
[5025/9968] 03983_3cbe1b26_p19: cached
[5050/9968] 03281_5e60b368_p23: cached
[5075/9968] 02699_e205c515_p27: cached
[5100/9968] 02219_70cfad05_p21: cached
[5125/9968] 04166_e4bd231b_p1: cached
[5150/9968] 03234_a7224114_p30: cached
[5175/9968] 02884_83dbe371_p3: cached
[5200/9968] 00303_96233d6e_p27: cached
[5225/9968] 00429_06907d9f_p30: cached
[5250/9968] 03640_ba1fbdc5_p6: cached
[5275/9968] 03453_661b6585_p13: cached
[5300/9968] 01108_8fe6e00e_p3: cached
[5325/9968] 02490_4581a5cd_p9: cached
[5350/9968] 00151_a1b2091b_p11: cached
[5375/9968] 04222_6e3f8d36_p22: cached
[5400/9968] 04189_65068c10_p15: cached
[5425/9968] 04435_01b8d08c_p64: cached
[5450/9968] 03684_2138c756_p57: cached
[5475/9968] 01984_ff8dc1e0_p12: cached
[5500/9968] 01130_0089016e_p9: cached
[5525/9968] 01982_403d1eca_p12: cached
[5550/9968] 01146_fdbae8a3_p18: cached
[5575/9968] 01393_16f5c8e8_p6: cached
[5600/9968] 02464_e5b8b308_p5: cached
[5625/9968] 01923_3155f7b0_p1: cached
[5650/9968] 00455_76e9cdc1_p6: cached
[5675/9968] 01890_f50e1912_p24: cached
[5700/9968] 00087_5fcd16dc_p7: cached
[5725/9968] 04973_4d474066_p7: cached
[5750/9968] 01678_f9163d8a_p42: cached
[5775/9968] 04913_d49f30ae_p10: cached
[5800/9968] 01645_93d073c7_p21: cached
[5825/9968] 03123_6a382e03_p62: cached
[5850/9968] 04519_a07fcec6_p1: cached
[5875/9968] 03066_69042859_p25: cached
[5900/9968] 02603_e02f28fd_p30: cached
[5925/9968] 00180_25aaba8f_p18: cached
[5950/9968] 04053_e213cb65_p12: cached
[5975/9968] 00155_26ded6c1_p27: cached
[6000/9968] 01899_bb85d1f6_p2: cached
[6025/9968] 05009_90c10930_p2: cached
[6050/9968] 01417_5d38994d_p16: cached
[6075/9968] 01006_bc43aa27_p19: cached
[6100/9968] 04829_da77f7f1_p2: cached
[6125/9968] 03413_ef08cebb_p3: cached
[6150/9968] 04524_52a639da_p10: cached
[6175/9968] 01602_ed3efa13_p13: cached
[6200/9968] 00155_26ded6c1_p18: cached
[6225/9968] 04590_5f417ce9_p8: cached
[6250/9968] 01260_eb7facba_p85: cached
[6275/9968] 02664_be1791db_p13: cached
[6300/9968] 01102_0d21944a_p11: cached
[6325/9968] 02344_395aef9c_p19: cached
[6350/9968] 00698_852c6434_p13: cached
[6375/9968] 00507_e3074836_p55: cached
[6400/9968] 04855_1fb2d352_p41: cached
[6425/9968] 03398_83da8cc4_p99: cached
[6450/9968] 00988_c922fc62_p33: cached
[6475/9968] 03790_d29a8ae9_p9: cached
[6500/9968] 04770_87c031e1_p13: cached
[6525/9968] 01464_c2f66261_p64: cached
[6550/9968] 04962_b08ab440_p8: cached
[6575/9968] 04753_cb30dbe8_p1: cached
[6600/9968] 04968_0c3e8c13_p41: cached
[6625/9968] 00743_ce68a654_p30: cached
[6650/9968] 01659_5f6d2e70_p14: cached
[6675/9968] 00378_fbb85f2d_p9: cached
[6700/9968] 00882_d5cfcd33_p19: cached
[6725/9968] 00177_a0a95f4f_p6: cached
[6750/9968] 03707_64970c9f_p29: cached
[6775/9968] 02457_749e2e07_p10: cached
[6800/9968] 02974_23b29ab3_p48: cached
[6825/9968] 01087_8e6807d1_p26: cached
[6850/9968] 01478_a91ada61_p2: cached
[6875/9968] 00356_36f88b26_p7: cached
[6900/9968] 02984_62c3797e_p21: cached
[6925/9968] 01124_2dd80ed9_p22: cached
[6950/9968] 02307_34e88735_p87: cached
[6975/9968] 00223_48b12f0e_p8: cached
[7000/9968] 01055_3b4d95d2_p5: cached
[7025/9968] 00727_39a398f1_p51: cached
[7050/9968] 02288_eb071e6f_p36: cached
[7075/9968] 02296_546d17ee_p23: cached
[7100/9968] 02463_f0af8b7c_p32: cached
[7125/9968] 00811_f0d323b2_p6: cached
[7150/9968] 04107_6dca8e29_p9: cached
[7175/9968] 00745_9297dff6_p24: cached
[7200/9968] 04978_e07abf5e_p33: cached
[7225/9968] 04923_7d99380d_p29: cached
[7250/9968] 04981_31e50593_p2: cached
[7275/9968] 00654_27526470_p3: cached
[7300/9968] 03853_dcbfb745_p6: cached
[7325/9968] 01847_1a7699a5_p35: cached
[7350/9968] 02531_d0520473_p73: cached
[7375/9968] 03184_0d6e5d8d_p52: cached
[7400/9968] 00399_781ed53a_p117: cached
[7425/9968] 04733_2260da67_p4: cached
[7450/9968] 03081_5393fc7c_p17: cached
[7475/9968] 02171_83567978_p21: cached
[7500/9968] 02341_7dcfa95f_p11: cached
[7525/9968] 01253_73b992e6_p55: cached
[7550/9968] 01838_f60882dd_p7: cached
[7575/9968] 04782_7447e0fe_p20: cached
[7600/9968] 02619_cf1c87f7_p8: cached
[7625/9968] 03830_29a960ba_p16: cached
[7650/9968] 03183_c86810bb_p3: cached
[7675/9968] 01865_3ce09686_p77: cached
[7700/9968] 01560_23690a64_p13: cached
[7725/9968] 02041_2dc1931a_p13: cached
[7750/9968] 01583_f0f55a26_p33: cached
[7775/9968] 03192_30e737af_p41: cached
[7800/9968] 01846_82286d12_p3: cached
[7825/9968] 04645_6960fae4_p21: cached
[7850/9968] 03763_b75c1ec2_p42: cached
[7875/9968] 01892_3a4cff23_p95: cached
[7900/9968] 00141_beaa4245_p19: cached
[7925/9968] 01022_5771f39d_p3: cached
[7950/9968] 01397_35e61e02_p57: cached
[7975/9968] 02809_4971215b_p2: cached
[8000/9968] 00201_f04210a0_p100: cached
[8025/9968] 03025_90789d3e_p12: cached
[8050/9968] 03067_37e22655_p7: cached
[8075/9968] 00522_ff743bc3_p7: cached
[8100/9968] 04876_422550b7_p3: cached
[8125/9968] 02381_76df33e9_p3: cached
[8150/9968] 04961_0ec633e0_p16: cached
[8175/9968] 00142_6d9bcbb5_p1: cached
[8200/9968] 04013_d50ee6cd_p61: cached
[8225/9968] 02368_c908f3f1_p2: cached
[8250/9968] 00258_49c1872c_p28: cached
[8275/9968] 03899_e205ede6_p87: cached
[8300/9968] 02256_7899c252_p16: cached
[8325/9968] 00546_ed31b1eb_p50: cached
[8350/9968] 02403_05c4131c_p51: cached
[8375/9968] 02045_e27541e2_p31: cached
[8400/9968] 00644_fe66625e_p63: cached
[8425/9968] 04382_81690912_p11: cached
[8450/9968] 01888_77b38516_p14: cached
[8475/9968] 03259_a5837fa1_p29: cached
[8500/9968] 04626_8eef9952_p18: cached
[8525/9968] 04746_83b1e4cf_p69: cached
[8550/9968] 02777_727fa09b_p15: cached
[8575/9968] 01684_e7ab680d_p29: cached
[8600/9968] 01514_da66bd91_p10: cached
[8625/9968] 04705_4ba7542e_p41: cached
[8650/9968] 02717_a6bcc2e3_p8: cached
[8675/9968] 02456_8df0fc64_p18: cached
[8700/9968] 01224_c4746b38_p22: cached
[8725/9968] 04140_2a49d5e9_p52: cached
[8750/9968] 00641_15f2b191_p36: cached
[8775/9968] 01298_94621229_p23: cached
[8800/9968] 00754_e6400a7b_p16: cached
[8825/9968] 00386_afd143d4_p13: cached
[8850/9968] 02567_1e49be89_p7: cached
[8875/9968] 03458_ee87ea4e_p35: cached
[8900/9968] 02816_6c4dcb04_p163: cached
[8925/9968] 03210_86c17297_p1: cached
[8950/9968] 04262_ae36eb91_p8: cached
[8975/9968] 04888_e19b1fc0_p26: cached
[9000/9968] 03029_a854b24c_p13: cached
[9025/9968] 02623_e9f979ed_p13: cached
[9050/9968] 02206_62e430cc_p32: cached
[9075/9968] 03965_d01e7668_p9: cached
[9100/9968] 00881_5b470c46_p23: cached
[9125/9968] 04531_495f3788_p1: cached
[9150/9968] 04327_5cdd554a_p153: cached
[9175/9968] 01652_15493d65_p16: cached
[9200/9968] 04212_16e00a94_p54: cached
[9225/9968] 02674_8c192008_p10: cached
[9250/9968] 00613_b2c90c3c_p20: cached
[9275/9968] 02265_4a1a9e98_p1: cached
[9300/9968] 00871_56efae8c_p32: cached
[9325/9968] 00569_7d719d0a_p10: cached
[9350/9968] 04895_f488984e_p77: cached
[9375/9968] 04646_30de12a4_p188: cached
[9400/9968] 03146_6cf036a8_p41: cached
[9425/9968] 02617_5fb91287_p29: cached
[9450/9968] 02570_fd03763d_p28: cached
[9475/9968] 01478_a91ada61_p4: cached
[9500/9968] 02961_aadb3237_p28: cached
[9525/9968] 04144_38321835_p45: cached
[9550/9968] 02682_c39a5672_p1: cached
[9575/9968] 02948_f7107a24_p2: cached
[9600/9968] 04272_2b16aa28_p15: cached
[9625/9968] 04916_4af9a296_p18: cached
[9650/9968] 00569_7d719d0a_p24: cached
[9675/9968] 00531_fbafed40_p25: cached
[9700/9968] 04878_e5afe498_p7: cached
[9725/9968] 03464_c0d0eecf_p87: cached
[9750/9968] 01426_a7688354_p6: cached
[9775/9968] 04269_93660b4b_p39: cached
[9800/9968] 00716_e681186e_p49: cached
[9825/9968] 00568_a50dcaa3_p34: cached
[9850/9968] 02351_bc6a9897_p31: cached
[9875/9968] 01389_be42e5eb_p8: cached
[9900/9968] 04306_8faabfed_p23: cached
[9925/9968] 00974_6327b77a_p21: cached
[9950/9968] 03503_3202bb39_p19: cached
[9968/9968] 04198_086bd4b5_p2: status FAILED after 31s
parsed 9967/9968; 1 errors this run
=== parse magazines-10k-pages pass 3 14:58 have 9967/9968
[25/9968] 00576_4497db26_p1: cached
[50/9968] 00264_76d2b8c1_p28: cached
[75/9968] 01302_172f52e9_p7: cached
[100/9968] 03100_3a46f3a5_p29: cached
[125/9968] 04625_66d0867c_p30: cached
[150/9968] 00927_f32f36ad_p15: cached
[175/9968] 01029_56cbcd6b_p68: cached
[200/9968] 03020_65e89588_p14: cached
[225/9968] 03225_1f24d5b5_p1: cached
[250/9968] 02274_94aab330_p10: cached
[275/9968] 02981_e3b3cdd8_p10: cached
[300/9968] 00756_1133ba4b_p12: cached
[325/9968] 00478_4acae04e_p12: cached
[350/9968] 03993_d9641dfc_p2: cached
[375/9968] 02048_0107d1a1_p28: cached
[400/9968] 00661_5242a827_p11: cached
[425/9968] 03793_72d8f461_p13: cached
[450/9968] 02790_118e7543_p1: cached
[475/9968] 02296_546d17ee_p29: cached
[500/9968] 00812_5c5194d6_p3: cached
[525/9968] 02813_22df8334_p2: cached
[550/9968] 00273_cdf95ba7_p13: cached
[575/9968] 01544_9ebbb34d_p18: cached
[600/9968] 04877_bfb9b473_p43: cached
[625/9968] 02376_376ff77e_p20: cached
[650/9968] 02397_d8a2b991_p75: cached
[675/9968] 01881_400fbac2_p36: cached
[700/9968] 03989_e8073250_p1: cached
[725/9968] 02890_81f3d930_p5: cached
[750/9968] 01227_5943d865_p11: cached
[775/9968] 02377_d68b6bad_p191: cached
[800/9968] 00037_504b2fd8_p118: cached
[825/9968] 00014_d5d6acfc_p42: cached
[850/9968] 01605_9125ae2f_p24: cached
[875/9968] 00438_5ae12b91_p34: cached
[900/9968] 02612_870ef071_p5: cached
[925/9968] 01912_6e614f68_p109: cached
[950/9968] 03905_9e987bf8_p7: cached
[975/9968] 01022_5771f39d_p1: cached
[1000/9968] 04238_f9b3c798_p25: cached
[1025/9968] 01477_d23a3719_p64: cached
[1050/9968] 03294_962b69d6_p19: cached
[1075/9968] 00707_284913d7_p23: cached
[1100/9968] 03126_7bc913da_p4: cached
[1125/9968] 03935_800f6794_p1: cached
[1150/9968] 02714_b0139ef8_p7: cached
[1175/9968] 04569_f0334c03_p15: cached
[1200/9968] 03270_e33e7046_p68: cached
[1225/9968] 04492_95a61470_p29: cached
[1250/9968] 02315_a031bec6_p31: cached
[1275/9968] 00414_489a4428_p19: cached
[1300/9968] 03932_45bb6127_p1: cached
[1325/9968] 03211_fd92e65b_p16: cached
[1350/9968] 01586_c955a435_p38: cached
[1375/9968] 04175_57e50ce9_p14: cached
[1400/9968] 04357_6fc6da47_p19: cached
[1425/9968] 03391_d69bb493_p58: cached
[1450/9968] 04990_68c3c2db_p56: cached
[1475/9968] 00614_a0ca3429_p2: cached
[1500/9968] 01503_a0748885_p24: cached
[1525/9968] 00419_0095cd78_p13: cached
[1550/9968] 01325_9a9a8609_p12: cached
[1575/9968] 02011_de915b8a_p10: cached
[1600/9968] 03539_124bfa25_p3: cached
[1625/9968] 01689_a50cd3c2_p102: cached
[1650/9968] 01000_cf27005a_p14: cached
[1675/9968] 03047_8a3b1605_p42: cached
[1700/9968] 00383_72ac08f8_p3: cached
[1725/9968] 03647_4ef925dd_p34: cached
[1750/9968] 03960_42feaa28_p133: cached
[1775/9968] 01914_8294823b_p2: cached
[1800/9968] 01715_ff471253_p8: cached
[1825/9968] 00571_0119164a_p7: cached
[1850/9968] 01159_bd097ee4_p40: cached
[1875/9968] 01573_ead8ffed_p85: cached
[1900/9968] 03560_deb3f94d_p10: cached
[1925/9968] 00656_e3673469_p26: cached
[1950/9968] 01738_36d312f1_p3: cached
[1975/9968] 03389_4a6fd194_p28: cached
[2000/9968] 01125_891fa4bb_p22: cached
[2025/9968] 02289_b81b4cbd_p40: cached
[2050/9968] 03947_374a764e_p12: cached
[2075/9968] 02723_bc118310_p12: cached
[2100/9968] 02672_85071813_p47: cached
[2125/9968] 02539_cf4ab4a2_p46: cached
[2150/9968] 01145_8f56fd17_p53: cached
[2175/9968] 04251_0f4cdc7c_p15: cached
[2200/9968] 00499_58b4eb1e_p38: cached
[2225/9968] 01692_e2dd85ae_p1: cached
[2250/9968] 03883_b6985f11_p4: cached
[2275/9968] 01526_93ede335_p42: cached
[2300/9968] 01471_1da92fa2_p4: cached
[2325/9968] 01380_e6826cea_p24: cached
[2350/9968] 04035_e1fe66dc_p99: cached
[2375/9968] 04275_3927d1b6_p1: cached
[2400/9968] 04865_369b7a89_p3: cached
[2425/9968] 03706_e2f06c54_p17: cached
[2450/9968] 03954_f012d5d1_p4: cached
[2475/9968] 03572_caba4e10_p2: cached
[2500/9968] 01388_6b9ffaf6_p6: cached
[2525/9968] 02485_927cfad9_p26: cached
[2550/9968] 04693_843ca1ee_p1: cached
[2575/9968] 04752_42f37694_p33: cached
[2600/9968] 03515_5cab454d_p27: cached
[2625/9968] 04765_01e53624_p31: cached
[2650/9968] 00082_9bd44c39_p1: cached
[2675/9968] 03889_9b309229_p61: cached
[2700/9968] 04768_63c1b463_p23: cached
[2725/9968] 01079_63cbb7dd_p2: cached
[2750/9968] 03494_3d7e2cc0_p19: cached
[2775/9968] 02573_4a9823e6_p8: cached
[2800/9968] 03533_237a5b64_p1: cached
[2825/9968] 04485_19d2ac4e_p13: cached
[2850/9968] 02454_8a2bcaa0_p50: cached
[2875/9968] 00408_13ce29b6_p16: cached
[2900/9968] 01757_e8eecf8b_p4: cached
[2925/9968] 01343_c31f4568_p13: cached
[2950/9968] 02801_58a2a195_p36: cached
[2975/9968] 04766_74af34ee_p9: cached
[3000/9968] 00462_6e8fe1be_p10: cached
[3025/9968] 03647_4ef925dd_p21: cached
[3050/9968] 04446_ceb58db7_p4: cached
[3075/9968] 04682_20ef563a_p4: cached
[3100/9968] 01740_6fb0f691_p12: cached
[3125/9968] 02109_e76ac974_p47: cached
[3150/9968] 03753_1392db20_p61: cached
[3175/9968] 03725_2e9a6fef_p84: cached
[3200/9968] 01011_f570fc25_p10: cached
[3225/9968] 00833_4e41cdb9_p11: cached
[3250/9968] 03948_aeacf9d6_p3: cached
[3275/9968] 00281_ff87e5ac_p12: cached
[3300/9968] 03648_32d3ae62_p32: cached
[3325/9968] 01516_9401161c_p64: cached
[3350/9968] 04847_032c2b1a_p70: cached
[3375/9968] 02703_b8191fbf_p7: cached
[3400/9968] 00704_cf957270_p180: cached
[3425/9968] 01484_eecd1bca_p56: cached
[3450/9968] 02497_78c76ba9_p54: cached
[3475/9968] 02055_bab722fb_p62: cached
[3500/9968] 03311_ab59ed9f_p11: cached
[3525/9968] 03028_5b3aaee9_p12: cached
[3550/9968] 03224_18560b0a_p61: cached
[3575/9968] 00603_99132f47_p27: cached
[3600/9968] 04844_fb9f1f73_p53: cached
[3625/9968] 01542_fe5d65d0_p17: cached
[3650/9968] 01415_86c775ef_p58: cached
[3675/9968] 04665_84788941_p188: cached
[3700/9968] 03134_5d6314d6_p38: cached
[3725/9968] 01396_037f828b_p85: cached
[3750/9968] 01045_03b42a49_p46: cached
[3775/9968] 00849_6cf424fc_p128: cached
[3800/9968] 04934_c4c8ff8c_p4: cached
[3825/9968] 01710_bb678590_p12: cached
[3850/9968] 04421_e88dd454_p20: cached
[3875/9968] 04390_118a2185_p6: cached
[3900/9968] 00880_3d54c8db_p10: cached
[3925/9968] 02488_0e2d9f3b_p41: cached
[3950/9968] 03453_661b6585_p33: cached
[3975/9968] 03232_b27a2446_p16: cached
[4000/9968] 04778_30199278_p48: cached
[4025/9968] 00881_5b470c46_p5: cached
[4050/9968] 03704_770d691d_p56: cached
[4075/9968] 02595_69a4aea3_p9: cached
[4100/9968] 03789_df7ebf85_p38: cached
[4125/9968] 02506_48000166_p79: cached
[4150/9968] 02399_e2b68ab8_p82: cached
[4175/9968] 03388_5138ccba_p30: cached
[4200/9968] 02279_db2fda2a_p28: cached
[4225/9968] 00656_e3673469_p46: cached
[4250/9968] 03197_ef0e0918_p15: cached
[4275/9968] 01672_7af89017_p48: cached
[4300/9968] 02701_b3ee31df_p15: cached
[4325/9968] 01912_6e614f68_p79: cached
[4350/9968] 00042_00c96152_p37: cached
[4375/9968] 03474_a36e63dc_p27: cached
[4400/9968] 00800_3e0d5260_p3: cached
[4425/9968] 03633_5d39db8b_p60: cached
[4450/9968] 01497_ba017955_p32: cached
[4475/9968] 04790_e96a2284_p63: cached
[4500/9968] 00040_bf9aa152_p18: cached
[4525/9968] 02996_2d819378_p29: cached
[4550/9968] 00192_e32e1786_p27: cached
[4575/9968] 01362_0e6a2a59_p61: cached
[4600/9968] 03942_dc4524d6_p2: cached
[4625/9968] 04710_d090735c_p41: cached
[4650/9968] 04751_21b1aae5_p14: cached
[4675/9968] 04493_5d162e19_p6: cached
[4700/9968] 01781_c1e7e3ea_p9: cached
[4725/9968] 04381_1d37681e_p58: cached
[4750/9968] 04607_ade37a4c_p173: cached
[4775/9968] 02162_a2790f9d_p34: cached
[4800/9968] 02851_19a1b063_p28: cached
[4825/9968] 00652_ca9ebaf8_p93: cached
[4850/9968] 04645_6960fae4_p38: cached
[4875/9968] 04199_982a1eab_p51: cached
[4900/9968] 03872_5e61e11a_p11: cached
[4925/9968] 00009_7b6451c2_p51: cached
[4950/9968] 01352_b1ea9848_p5: cached
[4975/9968] 02112_ed0717bd_p11: cached
[5000/9968] 02769_2b628ddd_p19: cached
[5025/9968] 01980_63b9515a_p10: cached
[5050/9968] 01528_dae80a51_p60: cached
[5075/9968] 00863_9889d34e_p53: cached
[5100/9968] 03038_eb31b74a_p14: cached
[5125/9968] 01043_280765cb_p7: cached
[5150/9968] 00303_96233d6e_p27: cached
[5175/9968] 03371_17b3a568_p25: cached
[5200/9968] 03064_9e6cd5bc_p3: cached
[5225/9968] 04046_c068e502_p17: cached
[5250/9968] 00151_a1b2091b_p11: cached
[5275/9968] 04222_6e3f8d36_p22: cached
[5300/9968] 01666_8809ec7a_p46: cached
[5325/9968] 00800_3e0d5260_p1: cached
[5350/9968] 02490_4581a5cd_p7: cached
[5375/9968] 03850_c9844da1_p12: cached
[5400/9968] 04195_8b31a736_p23: cached
[5425/9968] 02230_1eec42ab_p24: cached
[5450/9968] 04120_28afb59c_p3: cached
[5475/9968] 04562_129fc09d_p27: cached
[5500/9968] 00752_7044f286_p5: cached
[5525/9968] 00476_c481b009_p15: cached
[5550/9968] 04835_83bcb1b5_p9: cached
[5575/9968] 02156_6a705d7d_p1: cached
[5600/9968] 01059_6a2ecaa8_p10: cached
[5625/9968] 01242_453fb75e_p2: cached
[5650/9968] 01234_641baf9b_p5: cached
[5675/9968] 00469_14bfc31c_p54: cached
[5700/9968] 01905_e6ca11bf_p15: cached
[5725/9968] 01911_4ffe0386_p45: cached
[5750/9968] 01630_6c8f3f43_p122: cached
[5775/9968] 01864_42d8d147_p45: cached
[5800/9968] 02359_b2ec63c7_p162: cached
[5825/9968] 03864_9fae9e3b_p2: cached
[5850/9968] 03420_e03ebf33_p49: cached
[5875/9968] 02194_56daad84_p5: cached
[5900/9968] 01352_b1ea9848_p1: cached
[5925/9968] 02158_07fb12fa_p13: cached
[5950/9968] 04975_c912aad2_p15: cached
[5975/9968] 04136_75154e7a_p15: cached
[6000/9968] 01854_7ea99263_p87: cached
[6025/9968] 02939_1e4f2e76_p39: cached
[6050/9968] 01194_1139196c_p51: cached
[6075/9968] 01610_a33c36a4_p7: cached
[6100/9968] 03209_51c2b418_p14: cached
[6125/9968] 01721_4901a255_p4: cached
[6150/9968] 04524_52a639da_p10: cached
[6175/9968] 01602_ed3efa13_p13: cached
[6200/9968] 01730_d6fa035d_p47: cached
[6225/9968] 03226_09e6cfd1_p21: cached
[6250/9968] 03162_65367bf7_p17: cached
[6275/9968] 03642_6c898d3e_p40: cached
[6300/9968] 04525_8260e049_p268: cached
[6325/9968] 01998_7102599d_p16: cached
[6350/9968] 04480_aca07a03_p37: cached
[6375/9968] 04195_8b31a736_p4: cached
[6400/9968] 01582_e3f21771_p20: cached
[6425/9968] 01038_74c874f9_p18: cached
[6450/9968] 01686_ef02e678_p31: cached
[6475/9968] 02204_34fcd9ec_p67: cached
[6500/9968] 02626_a22112c0_p2: cached
[6525/9968] 01866_9cea5f61_p26: cached
[6550/9968] 02899_6e026013_p20: cached
[6575/9968] 02959_9724e847_p32: cached
[6600/9968] 02297_31f031a0_p45: cached
[6625/9968] 00799_70f578bf_p4: cached
[6650/9968] 02917_c5bcff51_p24: cached
[6675/9968] 03931_ab30119f_p1: cached
[6700/9968] 00882_d5cfcd33_p19: cached
[6725/9968] 00177_a0a95f4f_p6: cached
[6750/9968] 02678_4236cbfc_p16: cached
[6775/9968] 02457_749e2e07_p10: cached
[6800/9968] 00718_3349dc72_p59: cached
[6825/9968] 02298_bc01795d_p11: cached
[6850/9968] 01478_a91ada61_p2: cached
[6875/9968] 00356_36f88b26_p7: cached
[6900/9968] 02776_c07d93fd_p17: cached
[6925/9968] 00094_1be48be5_p6: cached
[6950/9968] 03402_2c2a6349_p7: cached
[6975/9968] 00223_48b12f0e_p8: cached
[7000/9968] 01055_3b4d95d2_p5: cached
[7025/9968] 00978_9b1f303f_p19: cached
[7050/9968] 04287_4a4d557a_p33: cached
[7075/9968] 01975_33aa03f6_p24: cached
[7100/9968] 01810_b93a9132_p15: cached
[7125/9968] 00925_8cd1a0cd_p17: cached
[7150/9968] 02350_a3aff0e2_p2: cached
[7175/9968] 01472_4c6348d2_p1: cached
[7200/9968] 04978_e07abf5e_p33: cached
[7225/9968] 04923_7d99380d_p29: cached
[7250/9968] 01172_8e9d32ba_p11: cached
[7275/9968] 04206_d9852945_p26: cached
[7300/9968] 02900_6c2c2b30_p29: cached
[7325/9968] 04080_03683dfe_p33: cached
[7350/9968] 03102_6286b3c7_p97: cached
[7375/9968] 04696_740f7481_p103: cached
[7400/9968] 03152_c93a6b02_p29: cached
[7425/9968] 00433_7d28a33b_p34: cached
[7450/9968] 03589_262e5826_p75: cached
[7475/9968] 00765_81fe0c91_p24: cached
[7500/9968] 01149_77a6adcb_p1: cached
[7525/9968] 01643_ccbe9a7c_p9: cached
[7550/9968] 02694_8765dd5f_p46: cached
[7575/9968] 04650_7739433c_p1: cached
[7600/9968] 02532_9421b770_p33: cached
[7625/9968] 00715_ad47f7c7_p2: cached
[7650/9968] 03606_082f5e89_p78: cached
[7675/9968] 02347_61401cbe_p2: cached
[7700/9968] 00021_99d5b533_p89: cached
[7725/9968] 04275_3927d1b6_p5: cached
[7750/9968] 01126_4c04ff9f_p14: cached
[7775/9968] 03213_edf72770_p19: cached
[7800/9968] 04659_c341c267_p47: cached
[7825/9968] 02775_27bb3baa_p31: cached
[7850/9968] 01069_c1f10ab7_p36: cached
[7875/9968] 04083_ddaebb8e_p3: cached
[7900/9968] 02910_3c0f9924_p1: cached
[7925/9968] 03067_37e22655_p7: cached
[7950/9968] 00874_475ee002_p3: cached
[7975/9968] 01466_52d620ce_p59: cached
[8000/9968] 03000_6d4d6500_p35: cached
[8025/9968] 02607_e171ef6d_p43: cached
[8050/9968] 03374_b98ba390_p260: cached
[8075/9968] 00598_13c1237a_p3: cached
[8100/9968] 03394_a04fc65a_p37: cached
[8125/9968] 03966_a51fd2f5_p28: cached
[8150/9968] 02450_77466dec_p3: cached
[8175/9968] 00132_33965bda_p17: cached
[8200/9968] 03544_39067b3b_p146: cached
[8225/9968] 04190_46ac7339_p8: cached
[8250/9968] 01308_ece57b55_p28: cached
[8275/9968] 00298_7665cc74_p3: cached
[8300/9968] 03920_a99c4494_p33: cached
[8325/9968] 02108_d13cad8e_p93: cached
[8350/9968] 04217_ac89d7ba_p75: cached
[8375/9968] 01617_24b43c32_p5: cached
[8400/9968] 04792_c2199efd_p2: cached
[8425/9968] 03323_4606f240_p10: cached
[8450/9968] 01913_28837731_p13: cached
[8475/9968] 00493_e89f0542_p9: cached
[8500/9968] 04225_d60a4016_p9: cached
[8525/9968] 02498_4a15c78f_p85: cached
[8550/9968] 04980_6dbefaf2_p27: cached
[8575/9968] 02534_e1388c0e_p87: cached
[8600/9968] 04913_d49f30ae_p2: cached
[8625/9968] 03836_d8cc2aee_p5: cached
[8650/9968] 00373_d8dbc6dc_p7: cached
[8675/9968] 00609_e98f32aa_p18: cached
[8700/9968] 02241_cf2ca466_p66: cached
[8725/9968] 00522_ff743bc3_p9: cached
[8750/9968] 01403_9b3d4af2_p6: cached
[8775/9968] 01298_94621229_p23: cached
[8800/9968] 01028_82b3d143_p9: cached
[8825/9968] 04232_c4420a9d_p4: cached
[8850/9968] 04221_e3876993_p75: cached
[8875/9968] 00507_e3074836_p19: cached
[8900/9968] 00492_eab93f94_p2: cached
[8925/9968] 01010_4771ae16_p7: cached
[8950/9968] 00268_474ea67e_p8: cached
[8975/9968] 02988_30771ae7_p56: cached
[9000/9968] 00430_37ff7575_p32: cached
[9025/9968] 04077_fa6c5ea7_p19: cached
[9050/9968] 01185_5db3f883_p54: cached
[9075/9968] 00432_f2d4ec3a_p27: cached
[9100/9968] 04379_50f432ce_p4: cached
[9125/9968] 01705_1a7cb129_p8: cached
[9150/9968] 02741_e72bf2ee_p11: cached
[9175/9968] 01652_15493d65_p16: cached
[9200/9968] 04212_16e00a94_p54: cached
[9225/9968] 02674_8c192008_p10: cached
[9250/9968] 00594_ce6f3a40_p27: cached
[9275/9968] 04820_28174b0d_p2: cached
[9300/9968] 04276_f3dc63df_p5: cached
[9325/9968] 04254_dcac490b_p26: cached
[9350/9968] 00735_d26bd8e7_p11: cached
[9375/9968] 03823_1b118fc2_p36: cached
[9400/9968] 04316_6c5a2952_p58: cached
[9425/9968] 04895_f488984e_p77: cached
[9450/9968] 00528_7507d6b1_p17: cached
[9475/9968] 01916_d816b8b5_p1: cached
[9500/9968] 04453_41d6b1ba_p77: cached
[9525/9968] 04241_63e6912c_p25: cached
[9550/9968] 02781_6580218d_p17: cached
[9575/9968] 02948_f7107a24_p2: cached
[9600/9968] 00045_61178443_p11: cached
[9625/9968] 03185_c0f6e2de_p9: cached
[9650/9968] 03355_ba2bf366_p8: cached
[9675/9968] 02357_704ffea6_p17: cached
[9700/9968] 02340_5640bcd5_p11: cached
[9725/9968] 00184_d94ca3b9_p2: cached
[9750/9968] 02138_373957c8_p7: cached
[9775/9968] 02535_2c96b60b_p33: cached
[9800/9968] 04307_87552e5a_p6: cached
[9825/9968] 00242_3d69b3e0_p5: cached
[9850/9968] 03392_a0cf94cc_p3: cached
[9875/9968] 03486_b1476804_p6: cached
[9900/9968] 03466_b88db4f4_p4: cached
[9925/9968] 03124_10761bcf_p12: cached
[9950/9968] 01389_be42e5eb_p8: cached
[9968/9968] 04198_086bd4b5_p2: status FAILED after 109s
parsed 9967/9968; 1 errors this run
=== select sota-v1-sample 15:00
=== parse sota-v1-sample pass 1 15:00 have 158/10461
[25/10461] 00015_00af76ff_p750: cached
[50/10461] 00062_02fe9058_p247: cached
[75/10461] 00103_049ea95d_p8: cached
[100/10461] 00047_027c0c69_p372: cached
[125/10461] 00049_0286b917_p11: cached
[150/10461] 00089_0428dbab_p245: cached
[175/10461] 00173_07994283_p144: ok md=147 78s
[200/10461] 00165_075eca13_p54: ok md=3815 94s
[225/10461] 00134_06436313_p6: ok md=5747 109s
[250/10461] 00007_005b5a0d_p20: ok md=3091 124s
[275/10461] 00196_093c2abd_p2: ok md=2692 47s
[300/10461] 00205_09b9bceb_p6: ok md=3847 47s
[325/10461] 00237_0b68a1b8_p9: ok md=2197 33s
[350/10461] 00219_0aaaa334_p28: ok md=3803 63s
[375/10461] 00143_06786910_p7: ok md=33601 170s
[400/10461] 00260_0c976a71_p460: ok md=62 48s
[425/10461] 00259_0c96f970_p311: ok md=3078 62s
[450/10461] 00304_0eb8b189_p13: ok md=2942 32s
[475/10461] 00301_0ea41add_p182: ok md=3209 47s
[500/10461] 00079_03d70332_p6: ok md=14945 232s
[525/10461] 00342_10b44c4f_p28: ok md=4514 32s
[550/10461] 00358_116458ee_p13: ok md=4552 32s
[575/10461] 00350_1112817d_p86: ok md=2593 47s
[600/10461] 00363_11b2c6ef_p5: ok md=253 47s
[625/10461] 00360_117ab84f_p165: ok md=289 62s
[650/10461] 00404_13114982_p60: ok md=1759 32s
[675/10461] 00392_12a462fc_p156: ok md=2565 49s
[700/10461] 00332_10287462_p2: ok md=10852 108s
[725/10461] 00421_13b26ffd_p59: ok md=6318 48s
[750/10461] 00457_1514c111_p2: ok md=865 32s
[775/10461] 00466_1587aae4_p234: ok md=4022 32s
[800/10461] 00503_173e1fc2_p6: ok md=54 16s
[825/10461] 00494_170c3946_p3: ok md=3107 32s
[850/10461] 00504_173fddf8_p50: ok md=1494 33s
[875/10461] 00524_18074f48_p29: ok md=5053 32s
[900/10461] 00541_18b077e3_p40: ok md=1950 33s
[925/10461] 00554_19338290_p223: ok md=2355 32s
[950/10461] 00564_19bcda25_p255: ok md=1945 32s
[975/10461] 00564_19bcda25_p231: ok md=1240 47s
[1000/10461] 00591_1afeb140_p6: ok md=3255 32s
[1025/10461] 00604_1b8b6cd0_p20: ok md=2258 32s
[1050/10461] 00600_1b75632a_p10: ok md=2667 47s
[1075/10461] 00630_1cc54dfd_p8: ok md=2803 32s
[1100/10461] 00514_1786b1bf_p1: ok md=5632 124s
[1125/10461] 00654_1dc0dc31_p29: ok md=3272 32s
[1150/10461] 00672_1ea294f9_p33: ok md=2709 32s
[1175/10461] 00686_1f82d435_p21: ok md=3327 32s
[1200/10461] 00653_1dbd6490_p33: ok md=3259 63s
[1225/10461] 00733_22193110_p11: ok md=15 16s
[1250/10461] 00698_2008f91b_p3: ok md=5537 47s
[1275/10461] 00735_225c8328_p161: ok md=742 32s
[1300/10461] 00744_229327ec_p461: ok md=1715 33s
[1325/10461] 00760_2322a32b_p1: ok md=634 32s
[1350/10461] 00777_2414ac62_p2: ok md=3920 32s
[1375/10461] 00794_24d2cd68_p29: ok md=2854 32s
[1400/10461] 00780_2435a979_p2: ok md=7098 47s
[1425/10461] 00822_2606c980_p17: ok md=1213 32s
[1450/10461] 00839_26b7b80f_p19: ok md=3577 32s
[1475/10461] 00862_27b315aa_p84: ok md=1661 32s
[1500/10461] 00871_2816a30a_p14: ok md=3819 32s
[1525/10461] 00763_23432ab4_p6: ok md=25772 124s
[1550/10461] 00882_28794c2f_p1: ok md=2979 47s
[1575/10461] 00876_282bd52f_p37: ok md=1249 62s
[1600/10461] 00915_29ae8639_p2: ok md=5498 32s
[1625/10461] 00928_2a295c46_p40: ok md=4349 32s
[1650/10461] 00941_2aec06b0_p59: ok md=1335 32s
[1675/10461] 00899_29261f82_p2: ok md=987 78s
[1700/10461] 00893_28c86b07_p12: ok md=14875 94s
[1725/10461] 00986_2c9d8c72_p286: ok md=435 32s
[1750/10461] 00996_2d1dfbff_p20: ok md=1647 32s
[1775/10461] 01017_2dddec0c_p57: ok md=1233 32s
[1800/10461] 01029_2e54252c_p31: ok md=3998 32s
[1825/10461] 01043_2ef7ec0c_p262: ok md=1442 32s
[1850/10461] 01061_2fba5fd5_p24: ok md=1378 32s
[1875/10461] 01073_301be1dd_p8: ok md=4635 33s
[1900/10461] 01103_3141d5a3_p5: ok md=239 16s
[1925/10461] 01088_30bf9f98_p51: ok md=2392 47s
[1950/10461] 01097_30fa9398_p13: ok md=2926 47s
[1975/10461] 01127_32518ab0_p57: ok md=767 32s
[2000/10461] 01135_32ddca81_p43: ok md=1213 32s
[2025/10461] 01148_33780523_p6: ok md=1851 32s
[2050/10461] 01141_333415a2_p3: ok md=272 47s
[2075/10461] 01175_346c1f3c_p31: ok md=3534 32s
[2100/10461] 01146_336de4ec_p2: ok md=11459 63s
[2125/10461] 01201_35c02d4d_p27: ok md=4966 32s
[2127/10461] 01204_35dd3f88_p205: status FAILED after 31s
[2150/10461] 01210_365eec4a_p329: ok md=2106 32s
[2175/10461] 01225_3701acde_p8: ok md=2868 33s
[2200/10461] 01238_3785fe06_p437: ok md=4672 32s
[2225/10461] 01250_38325ac2_p7: ok md=7717 32s
[2250/10461] 01264_38d9785a_p20: ok md=3009 32s
[2275/10461] 01249_381d5137_p2: ok md=1374 32s
[2300/10461] 01195_356f89f3_p1: ok md=4140 109s
[2325/10461] 01284_39a9c521_p30: ok md=2380 47s
[2350/10461] 01337_3c701071_p7: ok md=2577 16s
[2375/10461] 01274_39245d5a_p10: ok md=4522 78s
[2400/10461] 01247_37f90094_p2: ok md=3792 109s
[2425/10461] 01334_3c29d6a0_p418: ok md=8788 63s
[2450/10461] 01309_3ace348f_p8: ok md=2418 93s
[2475/10461] 01392_3f5244e8_p37: ok md=2247 32s
[2500/10461] 01404_3fa20ff7_p28: ok md=3817 32s
[2525/10461] 01418_404690c6_p20: ok md=3366 32s
[2550/10461] 01431_411966bc_p17: ok md=3462 34s
[2575/10461] 01319_3b5b09ee_p2: ok md=3662 139s
[2600/10461] 01454_42038538_p30: ok md=2009 32s
[2625/10461] 01468_4296eb7e_p127: ok md=1773 33s
[2650/10461] 01489_43867464_p28: ok md=1117 32s
[2675/10461] 01502_442cd6a5_p1: ok md=3932 32s
[2700/10461] 01450_41abaf91_p3: ok md=17233 79s
[2725/10461] 01526_450ec5bc_p1: ok md=2696 32s
[2750/10461] 01538_45c9de2a_p16: ok md=2263 32s
[2775/10461] 01550_4645a4aa_p3: ok md=5748 32s
[2800/10461] 01583_48233ac7_p1: ok md=979 16s
[2825/10461] 01574_47856d05_p56: ok md=6100 32s
[2850/10461] 01587_4871ea59_p9: ok md=2208 32s
[2875/10461] 01557_46bff128_p180: ok md=3493 63s
[2900/10461] 01611_4965ae71_p295: ok md=961 33s
[2925/10461] 01386_3ede8fe8_p1: ok md=5896 216s
[2950/10461] 01243_37b9c912_p1: ok md=6562 324s
[2975/10461] 01659_4c0c06ec_p65: ok md=2426 32s
[3000/10461] 01645_4b854f98_p76: ok md=6978 47s
[3025/10461] 01662_4c493d80_p33: ok md=7177 47s
[3050/10461] 01700_4e04bc97_p202: ok md=748 32s
[3075/10461] 01720_4f07ca74_p41: ok md=3271 32s
[3100/10461] 01684_4d61543a_p65: ok md=1419 63s
[3125/10461] 01744_50344c57_p2: ok md=3072 32s
[3150/10461] 01756_50ef606e_p661: ok md=1967 32s
[3175/10461] 01778_523062c5_p64: ok md=2920 31s
[3200/10461] 01766_51833f02_p15: ok md=938 47s
[3225/10461] 01798_5323eff1_p135: ok md=1530 32s
[3250/10461] 01812_539b86f5_p29: ok md=784 32s
[3275/10461] 01846_5574c649_p12: ok md=2717 17s
[3300/10461] 01835_54f1f8c8_p147: ok md=1661 32s
[3325/10461] 01829_5493d874_p6: ok md=2207 47s
[3350/10461] 01873_5743df8a_p10: ok md=1674 32s
[3375/10461] 01867_56c40638_p4: ok md=2923 47s
[3400/10461] 01897_58127655_p1: ok md=1202 32s
[3425/10461] 01823_53ebe699_p9: ok md=5616 93s
[3450/10461] 01922_58fc748b_p6: ok md=2898 33s
[3475/10461] 01806_537d1a61_p6: ok md=6268 124s
[3500/10461] 01916_58e4a1e3_p7: ok md=3596 47s
[3525/10461] 01953_5a38b3f8_p13: ok md=3400 32s
[3550/10461] 01968_5b252fe3_p624: ok md=3842 32s
[3575/10461] 01986_5bce76bf_p39: ok md=6632 32s
[3600/10461] 02020_5dc4e855_p3: ok md=2148 17s
[3625/10461] 01992_5c3a86a4_p4: ok md=1590 47s
[3650/10461] 01760_5110614b_p2: ok md=5619 216s
[3675/10461] 01923_59025079_p2: ok md=10342 108s
[3700/10461] 02048_5ec72722_p7: ok md=5461 32s
[3725/10461] 02063_5f937555_p4: ok md=5326 32s
[3750/10461] 02073_60219493_p24: ok md=2708 32s
[3775/10461] 02086_6091d856_p18: ok md=3177 32s
[3800/10461] 02081_606266e8_p13: ok md=3924 47s
[3825/10461] 02118_61fd7021_p20: ok md=3707 34s
[3850/10461] 02131_62b9e95d_p13: ok md=3314 32s
[3875/10461] 02150_634262c7_p1: ok md=4985 32s
[3900/10461] 02164_64062369_p28: ok md=1721 32s
[3925/10461] 02179_64b16fd3_p151: ok md=449 32s
[3950/10461] 02189_652411ce_p192: ok md=2731 32s
[3975/10461] 02203_65783075_p10: ok md=2715 32s
[4000/10461] 02223_6667e91e_p162: ok md=1180 32s
[4025/10461] 02212_65e04ce3_p35: ok md=2933 47s
[4026/10461] 02216_662dfdfd_p2: status FAILED after 46s
[4050/10461] 01988_5c033e92_p5: ok md=7060 215s
[4075/10461] 02243_67490710_p3: ok md=7804 47s
[4100/10461] 02110_61ae1dca_p3: ok md=9402 155s
[4125/10461] 02287_69aa14fd_p1: ok md=847 33s
[4150/10461] 02284_698a294e_p5: ok md=5741 47s
[4175/10461] 02322_6b408162_p25: ok md=1988 32s
[4200/10461] 02335_6b993109_p2: ok md=4120 33s
[4225/10461] 02355_6c9aaaf4_p3: ok md=4409 32s
[4250/10461] 02366_6d25a6b6_p31: ok md=2995 32s
[4275/10461] 02357_6cbb3b9a_p102: ok md=4890 47s
[4300/10461] 02393_6e68a38f_p554: ok md=954 32s
[4325/10461] 02411_6ef65971_p417: ok md=1395 32s
[4350/10461] 02402_6ebaca9b_p192: ok md=1631 47s
[4375/10461] 02425_6f89141d_p107: ok md=2033 47s
[4400/10461] 02474_71c02099_p10: ok md=374 16s
[4425/10461] 02474_71c02099_p11: ok md=2183 32s
[4450/10461] 02489_728a8457_p23: ok md=3108 32s
[4475/10461] 02501_731104b0_p268: ok md=1434 32s
[4500/10461] 02456_711e8fbe_p56: ok md=1030 79s
[4525/10461] 02251_67fb7fdf_p1: ok md=4894 247s
[4550/10461] 02536_74424775_p2: ok md=43 32s
[4575/10461] 02546_74d95111_p7: ok md=2471 33s
[4600/10461] 02540_74694a6c_p15: ok md=2089 48s
[4625/10461] 02579_7616b9c3_p114: ok md=1868 32s
[4650/10461] 02556_75407503_p9: ok md=3089 63s
[4675/10461] 02593_76928d8b_p13: ok md=3261 47s
[4700/10461] 02618_77a313d2_p31: ok md=2072 33s
[4706/10461] 02622_77b610e0_p6: status FAILED after 31s
[4725/10461] 02630_7810ffa2_p6: ok md=3849 33s
[4750/10461] 02592_768f884b_p48: ok md=1013 79s
[4775/10461] 02651_791ab137_p78: ok md=742 32s
[4800/10461] 02665_7a065d79_p97: ok md=1519 34s
[4825/10461] 02677_7a7096a5_p72: ok md=2779 33s
[4850/10461] 02669_7a16163b_p31: ok md=2012 48s
[4875/10461] 02565_758af38e_p1: ok md=4512 143s
[4900/10461] 02718_7c0d28dd_p6: ok md=3556 34s
[4925/10461] 02733_7cbc9068_p139: ok md=1546 32s
[4950/10461] 02738_7cdece4b_p68: ok md=1742 47s
[4975/10461] 02678_7a75d6aa_p6: ok md=11057 95s
[5000/10461] 02709_7bae8f1f_p7: ok md=2706 80s
[5025/10461] 02701_7b690179_p7: ok md=5394 97s
[5050/10461] 02800_7f2031c9_p3: ok md=7039 33s
[5075/10461] 02810_7f843247_p35: ok md=2648 33s
[5100/10461] 02826_802b6e90_p9: ok md=40 33s
[5125/10461] 02862_81c069c9_p27: ok md=3042 19s
[5150/10461] 02854_81661519_p5: ok md=4552 33s
[5175/10461] 02870_822ac855_p274: ok md=2787 35s
[5200/10461] 02885_82c0d846_p1: ok md=2677 32s
[5225/10461] 02790_7ee0fd42_p1: ok md=3924 115s
[5250/10461] 02909_8422d540_p36: ok md=1467 33s
[5275/10461] 02918_8498be5d_p688: ok md=2236 32s
[5300/10461] 02780_7e72b31d_p6: ok md=7847 160s
[5325/10461] 02937_8523781f_p7: ok md=4988 48s
[5350/10461] 02945_85becf30_p600: ok md=2826 47s
[5375/10461] 02980_87042f7b_p69: ok md=477 32s
[5400/10461] 02976_86f1b196_p6: ok md=8155 47s
[5425/10461] 03003_8835711b_p2: ok md=2760 32s
[5450/10461] 03015_88a0e186_p14: ok md=2980 32s
[5475/10461] 03023_89050337_p1: ok md=61 32s
[5500/10461] 03017_88bd7636_p36: ok md=4830 47s
[5525/10461] 03030_89743d95_p2: ok md=445 47s
[5550/10461] 02956_863f19cc_p1: ok md=26930 127s
[5575/10461] 03061_8b711784_p17: ok md=3292 48s
[5600/10461] 03093_8ce8de8f_p305: ok md=1955 32s
[5625/10461] 03107_8d750a50_p112: ok md=366 32s
[5650/10461] 03146_8f1e017d_p36: ok md=349 16s
[5675/10461] 03136_8eb2264f_p16: ok md=2576 32s
[5700/10461] 03114_8d9c4b68_p414: ok md=1570 63s
[5725/10461] 03143_8f0d6491_p45: ok md=772 47s
[5750/10461] 03070_8bf67291_p7: ok md=17987 110s
[5775/10461] 03195_917d4a02_p16: ok md=3126 32s
[5800/10461] 03169_902e5391_p22: ok md=1349 64s
[5825/10461] 03222_92b0530b_p29: ok md=2777 31s
[5850/10461] 03233_930b92ce_p15: ok md=75 32s
[5875/10461] 03193_91663cc7_p67: ok md=3795 79s
[5900/10461] 03237_934d96f5_p20: ok md=2203 49s
[5925/10461] 03274_94c46298_p14: ok md=2929 32s
[5950/10461] 03141_8ef67947_p9: ok md=7435 154s
[5975/10461] 03229_92f4dd0a_p2: ok md=15132 95s
[6000/10461] 03304_963737ba_p49: ok md=1948 47s
[6025/10461] 03291_95bd4f3a_p13: ok md=9314 63s
[6050/10461] 03331_97691c92_p38: ok md=9138 47s
[6075/10461] 03352_98270258_p6: ok md=5197 34s
[6100/10461] 03348_980cdbd7_p1: ok md=275 47s
[6125/10461] 03373_98ebcdf1_p14: ok md=3022 32s
[6150/10461] 03362_9870f743_p20: ok md=4000 62s
[6175/10461] 03394_9a05598d_p12: ok md=980 47s
[6200/10461] 03411_9ae7d1e2_p7: ok md=1452 47s
[6225/10461] 03441_9c37f303_p253: ok md=1012 32s
[6250/10461] 03439_9c140206_p6: ok md=1557 47s
[6275/10461] 03422_9b3c0930_p147: ok md=3063 78s
[6300/10461] 03467_9d41e3a4_p3: ok md=6393 48s
[6325/10461] 03494_9e6eb043_p11: ok md=1658 32s
[6350/10461] 03509_9ee60058_p6: ok md=996 33s
[6375/10461] 03519_9f46ce71_p209: ok md=505 33s
[6400/10461] 03532_9f94deaa_p12: ok md=2605 32s
[6425/10461] 03543_a003450a_p9: ok md=10590 32s
[6450/10461] 03478_9dbb9b0d_p7: ok md=4543 109s
[6475/10461] 03553_a0923fff_p8: ok md=5721 47s
[6500/10461] 03581_a196aa8c_p24: ok md=2589 32s
[6525/10461] 03557_a0b2d178_p122: ok md=1647 62s
[6550/10461] 03523_9f5c625b_p13: ok md=6009 108s
[6575/10461] 03617_a392c7aa_p41: ok md=1305 32s
[6600/10461] 03630_a40f09f3_p130: ok md=1303 32s
[6625/10461] 03608_a30ce60d_p42: ok md=5088 63s
[6650/10461] 03625_a3ed288f_p10: ok md=9461 63s
[6675/10461] 03094_8ce949db_p3: ok md=7329 539s
[6700/10461] 03679_a5f5d954_p3: ok md=2463 33s
[6725/10461] 03678_a5edad9f_p135: ok md=925 47s
[6750/10461] 03712_a799ccd6_p88: ok md=2041 32s
[6775/10461] 03706_a743360e_p26: ok md=13639 48s
[6800/10461] 03748_a8eddb4d_p18: ok md=3023 32s
[6825/10461] 03601_a2b0619d_p5: ok md=10781 156s
[6850/10461] 03761_a95650e5_p3: ok md=5763 47s
[6875/10461] 03785_aa568edc_p33: ok md=1993 31s
[6900/10461] 03803_ab724315_p53: ok md=1463 32s
[6925/10461] 03767_a992b9c6_p6: ok md=5451 78s
[6950/10461] 03680_a618a298_p6: ok md=4211 155s
[6975/10461] 03838_ace53e16_p46: ok md=4207 32s
[7000/10461] 03713_a79a7804_p1: ok md=4495 154s
[7025/10461] 03746_a8e8962a_p4: ok md=7121 139s
[7050/10461] 03745_a8e404a0_p1: ok md=4337 154s
[7075/10461] 03880_aeb38a53_p42: ok md=348 47s
[7100/10461] 03850_ad9d515d_p5: ok md=3681 93s
[7125/10461] 03900_afa03084_p372: ok md=264 62s
[7150/10461] 03745_a8e404a0_p4: ok md=5535 216s
[7175/10461] 03928_b12a303e_p301: ok md=599 63s
[7200/10461] 03951_b2585ae2_p30: ok md=2266 47s
[7225/10461] 03967_b36135a5_p3: ok md=761 47s
[7250/10461] 03981_b3ed01b3_p169: ok md=834 47s
[7275/10461] 04009_b537ac66_p4: ok md=15 32s
[7300/10461] 03993_b4745b1e_p21: ok md=3076 62s
[7325/10461] 04026_b5cc5b46_p10: ok md=1478 47s
[7350/10461] 04042_b66824ee_p49: ok md=2037 47s
[7375/10461] 04049_b6993aa2_p35: ok md=3815 62s
[7400/10461] 04079_b826ed47_p182: ok md=2545 78s
[7425/10461] 04069_b771c357_p40: ok md=2225 109s
[7450/10461] 04060_b7413734_p2: ok md=13384 140s
[7468/10461] 04118_ba4182d3_p24: status FAILED after 47s
[7475/10461] 04092_b8c05961_p144: ok md=1469 123s
[7500/10461] 04130_bab12b09_p17: ok md=2385 47s
[7525/10461] 04058_b7123ee3_p78: ok md=461 200s
[7550/10461] 04145_bb5bcdcd_p26: ok md=5034 62s
[7575/10461] 04072_b7bf513b_p72: ok md=10788 217s
[7600/10461] 04186_bd8af5c3_p185: ok md=1705 47s
[7625/10461] 04182_bd514e80_p3: ok md=5501 62s
[7650/10461] 04204_be023b9d_p15: ok md=4313 47s
[7675/10461] 04215_be9b2999_p11: ok md=2697 47s
[7700/10461] 04225_bf496ce4_p59: ok md=1008 47s
[7725/10461] 04239_bff5661f_p4: ok md=6145 47s
[7750/10461] 04265_c0e0ca28_p26: ok md=3267 32s
[7775/10461] 04262_c0c89fd5_p34: ok md=2123 47s
[7800/10461] 04277_c1845de4_p21: ok md=1009 48s
[7825/10461] 04318_c36cd795_p18: ok md=2184 18s
[7850/10461] 04322_c3915cb0_p11: ok md=3672 33s
[7875/10461] 04309_c2dabf2d_p2: ok md=4767 63s
[7900/10461] 04317_c3688ebc_p4: ok md=5378 63s
[7925/10461] 04348_c46faeb9_p50: ok md=1347 49s
[7950/10461] 04201_bdf466d3_p29: ok md=4766 216s
[7975/10461] 04386_c6b0664a_p13: ok md=3298 32s
[8000/10461] 04401_c755e139_p24: ok md=2179 32s
[8025/10461] 04383_c68fb86b_p7: ok md=848 62s
[8050/10461] 04390_c6d34f42_p11: ok md=7349 63s
[8075/10461] 04420_c7e31a78_p7: ok md=362 47s
[8100/10461] 04436_c88ec2de_p33: ok md=3100 47s
[8125/10461] 04420_c7e31a78_p11: ok md=187 78s
[8150/10461] 04485_ca792917_p18: ok md=3561 32s
[8175/10461] 04402_c75a2c49_p1: ok md=27866 124s
[8200/10461] 04484_ca70ec95_p58: ok md=1508 63s
[8225/10461] 04495_caab7d09_p50: ok md=1987 62s
[8250/10461] 04520_cbf4ccee_p4: ok md=10589 47s
[8275/10461] 04553_cd3303aa_p192: ok md=15 32s
[8300/10461] 04556_cd760343_p12: ok md=1936 47s
[8325/10461] 04568_cdfdc912_p58: ok md=1707 48s
[8350/10461] 04542_ccdf997c_p1: ok md=2810 93s
[8375/10461] 04584_ce7bb566_p5: ok md=5966 63s
[8400/10461] 04616_cfb10be9_p40: ok md=1227 32s
[8425/10461] 04614_cf9afc78_p1: ok md=2153 47s
[8450/10461] 04649_d142b276_p17: ok md=2925 32s
[8475/10461] 04641_d0e239b7_p19: ok md=1605 47s
[8500/10461] 04430_c8683ee9_p5: ok md=10438 280s
[8525/10461] 04670_d2570c5d_p6: ok md=9293 63s
[8550/10461] 04694_d2fa7fff_p251: ok md=4152 47s
[8575/10461] 04721_d4541dc1_p27: ok md=1744 32s
[8600/10461] 04670_d2570c5d_p7: ok md=12529 109s
[8625/10461] 04735_d5067dd8_p211: ok md=1215 47s
[8650/10461] 04743_d59f1bd0_p5: ok md=3002 47s
[8675/10461] 04772_d6f11981_p52: ok md=2642 32s
[8700/10461] 04790_d83b974a_p7: ok md=2820 32s
[8725/10461] 04790_d83b974a_p24: ok md=2686 47s
[8750/10461] 04720_d450117f_p27: ok md=136 139s
[8775/10461] 04821_d927c361_p27: ok md=2548 32s
[8800/10461] 04766_d6a6eceb_p20: ok md=2431 108s
[8825/10461] 04820_d925f472_p7: ok md=4653 62s
[8850/10461] 04860_da811c56_p21: ok md=2128 32s
[8875/10461] 04859_da79ff9f_p22: ok md=3332 47s
[8900/10461] 04868_dad39663_p6: ok md=3001 62s
[8925/10461] 04725_d4b696cf_p4: ok md=10831 232s
[8950/10461] 04909_dcac05f8_p8: ok md=1553 47s
[8975/10461] 04729_d4d39877_p2: ok md=4920 262s
[9000/10461] 04911_dce19856_p238: ok md=1612 78s
[9025/10461] 04879_db262aa2_p1: ok md=22528 124s
[9050/10461] 04973_dfd5803b_p7: ok md=3441 32s
[9075/10461] 04973_dfd5803b_p8: ok md=2535 47s
[9100/10461] 04971_dfc02627_p2: ok md=1562 62s
[9125/10461] 04931_ddc4f0a6_p6: ok md=4689 123s
[9150/10461] 05020_e23e0c17_p7: ok md=3292 32s
[9175/10461] 05019_e23b9f04_p46: ok md=1039 47s
[9200/10461] 05004_e1bbb637_p5: ok md=3219 78s
[9225/10461] 04951_deac79be_p9: ok md=9058 154s
[9250/10461] 05060_e4404be7_p134: ok md=1397 47s
[9275/10461] 05076_e52e1b99_p1: ok md=2220 47s
[9300/10461] 05084_e58c1e13_p1: ok md=283 47s
[9325/10461] 05069_e4a19a62_p37: ok md=639 78s
[9350/10461] 05097_e5fd13d1_p10: ok md=16470 62s
[9375/10461] 05024_e27e30ab_p2: ok md=3923 154s
[9400/10461] 05139_e7e7f682_p292: ok md=1906 62s
[9425/10461] 05059_e4219c79_p86: ok md=793 154s
[9450/10461] 05177_e9a7fe4b_p11: ok md=602 47s
[9475/10461] 05188_e9fa3e3c_p24: ok md=2144 47s
[9500/10461] 05204_eac6ba81_p5: ok md=2912 47s
[9525/10461] 05232_ec702f4a_p17: ok md=1793 32s
[9550/10461] 05137_e7e6160f_p2: ok md=16960 154s
[9575/10461] 05230_ec5d1f3d_p65: ok md=498 62s
[9600/10461] 05082_e56fb88d_p1: ok md=2893 234s
[9625/10461] 05199_eaa85d09_p3: ok md=15640 124s
[9650/10461] 04899_dc184a6a_p11: ok md=7739 462s
[9675/10461] 05305_ef585d00_p109: ok md=142 32s
[9700/10461] 05301_ef2654ad_p3: ok md=893 47s
[9725/10461] 04967_df966cbb_p1: ok md=4237 417s
[9750/10461] 05348_f1113a33_p6: ok md=6691 32s
[9775/10461] 05342_f0e6ca89_p21: ok md=2740 47s
[9800/10461] 05359_f1a14531_p11: ok md=4065 48s
[9825/10461] 05385_f2b6b8cc_p11: ok md=3405 32s
[9850/10461] 05376_f244c1a3_p5: ok md=1535 63s
[9875/10461] 05370_f1fadfde_p58: ok md=8883 79s
[9900/10461] 05412_f42e5a10_p2: ok md=5188 47s
[9925/10461] 05455_f5f67d58_p107: ok md=33 17s
[9950/10461] 05459_f6188369_p124: ok md=4153 32s
[9975/10461] 05474_f696d314_p16: ok md=1750 32s
[10000/10461] 05488_f75d04c8_p4: ok md=60 34s
[10025/10461] 05497_f79e538f_p25: ok md=449 32s
[10050/10461] 05495_f78ead58_p5: ok md=5973 47s
[10075/10461] 05490_f764cd5e_p4: ok md=3816 63s
[10100/10461] 05519_f88943b1_p444: ok md=1232 48s
[10125/10461] 05534_f910b44f_p15: ok md=1212 47s
[10150/10461] 05566_fa943446_p19: ok md=3198 32s
[10175/10461] 05566_fa943446_p5: ok md=3283 47s
[10200/10461] 05586_fb621b2c_p240: ok md=1957 48s
[10225/10461] 05593_fba2a4c3_p9: ok md=5164 48s
[10250/10461] 05584_fb44a39d_p4: ok md=3301 78s
[10275/10461] 05541_f954c825_p1: ok md=1705 140s
[10300/10461] 05628_fd11b93d_p5: ok md=18036 62s
[10325/10461] 05659_fe6f4349_p16: ok md=2016 47s
[10350/10461] 05668_fed69873_p195: ok md=1848 47s
[10375/10461] 05691_ff8d973e_p187: ok md=471 32s
[10400/10461] 05698_fffecf81_p12: ok md=2890 48s
[10425/10461] 05675_ff3b3890_p4: ok md=3621 125s
[10450/10461] 05572_fadc6250_p2: ok md=8514 340s
parsed 10457/10461; 4 errors this run
=== parse sota-v1-sample pass 2 16:41 have 10457/10461
[25/10461] 00657_1deb6dd6_p15: cached
[50/10461] 00655_1dd5c25e_p18: cached
[75/10461] 00653_1dbd6490_p36: cached
[100/10461] 00235_0b5d4c46_p11: cached
[125/10461] 00233_0b30ea6b_p21: cached
[150/10461] 00547_18d6f840_p13: cached
[175/10461] 01181_34c1caf3_p22: cached
[200/10461] 00438_144cada6_p14: cached
[225/10461] 00436_1431aef0_p2: cached
[250/10461] 00225_0af2b507_p123: cached
[275/10461] 01174_3460df86_p242: cached
[300/10461] 00431_13f4fb89_p4: cached
[325/10461] 00910_29727f71_p13: cached
[350/10461] 00346_10e20c9b_p7: cached
[375/10461] 00699_202597be_p4: cached
[400/10461] 00814_255464b1_p4: cached
[425/10461] 01080_307b013e_p29: cached
[450/10461] 01080_307b013e_p17: cached
[475/10461] 00528_182c25d9_p1: cached
[500/10461] 00777_2414ac62_p2: cached
[525/10461] 00807_251dfcf2_p513: cached
[550/10461] 00152_06c1a8db_p7: cached
[575/10461] 00803_2515650c_p22: cached
[600/10461] 01075_3023a727_p7: cached
[625/10461] 00330_10110e6e_p10: cached
[650/10461] 00147_06836cee_p12: cached
[675/10461] 01071_2ff64239_p6: cached
[700/10461] 00514_1786b1bf_p4: cached
[725/10461] 00638_1d11a419_p11: cached
[750/10461] 00090_042c28c5_p241: cached
[775/10461] 01120_31cb5d07_p93: cached
[800/10461] 00083_03ee1a3a_p133: cached
[825/10461] 00736_225cc542_p26: cached
[850/10461] 00951_2b62a01b_p5: cached
[875/10461] 00731_22129db7_p10: cached
[900/10461] 00619_1c520044_p312: cached
[925/10461] 01069_2fe690af_p59: cached
[950/10461] 01168_3415535b_p4: cached
[975/10461] 00906_29456d2c_p22: cached
[1000/10461] 00904_293bb8ed_p169: cached
[1025/10461] 00213_0a0e61d6_p39: cached
[1050/10461] 01060_2faf5e95_p1: cached
[1075/10461] 01000_2d46fa00_p169: cached
[1100/10461] 01056_2f84c59e_p217: cached
[1125/10461] 00995_2d14502c_p12: cached
[1150/10461] 00993_2cf0ec16_p2: cached
[1175/10461] 00370_11ccf250_p2: cached
[1200/10461] 00197_0948bb06_p64: cached
[1225/10461] 00259_0c96f970_p311: cached
[1250/10461] 00303_0eab8e36_p4: cached
[1275/10461] 00467_1597f0e7_p232: cached
[1300/10461] 00675_1ef2f631_p22: cached
[1325/10461] 00850_274887ad_p11: cached
[1350/10461] 00610_1bec5862_p1: cached
[1375/10461] 00135_0644e8b3_p6: cached
[1400/10461] 00294_0e7b2586_p7: cached
[1425/10461] 00845_270edf80_p2: cached
[1450/10461] 00418_13a1571c_p8: cached
[1475/10461] 00604_1b8b6cd0_p20: cached
[1500/10461] 00246_0c347489_p5: cached
[1525/10461] 00244_0bdde488_p239: cached
[1550/10461] 00412_136d72e9_p18: cached
[1575/10461] 00348_10f30496_p10: cached
[1600/10461] 01101_311998bc_p1: cached
[1625/10461] 00063_02ff2d49_p36: cached
[1650/10461] 00715_2151eb82_p1: cached
[1675/10461] 00056_02bf4dda_p3: cached
[1700/10461] 00935_2ab44ad3_p5: cached
[1725/10461] 00931_2a760d78_p276: cached
[1750/10461] 00988_2cb35ec5_p108: cached
[1775/10461] 00511_17615054_p606: cached
[1800/10461] 00509_17578dfd_p2: cached
[1825/10461] 00507_1746f4b8_p98: cached
[1850/10461] 00401_13027da3_p6: cached
[1875/10461] 00977_2c3b1a11_p133: cached
[1900/10461] 00782_24447dec_p2: cached
[1925/10461] 00779_242816e2_p420: cached
[1950/10461] 00776_2406e7ff_p8: cached
[1975/10461] 00391_12995222_p563: cached
[2000/10461] 00003_00395b54_p10: cached
[2025/10461] 00768_23b10aa3_p34: cached
[2050/10461] 00763_23432ab4_p6: cached
[2075/10461] 00758_2306b477_p16: cached
[2100/10461] 01132_328180be_p63: cached
[2125/10461] 01128_3264fe50_p17: cached
[2150/10461] 01198_3585f1f0_p49: cached
[2175/10461] 01211_3669241f_p1: cached
[2200/10461] 01143_334516d9_p9: cached
[2225/10461] 01238_3785fe06_p178: cached
[2250/10461] 01250_38325ac2_p7: cached
[2275/10461] 01263_38d35215_p14: cached
[2300/10461] 01276_39431819_p225: cached
[2325/10461] 01291_3a1a5da2_p12: cached
[2350/10461] 01305_3a940552_p74: cached
[2375/10461] 01280_396416b5_p225: cached
[2400/10461] 01333_3c0c8d90_p2: cached
[2425/10461] 01345_3cafd911_p6: cached
[2450/10461] 01296_3a4cb519_p3: cached
[2475/10461] 01372_3e24bf2a_p2: cached
[2500/10461] 01386_3ede8fe8_p3: cached
[2525/10461] 01401_3f7e7a3b_p69: cached
[2550/10461] 01413_40114db8_p9: cached
[2575/10461] 01428_40f4f6db_p53: cached
[2600/10461] 01440_416deb02_p265: cached
[2625/10461] 01455_42071bc2_p11: cached
[2650/10461] 01469_429c39a3_p1: cached
[2675/10461] 01484_43400981_p200: cached
[2700/10461] 01426_40cdc8dc_p2: cached
[2725/10461] 01512_447a994c_p6: cached
[2750/10461] 01525_4500a8b2_p67: cached
[2775/10461] 01537_45c7e419_p10: cached
[2800/10461] 01553_468800a8_p12: cached
[2825/10461] 01568_4743d5d0_p1: cached
[2850/10461] 01582_48028e3d_p2: cached
[2875/10461] 01595_48d38808_p14: cached
[2900/10461] 01572_4781b1d9_p116: cached
[2925/10461] 01621_4a0b29e7_p100: cached
[2950/10461] 01636_4af2ff78_p42: cached
[2975/10461] 01649_4bc739ed_p11: cached
[3000/10461] 01662_4c493d80_p62: cached
[3025/10461] 01678_4d4453d0_p74: cached
[3050/10461] 01695_4dc08873_p9: cached
[3075/10461] 01708_4e636404_p42: cached
[3100/10461] 01721_4f13da3d_p6: cached
[3125/10461] 01734_4fb50f50_p16: cached
[3150/10461] 01746_5051d6fd_p3: cached
[3175/10461] 01763_51222cae_p408: cached
[3200/10461] 01778_523062c5_p64: cached
[3225/10461] 01791_52d27400_p16: cached
[3250/10461] 01774_520da31c_p32: cached
[3275/10461] 01821_53d2ff7c_p41: cached
[3300/10461] 01784_52631af2_p71: cached
[3325/10461] 01847_5599c104_p6: cached
[3350/10461] 01860_563db77c_p4: cached
[3375/10461] 01873_5743df8a_p10: cached
[3400/10461] 01887_57b85980_p7: cached
[3425/10461] 01729_4f50a729_p155: cached
[3450/10461] 01913_58bfbf80_p24: cached
[3475/10461] 01927_592c7165_p256: cached
[3500/10461] 01940_59a36cd1_p108: cached
[3525/10461] 01953_5a38b3f8_p13: cached
[3550/10461] 01968_5b252fe3_p624: cached
[3575/10461] 01981_5bac68a8_p3: cached
[3600/10461] 01994_5c698437_p607: cached
[3625/10461] 02007_5d297d64_p36: cached
[3650/10461] 01906_588afc80_p3: cached
[3675/10461] 02034_5e31f678_p4: cached
[3700/10461] 01975_5b62a545_p2: cached
[3725/10461] 02060_5f6cf80e_p2: cached
[3750/10461] 02072_6008552b_p9: cached
[3775/10461] 02087_60953cf4_p19: cached
[3800/10461] 02100_616e3df7_p29: cached
[3825/10461] 02113_61cafa20_p1: cached
[3850/10461] 02126_627eb52f_p226: cached
[3875/10461] 02141_6306d8e6_p35: cached
[3900/10461] 02156_63872ef3_p9: cached
[3925/10461] 02169_643a486c_p50: cached
[3950/10461] 02182_64c769e8_p48: cached
[3975/10461] 02195_6542e807_p6: cached
[4000/10461] 02209_65a0826d_p20: cached
[4025/10461] 02223_6667e91e_p82: cached
[4050/10461] 02061_5f705a6d_p5: cached
[4075/10461] 02251_67fb7fdf_p1: cached
[4100/10461] 02264_6879b661_p116: cached
[4125/10461] 02278_690d78e9_p1: cached
[4150/10461] 02291_69c103d8_p119: cached
[4175/10461] 02306_6a8b1027_p100: cached
[4200/10461] 02323_6b46463d_p83: cached
[4225/10461] 02339_6befb3f8_p2: cached
[4250/10461] 02352_6c52ebbc_p26: cached
[4275/10461] 02368_6d2c357e_p1: cached
[4300/10461] 02174_64814154_p25: cached
[4325/10461] 02397_6e90003c_p2: cached
[4350/10461] 02410_6ee52072_p6: cached
[4375/10461] 02425_6f89141d_p234: cached
[4400/10461] 02440_703c3843_p13: cached
[4425/10461] 02456_711e8fbe_p3: cached
[4450/10461] 02470_71a5599e_p6: cached
[4475/10461] 02485_7239f182_p24: cached
[4500/10461] 02499_72e95c2d_p9: cached
[4525/10461] 02512_73674730_p19: cached
[4550/10461] 02524_73c225dc_p22: cached
[4575/10461] 02537_74433854_p1: cached
[4600/10461] 02550_74e8ef34_p22: cached
[4625/10461] 02565_758af38e_p1: cached
[4650/10461] 02578_76118a53_p69: cached
[4675/10461] 02592_768f884b_p37: cached
[4700/10461] 02605_77111ee7_p19: cached
[4725/10461] 02621_77b53a2a_p59: cached
[4750/10461] 02636_785df29b_p3: cached
[4775/10461] 02648_79053d75_p81: cached
[4800/10461] 02532_73e90240_p519: cached
[4825/10461] 02674_7a6480b0_p8: cached
[4850/10461] 02598_76c90200_p305: cached
[4875/10461] 02699_7b250876_p33: cached
[4900/10461] 02571_75b2050e_p6: cached
[4925/10461] 02726_7c736a9f_p23: cached
[4950/10461] 02740_7d0ca864_p103: cached
[4975/10461] 02754_7d7595ff_p10: cached
[5000/10461] 02767_7e104fdd_p81: cached
[5025/10461] 02779_7e644de2_p20: cached
[5050/10461] 02792_7efe5632_p1: cached
[5075/10461] 02806_7f57b355_p2: cached
[5100/10461] 02822_800fd7db_p32: cached
[5125/10461] 02835_8095dc98_p365: cached
[5150/10461] 02849_80efad74_p1: cached
[5175/10461] 02861_81bce583_p4: cached
[5200/10461] 02874_8254bfbb_p19: cached
[5225/10461] 02755_7d7edde7_p15: cached
[5250/10461] 02901_83948b42_p130: cached
[5275/10461] 02913_845f9bb7_p58: cached
[5300/10461] 02927_84d54591_p33: cached
[5325/10461] 02939_8547da38_p162: cached
[5350/10461] 02821_80061ed1_p323: cached
[5375/10461] 02965_86601e7a_p6: cached
[5400/10461] 02978_86f6d39c_p92: cached
[5425/10461] 02990_87897ff1_p19: cached
[5450/10461] 03004_8842faad_p92: cached
[5475/10461] 03017_88bd7636_p10: cached
[5500/10461] 03030_89743d95_p2: cached
[5525/10461] 03043_8a50a77d_p4: cached
[5550/10461] 03057_8b2c4254_p2: cached
[5575/10461] 03070_8bf67291_p5: cached
[5600/10461] 03084_8c78ceed_p6: cached
[5625/10461] 03021_88df0137_p53: cached
[5650/10461] 03112_8d986b1f_p6: cached
[5675/10461] 03129_8e8418d8_p10: cached
[5700/10461] 03142_8ef8db9a_p17: cached
[5725/10461] 03156_8fbc17cd_p10: cached
[5750/10461] 03170_903f9946_p2: cached
[5775/10461] 03185_90e35c04_p98: cached
[5800/10461] 03197_918cb07a_p44: cached
[5825/10461] 03212_920e4908_p6: cached
[5850/10461] 03225_92c297ff_p2: cached
[5875/10461] 03237_934d96f5_p20: cached
[5900/10461] 03250_93e43bb9_p29: cached
[5925/10461] 03263_9474d761_p12: cached
[5950/10461] 03277_95051aae_p220: cached
[5975/10461] 03195_917d4a02_p29: cached
[6000/10461] 03305_963b0b3a_p1: cached
[6025/10461] 03319_96a68566_p4: cached
[6050/10461] 03332_9772c5d1_p2: cached
[6075/10461] 03346_97f148dd_p15: cached
[6100/10461] 03358_984b0f7d_p91: cached
[6125/10461] 03071_8bfa1fa7_p1: cached
[6150/10461] 03385_99a8efb5_p91: cached
[6175/10461] 03400_9a4376a2_p472: cached
[6200/10461] 03414_9afc4049_p21: cached
[6225/10461] 03428_9b9e340c_p24: cached
[6250/10461] 03441_9c37f303_p253: cached
[6275/10461] 03455_9ce16758_p30: cached
[6300/10461] 03467_9d41e3a4_p6: cached
[6325/10461] 03482_9dd57815_p1: cached
[6350/10461] 03496_9e78d276_p1: cached
[6375/10461] 03511_9efe3f42_p95: cached
[6400/10461] 03524_9f7126fb_p4: cached
[6425/10461] 03506_9ed80424_p13: cached
[6450/10461] 03221_92aea37a_p1: cached
[6475/10461] 03562_a0ce9a52_p20: cached
[6500/10461] 03575_a1627577_p34: cached
[6525/10461] 03587_a1e3fcba_p451: cached
[6550/10461] 03600_a2a8c06f_p3: cached
[6575/10461] 03614_a34d03cd_p51: cached
[6600/10461] 03626_a3f46041_p87: cached
[6625/10461] 03639_a43c7884_p9: cached
[6650/10461] 03655_a4e87f34_p3: cached
[6675/10461] 03668_a5ad8af7_p24: cached
[6700/10461] 03681_a62cd613_p2: cached
[6725/10461] 03695_a6a4e676_p10: cached
[6750/10461] 03708_a74a7c63_p22: cached
[6775/10461] 03722_a80b9306_p10: cached
[6800/10461] 03735_a87e7c1e_p41: cached
[6825/10461] 03750_a8f1e145_p1: cached
[6850/10461] 03764_a981ec2a_p20: cached
[6875/10461] 03777_aa06af26_p4: cached
[6900/10461] 03157_8fbdb489_p224: cached
[6925/10461] 03805_ab9d41e6_p9: cached
[6950/10461] 03819_ac0b8c63_p5: cached
[6975/10461] 03832_acb27831_p69: cached
[7000/10461] 03847_ad4bcb2c_p2: cached
[7025/10461] 03739_a8acbedd_p48: cached
[7050/10461] 03874_ae8ee628_p3: cached
[7075/10461] 03886_aee7c2e4_p4: cached
[7100/10461] 03900_afa03084_p127: cached
[7125/10461] 03914_b03339b0_p144: cached
[7150/10461] 03927_b124e88d_p27: cached
[7175/10461] 03942_b1c88b4f_p123: cached
[7200/10461] 03957_b2ad2800_p731: cached
[7225/10461] 03969_b386d8bf_p7: cached
[7250/10461] 03983_b42128b7_p25: cached
[7275/10461] 03995_b490a30f_p72: cached
[7300/10461] 03938_b18b80c5_p9: cached
[7325/10461] 04023_b5bc20d7_p7: cached
[7350/10461] 04037_b61db1a8_p46: cached
[7375/10461] 04052_b6abb42c_p6: cached
[7400/10461] 04066_b76e2512_p17: cached
[7425/10461] 04083_b83c8380_p3: cached
[7450/10461] 04097_b8ed46be_p31: cached
[7475/10461] 04111_b9e54672_p6: cached
[7500/10461] 04022_b5ad29b7_p61: cached
[7525/10461] 04136_bae0e985_p1: cached
[7550/10461] 04121_ba588ffe_p18: cached
[7575/10461] 04162_bc014bb2_p3: cached
[7600/10461] 04146_bb5dd050_p176: cached
[7625/10461] 04189_bd8e9a96_p61: cached
[7650/10461] 04203_bdfbbcf6_p1: cached
[7675/10461] 04215_be9b2999_p20: cached
[7700/10461] 04229_bfafd30b_p162: cached
[7725/10461] 04241_bffdc3e0_p19: cached
[7750/10461] 04254_c0806e83_p7: cached
[7775/10461] 04101_b967c5ec_p11: cached
[7800/10461] 04284_c1d25e26_p15: cached
[7825/10461] 04297_c23d3c89_p17: cached
[7850/10461] 04310_c2e1a013_p30: cached
[7875/10461] 04322_c3915cb0_p11: cached
[7900/10461] 04336_c4394c40_p2: cached
[7925/10461] 04349_c4891bc1_p187: cached
[7950/10461] 04365_c5664d9b_p11: cached
[7975/10461] 04212_be74c50c_p3: cached
[8000/10461] 04177_bd1a98c6_p78: cached
[8025/10461] 04405_c780ed26_p146: cached
[8050/10461] 04418_c7db8ce6_p163: cached
[8075/10461] 04431_c86af38d_p2: cached
[8100/10461] 04446_c8f77279_p48: cached
[8125/10461] 04460_c982091a_p36: cached
[8150/10461] 04474_c9f9ef8b_p18: cached
[8175/10461] 04487_ca851f20_p60: cached
[8200/10461] 04501_cae9c067_p385: cached
[8225/10461] 04514_cb6a1d17_p16: cached
[8250/10461] 04528_cc866786_p1: cached
[8275/10461] 04544_ccf2c04e_p41: cached
[8300/10461] 04556_cd760343_p15: cached
[8325/10461] 04570_ce04d0a7_p5: cached
[8350/10461] 04583_ce74479b_p11: cached
[8375/10461] 04597_cf025086_p2: cached
[8400/10461] 04611_cf892cb8_p12: cached
[8425/10461] 04436_c88ec2de_p15: cached
[8450/10461] 04638_d098dc70_p41: cached
[8475/10461] 04625_d02f6cea_p5: cached
[8500/10461] 04666_d22f287b_p2: cached
[8525/10461] 04678_d27ca3c4_p30: cached
[8550/10461] 04538_ccd42a63_p1: cached
[8575/10461] 04706_d39ee2a2_p5: cached
[8600/10461] 04719_d447c3af_p14: cached
[8625/10461] 04733_d4efe7b2_p47: cached
[8650/10461] 04746_d5c8feb8_p8: cached
[8675/10461] 04762_d659c66a_p35: cached
[8700/10461] 04775_d721ed7e_p2: cached
[8725/10461] 04790_d83b974a_p7: cached
[8750/10461] 04803_d87bf6c6_p9: cached
[8775/10461] 04788_d7da797c_p23: cached
[8800/10461] 04829_d95ead31_p7: cached
[8825/10461] 04844_d9db598d_p21: cached
[8850/10461] 04856_da6f5eab_p61: cached
[8875/10461] 04871_daf340d2_p37: cached
[8900/10461] 04884_db48ab75_p17: cached
[8925/10461] 04790_d83b974a_p24: cached
[8950/10461] 04911_dce19856_p143: cached
[8975/10461] 04924_dd62ffdc_p22: cached
[9000/10461] 04939_de1ea9b9_p104: cached
[9025/10461] 04952_deb2f140_p29: cached
[9050/10461] 04965_df7f7a00_p55: cached
[9075/10461] 04978_e02f8f32_p21: cached
[9100/10461] 04992_e1347c09_p4: cached
[9125/10461] 04867_dac9ed93_p112: cached
[9150/10461] 05019_e23b9f04_p46: cached
[9175/10461] 05031_e2ba2b24_p11: cached
[9200/10461] 05044_e3855789_p7: cached
[9225/10461] 05028_e2a451a5_p13: cached
[9250/10461] 05070_e4b38411_p6: cached
[9275/10461] 05084_e58c1e13_p1: cached
[9300/10461] 05097_e5fd13d1_p10: cached
[9325/10461] 05112_e67670d3_p14: cached
[9350/10461] 05125_e786292b_p5: cached
[9375/10461] 05138_e7e64d88_p6: cached
[9400/10461] 04921_dd5416fe_p81: cached
[9425/10461] 05166_e8e32969_p9: cached
[9450/10461] 05182_e9b9fe71_p44: cached
[9475/10461] 05195_ea8eb214_p7: cached
[9500/10461] 05176_e991f2ac_p2: cached
[9525/10461] 05019_e23b9f04_p52: cached
[9550/10461] 05233_ec8d17f6_p276: cached
[9575/10461] 05247_ed2d0485_p154: cached
[9600/10461] 05264_edd0021f_p142: cached
[9625/10461] 05277_ee53ee68_p14: cached
[9650/10461] 05079_e55401dd_p14: cached
[9675/10461] 05275_ee381cca_p2: cached
[9700/10461] 05318_efe43c13_p5: cached
[9725/10461] 05330_f082d542_p95: cached
[9750/10461] 05250_ed36e938_p3: cached
[9775/10461] 05356_f17973f4_p12: cached
[9800/10461] 05370_f1fadfde_p58: cached
[9825/10461] 05352_f13b6617_p13: cached
[9850/10461] 05333_f0a4d732_p1: cached
[9875/10461] 05411_f42a5efb_p2: cached
[9900/10461] 05426_f49de634_p5: cached
[9925/10461] 05340_f0e2dcfc_p35: cached
[9950/10461] 05420_f45f584c_p326: cached
[9975/10461] 05469_f65b6018_p12: cached
[10000/10461] 05482_f6f7f882_p91: cached
[10025/10461] 05496_f79708ed_p12: cached
[10050/10461] 05477_f6a70335_p507: cached
[10075/10461] 05524_f8a456a6_p44: cached
[10100/10461] 05437_f5420b42_p237: cached
[10125/10461] 05551_f9fa4643_p63: cached
[10150/10461] 05564_fa8ae09a_p357: cached
[10175/10461] 05223_ebef76a2_p336: cached
[10200/10461] 05559_fa5f7eea_p2: cached
[10225/10461] 05472_f65e2b8c_p199: cached
[10250/10461] 05616_fc9d9a04_p35: cached
[10275/10461] 05631_fd5f1bd5_p4: cached
[10300/10461] 05646_fdf6621a_p5: cached
[10325/10461] 05661_fe7bcd73_p1: cached
[10350/10461] 05638_fdb79dea_p92: cached
[10375/10461] 05652_fe37ff8d_p194: cached
[10400/10461] 05667_fed467cc_p4: cached
[10425/10461] 05645_fdf20712_p1: cached
[10450/10461] 05697_fff5b80d_p1: cached
[10458/10461] 04118_ba4182d3_p24: status FAILED after 62s
[10459/10461] 01204_35dd3f88_p205: status FAILED after 77s
parsed 10459/10461; 2 errors this run
=== parse sota-v1-sample pass 3 16:48 have 10459/10461
[25/10461] 01267_38f6d174_p66: cached
[50/10461] 00986_2c9d8c72_p496: cached
[75/10461] 01904_586326fa_p35: cached
[100/10461] 00386_128c24c0_p19: cached
[125/10461] 01902_5855c4fa_p2: cached
[150/10461] 01583_48233ac7_p1: cached
[175/10461] 00552_190b48ba_p70: cached
[200/10461] 01436_41360edb_p228: cached
[225/10461] 01262_38cd4299_p2: cached
[250/10461] 00972_2c14c00d_p1: cached
[275/10461] 01260_38b40874_p2: cached
[300/10461] 01086_30b4f3ae_p16: cached
[325/10461] 00967_2c05b826_p4: cached
[350/10461] 00373_11f00a68_p17: cached
[375/10461] 00687_1f8469b3_p6: cached
[400/10461] 00686_1f82d435_p21: cached
[425/10461] 01375_3e305e59_p2: cached
[450/10461] 01725_4f39e5d1_p6: cached
[475/10461] 00918_29ca9543_p3: cached
[500/10461] 01425_40c7ffa3_p11: cached
[525/10461] 01839_55137578_p6: cached
[550/10461] 01480_42fbdc8b_p11: cached
[575/10461] 00281_0db6fd59_p191: cached
[600/10461] 01421_40a0a9d7_p8: cached
[625/10461] 01248_3800845c_p143: cached
[650/10461] 00491_16dfd432_p155: cached
[675/10461] 00090_042c28c5_p257: cached
[700/10461] 00596_1b57e5fa_p3: cached
[725/10461] 01137_32e2dd12_p149: cached
[750/10461] 00086_04186e95_p19: cached
[775/10461] 00423_13bd1410_p20: cached
[800/10461] 01243_37b9c912_p2: cached
[825/10461] 00906_29456d2c_p22: cached
[850/10461] 01412_40073704_p3: cached
[875/10461] 01692_4d91a682_p131: cached
[900/10461] 01466_428be9c2_p222: cached
[925/10461] 01825_540e038d_p6: cached
[950/10461] 00587_1adb77ee_p401: cached
[975/10461] 01687_4d7653f8_p8: cached
[1000/10461] 00479_168014c1_p11: cached
[1025/10461] 00686_1f82d435_p17: cached
[1050/10461] 00146_06834009_p18: cached
[1075/10461] 00636_1d01df5e_p1: cached
[1100/10461] 00217_0a6a5f19_p3: cached
[1125/10461] 00955_2b96a4dc_p2: cached
[1150/10461] 00850_274887ad_p11: cached
[1175/10461] 00952_2b7585f2_p6: cached
[1200/10461] 00530_1847d60d_p10: cached
[1225/10461] 00672_1ea294f9_p26: cached
[1250/10461] 00670_1e93b2ab_p5: cached
[1275/10461] 00946_2b2ceda2_p576: cached
[1300/10461] 00945_2b124b9d_p2: cached
[1325/10461] 00623_1c70c005_p9: cached
[1350/10461] 00898_2914cf82_p5: cached
[1375/10461] 01080_307b013e_p17: cached
[1400/10461] 00266_0cea1a39_p2: cached
[1425/10461] 01184_34fa6547_p97: cached
[1450/10461] 00581_1a9e9ca0_p17: cached
[1475/10461] 01630_4a924eb0_p25: cached
[1500/10461] 01884_579af2d0_p660: cached
[1525/10461] 01180_34ae2bee_p14: cached
[1550/10461] 01561_46d784a6_p10: cached
[1575/10461] 01880_576a563a_p21: cached
[1600/10461] 00258_0c9531c0_p429: cached
[1625/10461] 00786_2477351b_p9: cached
[1650/10461] 01557_46bff128_p180: cached
[1675/10461] 01555_46bd9fdc_p34: cached
[1700/10461] 01876_575fd428_p6: cached
[1725/10461] 00254_0c6f4648_p27: cached
[1750/10461] 01065_2fd24221_p4: cached
[1775/10461] 00355_115532a7_p4: cached
[1800/10461] 00103_049ea95d_p6: cached
[1825/10461] 01755_50d508b0_p4: cached
[1850/10461] 01225_3701acde_p8: cached
[1875/10461] 00310_0ef8fdc8_p45: cached
[1900/10461] 01334_3c29d6a0_p155: cached
[1925/10461] 01614_49ae6190_p4: cached
[1950/10461] 01290_3a06e7ab_p46: cached
[1975/10461] 00477_166c56da_p8: cached
[2000/10461] 01234_374ac88a_p32: cached
[2025/10461] 01457_4237bd46_p165: cached
[2050/10461] 00723_21b752a8_p236: cached
[2075/10461] 01490_439623ce_p34: cached
[2100/10461] 00064_031028e6_p14: cached
[2125/10461] 01670_4cc702cd_p2: cached
[2150/10461] 01220_36ee1863_p7: cached
[2175/10461] 01447_419bbb52_p2: cached
[2200/10461] 00993_2cf0ec16_p2: cached
[2225/10461] 00991_2cc8f2b1_p14: cached
[2250/10461] 00460_154dc2d5_p13: cached
[2275/10461] 00621_1c5907ad_p4: cached
[2300/10461] 01120_31cb5d07_p93: cached
[2325/10461] 01402_3f852e32_p43: cached
[2350/10461] 00194_0906dca1_p4: cached
[2375/10461] 01815_53ae0719_p57: cached
[2400/10461] 00835_26a0b042_p5: cached
[2425/10461] 01280_396416b5_p225: cached
[2450/10461] 00405_131950ff_p19: cached
[2475/10461] 01110_3174e7c1_p166: cached
[2500/10461] 01277_39457676_p41: cached
[2525/10461] 00400_12cfb2a8_p189: cached
[2550/10461] 00180_07efde95_p3: cached
[2575/10461] 01274_39245d5a_p10: cached
[2600/10461] 01597_48fc2b46_p98: cached
[2625/10461] 00396_12bca44b_p19: cached
[2650/10461] 01800_53422bb6_p462: cached
[2675/10461] 00168_076ab72e_p10: cached
[2700/10461] 01223_36f9fdfe_p3: cached
[2725/10461] 00003_00395b54_p10: cached
[2750/10461] 00660_1e0b452e_p7: cached
[2775/10461] 01744_50344c57_p8: cached
[2800/10461] 00658_1def0bf7_p2: cached
[2825/10461] 01742_501c0071_p7: cached
[2850/10461] 01535_45960802_p8: cached
[2875/10461] 01857_5614239e_p9: cached
[2900/10461] 00339_10a1a07b_p39: cached
[2925/10461] 01918_58f12121_p3: cached
[2950/10461] 00336_1059c049_p21: cached
[2975/10461] 01124_3209fdc1_p6: cached
[3000/10461] 01042_2ef3b862_p1: cached
[3025/10461] 00648_1d744827_p34: cached
[3050/10461] 00503_173e1fc2_p6: cached
[3075/10461] 00501_172f678a_p18: cached
[3100/10461] 00921_29dd68de_p15: cached
[3125/10461] 01208_36499f4f_p46: cached
[3150/10461] 00244_0bdde488_p118: cached
[3175/10461] 00816_2576a754_p11: cached
[3200/10461] 00240_0b8bcf79_p270: cached
[3225/10461] 01164_34013fd4_p4: cached
[3250/10461] 01326_3bd65514_p11: cached
[3275/10461] 00451_14c75221_p145: cached
[3300/10461] 01160_33d73930_p9: cached
[3325/10461] 00447_14afee27_p11: cached
[3350/10461] 01784_52631af2_p71: cached
[3375/10461] 01321_3b6edaa4_p14: cached
[3400/10461] 01193_3566a9b7_p1: cached
[3425/10461] 00863_27b447cf_p221: cached
[3450/10461] 00032_017871fe_p4: cached
[3475/10461] 00225_0af2b507_p115: cached
[3500/10461] 00224_0ae22e43_p180: cached
[3525/10461] 01944_59d300f6_p182: cached
[3550/10461] 01958_5a672a82_p16: cached
[3575/10461] 01927_592c7165_p256: cached
[3600/10461] 01985_5bc93ebc_p5: cached
[3625/10461] 01998_5c89b821_p199: cached
[3650/10461] 01999_5caee30a_p7: cached
[3675/10461] 02023_5de27f09_p227: cached
[3700/10461] 02038_5e56165c_p6: cached
[3725/10461] 01974_5b603ab3_p18: cached
[3750/10461] 02064_5fa0ddff_p13: cached
[3775/10461] 02078_6044916e_p15: cached
[3800/10461] 02092_60ee828f_p5: cached
[3825/10461] 02105_618de2bc_p7: cached
[3850/10461] 02117_61f998fc_p9: cached
[3875/10461] 02052_5f1fed9e_p199: cached
[3900/10461] 02105_618de2bc_p10: cached
[3925/10461] 02162_63ee1a80_p235: cached
[3950/10461] 02174_64814154_p25: cached
[3975/10461] 02188_650e626d_p1: cached
[4000/10461] 02200_65708e6e_p18: cached
[4025/10461] 02214_66145c49_p112: cached
[4050/10461] 02219_6634a7ea_p13: cached
[4075/10461] 02243_67490710_p1: cached
[4100/10461] 02256_6804a2a0_p6: cached
[4125/10461] 02270_68bcbc1d_p149: cached
[4150/10461] 02284_698a294e_p8: cached
[4175/10461] 02232_66cbac73_p10: cached
[4200/10461] 02312_6ae918d2_p7: cached
[4225/10461] 02297_6a0843db_p1: cached
[4250/10461] 02344_6c0de506_p231: cached
[4275/10461] 02359_6cc38793_p50: cached
[4300/10461] 02374_6d5fce33_p8: cached
[4325/10461] 02388_6e4b4ade_p1: cached
[4350/10461] 02402_6ebaca9b_p105: cached
[4375/10461] 02416_6f30a097_p23: cached
[4400/10461] 02432_6fd58264_p2: cached
[4425/10461] 02445_70b6fcf5_p3: cached
[4450/10461] 02462_7164a478_p10: cached
[4475/10461] 02475_71c2b5d2_p3: cached
[4500/10461] 02479_71e23fa3_p412: cached
[4525/10461] 02505_732049f3_p7: cached
[4550/10461] 02517_73778b55_p7: cached
[4575/10461] 02322_6b408162_p25: cached
[4600/10461] 02542_746c3a71_p37: cached
[4625/10461] 02557_7540a29c_p53: cached
[4650/10461] 02571_75b2050e_p6: cached
[4675/10461] 02485_7239f182_p54: cached
[4700/10461] 02598_76c90200_p82: cached
[4725/10461] 02611_774670c5_p2: cached
[4750/10461] 02626_77e699d0_p2: cached
[4775/10461] 02641_788fdddd_p14: cached
[4800/10461] 02654_7945a35e_p3: cached
[4825/10461] 02667_7a0a91c7_p16: cached
[4850/10461] 02680_7a87ffdf_p7: cached
[4875/10461] 02693_7b02e7f6_p29: cached
[4900/10461] 02694_7b033e26_p397: cached
[4925/10461] 02720_7c139993_p108: cached
[4950/10461] 02734_7cbcb7de_p365: cached
[4975/10461] 02747_7d40c54b_p208: cached
[5000/10461] 02761_7dc6d5b3_p5: cached
[5025/10461] 02774_7e441005_p3: cached
[5050/10461] 02786_7eb7a5bd_p8: cached
[5075/10461] 02800_7f2031c9_p3: cached
[5100/10461] 02813_7f962628_p2: cached
[5125/10461] 02828_80517735_p15: cached
[5150/10461] 02801_7f28ed0a_p58: cached
[5175/10461] 02855_8174655d_p3: cached
[5200/10461] 02817_7fc66e62_p1: cached
[5225/10461] 02882_82ba1995_p3: cached
[5250/10461] 02895_8364cd9e_p6: cached
[5275/10461] 02908_83fb02f3_p11: cached
[5300/10461] 02921_84a5f945_p2: cached
[5325/10461] 02934_84fe5300_p14: cached
[5350/10461] 02854_81661519_p5: cached
[5375/10461] 02775_7e479395_p40: cached
[5400/10461] 02973_86d23bfa_p288: cached
[5425/10461] 02986_874c9e65_p2: cached
[5450/10461] 02998_880070d7_p27: cached
[5475/10461] 03012_888c0630_p76: cached
[5500/10461] 03024_892852ad_p31: cached
[5525/10461] 02937_8523781f_p7: cached
[5550/10461] 03051_8a9eb38a_p11: cached
[5575/10461] 03065_8ba654b5_p1: cached
[5600/10461] 03080_8c6e9c91_p1: cached
[5625/10461] 03092_8ce6c513_p214: cached
[5650/10461] 03108_8d8be465_p4: cached
[5675/10461] 02927_84d54591_p49: cached
[5700/10461] 03138_8ec28cea_p11: cached
[5725/10461] 03152_8f5ad4df_p5: cached
[5750/10461] 03036_89f8c065_p468: cached
[5775/10461] 03180_909260a5_p15: cached
[5800/10461] 03193_91663cc7_p67: cached
[5825/10461] 03207_91f754fb_p1: cached
[5850/10461] 03220_928aa27c_p5: cached
[5875/10461] 03233_930b92ce_p6: cached
[5900/10461] 03245_93aca812_p2: cached
[5925/10461] 03258_9414283a_p3: cached
[5950/10461] 03272_94bb7b9c_p2: cached
[5975/10461] 03287_95a7bc0f_p21: cached
[6000/10461] 03300_962e7d52_p1: cached
[6025/10461] 03313_966dfe73_p164: cached
[6050/10461] 03327_97036950_p45: cached
[6075/10461] 03340_97bb7e8f_p263: cached
[6100/10461] 03319_96a68566_p3: cached
[6125/10461] 03332_9772c5d1_p2: cached
[6150/10461] 03379_993644db_p4: cached
[6175/10461] 03394_9a05598d_p29: cached
[6200/10461] 03408_9ad789e3_p207: cached
[6225/10461] 03423_9b428678_p11: cached
[6250/10461] 03436_9bf03f19_p66: cached
[6275/10461] 03432_9bccb553_p29: cached
[6300/10461] 03463_9d1da3f8_p23: cached
[6325/10461] 03478_9dbb9b0d_p7: cached
[6350/10461] 03491_9e48cd02_p1: cached
[6375/10461] 03373_98ebcdf1_p14: cached
[6400/10461] 03520_9f4fc16b_p2: cached
[6425/10461] 03533_9fa8cce0_p198: cached
[6450/10461] 03546_a0216c92_p2: cached
[6475/10461] 03558_a0b4180f_p35: cached
[6500/10461] 03571_a13d8d4e_p4: cached
[6525/10461] 03583_a1a8fd1f_p9: cached
[6550/10461] 03596_a2651739_p1: cached
[6575/10461] 03609_a314acd8_p36: cached
[6600/10461] 03622_a3b51267_p36: cached
[6625/10461] 03635_a427810f_p11: cached
[6650/10461] 03650_a4b35fab_p24: cached
[6675/10461] 03664_a541d7c7_p2: cached
[6700/10461] 03602_a2c23e16_p105: cached
[6725/10461] 03691_a687a673_p22: cached
[6750/10461] 03705_a73cc25e_p43: cached
[6775/10461] 03718_a7bf859d_p841: cached
[6800/10461] 03732_a85c5f5b_p77: cached
[6825/10461] 03570_a13d098a_p533: cached
[6850/10461] 03760_a953165e_p8: cached
[6875/10461] 03774_a9ff1ab8_p2: cached
[6900/10461] 03787_aa709d08_p2: cached
[6925/10461] 03800_ab4d5c2f_p3: cached
[6950/10461] 03815_abee5c49_p4: cached
[6975/10461] 03704_a72d93a7_p9: cached
[7000/10461] 03842_acfbeaa5_p1: cached
[7025/10461] 03856_ade1de2c_p70: cached
[7050/10461] 03869_ae435054_p3: cached
[7075/10461] 03882_aec8c127_p13: cached
[7100/10461] 03895_af75f6a3_p123: cached
[7125/10461] 03909_b00cc6b4_p11: cached
[7150/10461] 03902_afabc40f_p5: cached
[7175/10461] 03936_b17d29e3_p26: cached
[7200/10461] 03953_b2797044_p7: cached
[7225/10461] 03965_b32ef75a_p6: cached
[7250/10461] 03979_b3e0857a_p5: cached
[7275/10461] 03730_a851c05c_p1: cached
[7300/10461] 04004_b4f969e4_p1: cached
[7325/10461] 04019_b595ecc1_p3: cached
[7350/10461] 04033_b5edb4d6_p9: cached
[7375/10461] 03964_b31f86d4_p109: cached
[7400/10461] 04039_b636dffb_p23: cached
[7425/10461] 04079_b826ed47_p135: cached
[7450/10461] 04003_b4f90e0c_p4: cached
[7475/10461] 04107_b9b84cfe_p27: cached
[7500/10461] 04119_ba42f99c_p65: cached
[7525/10461] 04132_bac7c1b3_p2: cached
[7550/10461] 04144_bb5b9d0f_p137: cached
[7575/10461] 04157_bbc13af1_p43: cached
[7600/10461] 04141_bb0badcd_p69: cached
[7625/10461] 04185_bd843f7f_p5: cached
[7650/10461] 04198_bddf1dac_p443: cached
[7675/10461] 04176_bd171624_p9: cached
[7700/10461] 04225_bf496ce4_p98: cached
[7725/10461] 04238_bff03056_p13: cached
[7750/10461] 04250_c067418f_p8: cached
[7775/10461] 04265_c0e0ca28_p26: cached
[7800/10461] 04279_c1a680ae_p78: cached
[7825/10461] 04293_c21d3304_p3: cached
[7850/10461] 04306_c2a2e25b_p208: cached
[7875/10461] 04318_c36cd795_p18: cached
[7900/10461] 04331_c3db9356_p63: cached
[7925/10461] 04345_c46aed35_p7: cached
[7950/10461] 04360_c512dad5_p42: cached
[7975/10461] 04375_c5f98ca5_p5: cached
[8000/10461] 04367_c57db833_p73: cached
[8025/10461] 04400_c74ffddc_p8: cached
[8050/10461] 04413_c7976469_p47: cached
[8075/10461] 04427_c82e4385_p4: cached
[8100/10461] 04297_c23d3c89_p17: cached
[8125/10461] 04271_c1485844_p372: cached
[8150/10461] 04455_c94779c9_p12: cached
[8175/10461] 04483_ca64bcfa_p1: cached
[8200/10461] 04496_cab0ed9e_p33: cached
[8225/10461] 04369_c59afba7_p20: cached
[8250/10461] 04521_cc33d78a_p74: cached
[8275/10461] 04537_ccce815d_p2: cached
[8300/10461] 04551_cd280a34_p279: cached
[8325/10461] 04565_cdb218b1_p25: cached
[8350/10461] 04578_ce5930dd_p72: cached
[8375/10461] 04591_ceb98853_p48: cached
[8400/10461] 04605_cf621c68_p7: cached
[8425/10461] 04619_cfbf1743_p20: cached
[8450/10461] 04633_d078f77f_p39: cached
[8475/10461] 04522_cc3b1528_p5: cached
[8500/10461] 04661_d1e65d1e_p5: cached
[8525/10461] 04632_d0779816_p15: cached
[8550/10461] 04665_d2161d0e_p3: cached
[8575/10461] 04701_d37cef97_p535: cached
[8600/10461] 04715_d42a2e38_p3: cached
[8625/10461] 04729_d4d39877_p1: cached
[8650/10461] 04742_d58d7746_p42: cached
[8675/10461] 04757_d61990ef_p2: cached
[8700/10461] 04770_d6e7098a_p174: cached
[8725/10461] 04785_d795edd3_p72: cached
[8750/10461] 04773_d70c999c_p1: cached
[8775/10461] 04811_d8daf35d_p2: cached
[8800/10461] 04825_d9460a57_p99: cached
[8825/10461] 04839_d9b3c667_p46: cached
[8850/10461] 04851_da18cb9e_p17: cached
[8875/10461] 04865_dab8bea4_p14: cached
[8900/10461] 04687_d2c05952_p1: cached
[8925/10461] 04844_d9db598d_p57: cached
[8950/10461] 04905_dc6e1e39_p239: cached
[8975/10461] 04918_dd2e33c3_p4: cached
[9000/10461] 04932_dde500ec_p14: cached
[9025/10461] 04850_da135b3f_p4: cached
[9050/10461] 04960_df41ac1a_p4: cached
[9075/10461] 04973_dfd5803b_p7: cached
[9100/10461] 04985_e079a22e_p12: cached
[9125/10461] 04951_deac79be_p5: cached
[9150/10461] 04989_e0e756c4_p32: cached
[9175/10461] 05026_e28996ed_p220: cached
[9200/10461] 05015_e218c944_p3: cached
[9225/10461] 05052_e3d6e158_p32: cached
[9250/10461] 05065_e485dc81_p136: cached
[9275/10461] 05030_e2abc133_p7: cached
[9300/10461] 05092_e5be97fe_p13: cached
[9325/10461] 05107_e6456201_p1: cached
[9350/10461] 05119_e714e6c5_p3: cached
[9375/10461] 05133_e7c3413a_p49: cached
[9400/10461] 05146_e830d0b3_p43: cached
[9425/10461] 05134_e7c8a646_p129: cached
[9450/10461] 04917_dd2b9f01_p62: cached
[9475/10461] 05189_ea117433_p6: cached
[9500/10461] 05202_eabdc695_p2: cached
[9525/10461] 05194_ea48bf06_p25: cached
[9550/10461] 05228_ec2f4ba0_p3: cached
[9575/10461] 05242_ed00aee8_p12: cached
[9600/10461] 04778_d75f0693_p73: cached
[9625/10461] 05272_ee261024_p10: cached
[9650/10461] 05285_eec4ea8f_p8: cached
[9675/10461] 05298_ef1de5d0_p1: cached
[9700/10461] 05313_ef83d479_p93: cached
[9725/10461] 05327_f067d40d_p1: cached
[9750/10461] 05288_eee3d0e2_p4: cached
[9775/10461] 05173_e9499ba1_p9: cached
[9800/10461] 05339_f0cd77df_p95: cached
[9825/10461] 05380_f27c300d_p6: cached
[9850/10461] 05392_f33ed09f_p24: cached
[9875/10461] 05407_f3e26b8c_p9: cached
[9900/10461] 05421_f46d82b3_p85: cached
[9925/10461] 05436_f53a1f60_p5: cached
[9950/10461] 05451_f5bd08a8_p7: cached
[9975/10461] 05464_f633be0c_p14: cached
[10000/10461] 05387_f2d127c7_p57: cached
[10025/10461] 05437_f5420b42_p237: cached
[10050/10461] 05308_ef66feed_p150: cached
[10075/10461] 05519_f88943b1_p444: cached
[10100/10461] 05452_f5d0d6af_p265: cached
[10125/10461] 05489_f75e91ba_p16: cached
[10150/10461] 05560_fa643c7b_p73: cached
[10175/10461] 05572_fadc6250_p3: cached
[10200/10461] 05586_fb621b2c_p216: cached
[10225/10461] 05598_fc0ff483_p9: cached
[10250/10461] 05612_fc7a4a1d_p2: cached
[10275/10461] 05391_f316d771_p20: cached
[10300/10461] 05585_fb4f2fa7_p183: cached
[10325/10461] 05654_fe46be71_p9: cached
[10350/10461] 05668_fed69873_p255: cached
[10375/10461] 05682_ff6ba39b_p5: cached
[10400/10461] 05695_ffa3e764_p15: cached
[10425/10461] 05679_ff5a72e2_p62: cached
[10450/10461] 05668_fed69873_p195: cached
[10460/10461] 01204_35dd3f88_p205: status FAILED after 78s
parsed 10460/10461; 1 errors this run
=== parse sota-v1-sample pass 4 16:55 have 10460/10461
[25/10461] 00869_27f87833_p21: cached
[50/10461] 01192_35581353_p10: cached
[75/10461] 00866_27d52847_p19: cached
[100/10461] 01189_35443d12_p2: cached
[125/10461] 00862_27b315aa_p120: cached
[150/10461] 00273_0d283507_p38: cached
[175/10461] 01120_31cb5d07_p93: cached
[200/10461] 00270_0d06c6aa_p111: cached
[225/10461] 01180_34ae2bee_p14: cached
[250/10461] 00958_2bb81fb7_p23: cached
[275/10461] 00746_22a9e890_p50: cached
[300/10461] 00955_2b96a4dc_p1: cached
[325/10461] 00535_186dfc42_p5: cached
[350/10461] 00796_24ea90bb_p6: cached
[375/10461] 00161_072839a8_p1: cached
[400/10461] 00159_070dd4d8_p279: cached
[425/10461] 00486_16c85991_p97: cached
[450/10461] 01059_2fab1fc6_p14: cached
[475/10461] 00903_29344304_p80: cached
[500/10461] 00686_1f82d435_p17: cached
[525/10461] 00480_168213c2_p11: cached
[550/10461] 01053_2f4f01ea_p2: cached
[575/10461] 01052_2f3cc8f7_p3: cached
[600/10461] 01050_2f2e8f8a_p6: cached
[625/10461] 00578_1a6c6d86_p5: cached
[650/10461] 00146_06834009_p20: cached
[675/10461] 00513_17718f25_p15: cached
[700/10461] 01170_342c301c_p55: cached
[725/10461] 00093_0442e582_p486: cached
[750/10461] 00632_1cdb9263_p10: cached
[775/10461] 00089_0428dbab_p100: cached
[800/10461] 00840_26bb22c5_p4: cached
[825/10461] 01010_2dae505f_p62: cached
[850/10461] 01159_33d5e069_p38: cached
[875/10461] 00727_21db42af_p39: cached
[900/10461] 00078_03d10000_p262: cached
[925/10461] 00074_03a913ec_p41: cached
[950/10461] 00721_21aa8ec0_p4: cached
[975/10461] 00071_03718e3d_p5: cached
[1000/10461] 00259_0c96f970_p206: cached
[1025/10461] 00215_0a323e6a_p1: cached
[1050/10461] 00420_13ada7e1_p4: cached
[1075/10461] 00313_0f1a3266_p35: cached
[1100/10461] 00310_0ef8fdc8_p58: cached
[1125/10461] 00243_0bc1a0df_p23: cached
[1150/10461] 00997_2d21ac36_p3: cached
[1175/10461] 00884_288bda67_p5: cached
[1200/10461] 00468_15c17f46_p2: cached
[1225/10461] 00361_11876c41_p6: cached
[1250/10461] 01212_36726054_p17: cached
[1275/10461] 00668_1e482415_p421: cached
[1300/10461] 00463_1567b650_p20: cached
[1325/10461] 01100_311412ab_p560: cached
[1350/10461] 00604_1b8b6cd0_p20: cached
[1375/10461] 00461_1559adfb_p13: cached
[1400/10461] 00765_2388e8ec_p6: cached
[1425/10461] 00876_282bd52f_p8: cached
[1450/10461] 00458_1533bbb9_p128: cached
[1475/10461] 00982_2c5f3963_p13: cached
[1500/10461] 00285_0de67b49_p26: cached
[1525/10461] 00560_1978f513_p29: cached
[1550/10461] 00345_10d6722b_p7: cached
[1575/10461] 00932_2a77946c_p360: cached
[1600/10461] 00929_2a3b2928_p44: cached
[1625/10461] 01037_2e9c42b5_p9: cached
[1650/10461] 00924_2a0742d1_p1: cached
[1675/10461] 00703_209db189_p27: cached
[1700/10461] 00495_170c97e3_p21: cached
[1725/10461] 00408_13586efb_p13: cached
[1750/10461] 01043_2ef7ec0c_p262: cached
[1775/10461] 00658_1def0bf7_p2: cached
[1800/10461] 00655_1dd5c25e_p20: cached
[1825/10461] 00338_1077982c_p29: cached
[1850/10461] 01034_2e8317d6_p3: cached
[1875/10461] 00651_1d8ca636_p30: cached
[1900/10461] 00397_12caa312_p17: cached
[1925/10461] 00016_00b96838_p1: cached
[1950/10461] 00809_2534d18a_p22: cached
[1975/10461] 00542_18bcc8da_p44: cached
[2000/10461] 00011_0072075d_p19: cached
[2025/10461] 00805_2519860e_p52: cached
[2050/10461] 00169_07709de6_p12: cached
[2075/10461] 00640_1d1bb81d_p3: cached
[2100/10461] 00536_1876e122_p9: cached
[2125/10461] 00119_057be202_p45: cached
[2150/10461] 00110_0508d3d1_p6: cached
[2175/10461] 00103_049ea95d_p8: cached
[2200/10461] 00429_13e617f2_p23: cached
[2225/10461] 01234_374ac88a_p32: cached
[2250/10461] 01247_37f90094_p1: cached
[2275/10461] 01259_38b1fd0e_p111: cached
[2300/10461] 01272_39149470_p65: cached
[2325/10461] 01285_39b4c17c_p175: cached
[2350/10461] 01300_3a682fa7_p368: cached
[2375/10461] 01316_3b263cdf_p37: cached
[2400/10461] 01328_3bf32949_p5: cached
[2425/10461] 01341_3c8a4291_p20: cached
[2450/10461] 01353_3d6161fa_p70: cached
[2475/10461] 01368_3e0bccb8_p70: cached
[2500/10461] 01381_3e79d9cf_p26: cached
[2525/10461] 01389_3f46b2bb_p52: cached
[2550/10461] 01392_3f5244e8_p37: cached
[2575/10461] 01422_40a33753_p31: cached
[2600/10461] 01436_41360edb_p139: cached
[2625/10461] 01451_41ca32bf_p186: cached
[2650/10461] 01465_428b62a6_p289: cached
[2675/10461] 01468_4296eb7e_p245: cached
[2700/10461] 01495_43efc6b3_p8: cached
[2725/10461] 01498_442b0087_p54: cached
[2750/10461] 01523_44ed054c_p6: cached
[2775/10461] 01489_43867464_p28: cached
[2800/10461] 01550_4645a4aa_p4: cached
[2825/10461] 01565_46fcfd53_p2: cached
[2850/10461] 01580_47ea8994_p5: cached
[2875/10461] 01593_48b5f444_p298: cached
[2900/10461] 01607_494d5b22_p57: cached
[2925/10461] 01620_49fbe4e7_p8: cached
[2950/10461] 01635_4ace88aa_p74: cached
[2975/10461] 01648_4bb6773e_p5: cached
[3000/10461] 01662_4c493d80_p62: cached
[3025/10461] 01678_4d4453d0_p74: cached
[3050/10461] 01695_4dc08873_p9: cached
[3075/10461] 01708_4e636404_p42: cached
[3100/10461] 01721_4f13da3d_p6: cached
[3125/10461] 01734_4fb50f50_p16: cached
[3150/10461] 01628_4a57de3b_p107: cached
[3175/10461] 01744_50344c57_p8: cached
[3200/10461] 01778_523062c5_p17: cached
[3225/10461] 01790_52b9291e_p5: cached
[3250/10461] 01806_537d1a61_p3: cached
[3275/10461] 01821_53d2ff7c_p41: cached
[3300/10461] 01835_54f1f8c8_p209: cached
[3325/10461] 01834_54e52055_p10: cached
[3350/10461] 01860_563db77c_p5: cached
[3375/10461] 01857_5614239e_p9: cached
[3400/10461] 01887_57b85980_p8: cached
[3425/10461] 01900_583106be_p5: cached
[3450/10461] 01913_58bfbf80_p24: cached
[3475/10461] 01927_592c7165_p256: cached
[3500/10461] 01941_59aff0ef_p28: cached
[3525/10461] 01954_5a4e2564_p328: cached
[3550/10461] 01969_5b277dc6_p2: cached
[3575/10461] 01982_5bb5ec81_p9: cached
[3600/10461] 01996_5c7a92b6_p5: cached
[3625/10461] 02009_5d450787_p56: cached
[3650/10461] 02022_5de2666d_p17: cached
[3675/10461] 02016_5d8f6327_p13: cached
[3700/10461] 02049_5eda24e0_p2: cached
[3725/10461] 02062_5f792f5b_p2: cached
[3750/10461] 02076_60358443_p19: cached
[3775/10461] 02090_60c32f42_p41: cached
[3800/10461] 02102_617bb089_p19: cached
[3825/10461] 02096_613aca29_p768: cached
[3850/10461] 02129_62acd3cc_p84: cached
[3875/10461] 02144_6316445c_p5: cached
[3900/10461] 02160_63c9c17e_p2: cached
[3925/10461] 02159_63c71c82_p6: cached
[3950/10461] 02185_64fc6847_p46: cached
[3975/10461] 02198_65595872_p167: cached
[4000/10461] 02212_65e04ce3_p34: cached
[4025/10461] 02205_6592c749_p3: cached
[4050/10461] 02240_673a2e8c_p72: cached
[4075/10461] 02254_6802d4cb_p28: cached
[4100/10461] 02268_68a6e4a1_p3: cached
[4125/10461] 02282_697e4e53_p12: cached
[4150/10461] 02295_69f98507_p243: cached
[4175/10461] 02311_6ac3effc_p80: cached
[4200/10461] 02327_6b627dcd_p33: cached
[4225/10461] 02342_6c0ac5ba_p30: cached
[4250/10461] 02357_6cbb3b9a_p34: cached
[4275/10461] 02372_6d47d232_p7: cached
[4300/10461] 02386_6e33b144_p1: cached
[4325/10461] 02400_6eae5786_p3: cached
[4350/10461] 02414_6f20e7c7_p24: cached
[4375/10461] 02430_6fac8b2e_p1: cached
[4400/10461] 02444_70996203_p3: cached
[4425/10461] 02355_6c9aaaf4_p13: cached
[4450/10461] 02473_71b70cd1_p27: cached
[4475/10461] 02488_72653a18_p22: cached
[4500/10461] 02502_731a80e0_p11: cached
[4525/10461] 02515_736f7ab0_p3: cached
[4550/10461] 02527_73ca8991_p38: cached
[4575/10461] 02540_74694a6c_p9: cached
[4600/10461] 02373_6d5d021b_p5: cached
[4625/10461] 02569_75ac5070_p3: cached
[4650/10461] 02582_7638181e_p1: cached
[4675/10461] 02595_769d5089_p84: cached
[4700/10461] 02609_772c87c4_p48: cached
[4725/10461] 02624_77c9381e_p38: cached
[4750/10461] 02638_787750a7_p23: cached
[4775/10461] 02651_791ab137_p69: cached
[4800/10461] 02664_7a03d144_p29: cached
[4825/10461] 02677_7a7096a5_p72: cached
[4850/10461] 02690_7abebac3_p2: cached
[4875/10461] 02702_7b6dcf6e_p236: cached
[4900/10461] 02614_776634bb_p6: cached
[4925/10461] 02710_7be45100_p24: cached
[4950/10461] 02744_7d173f3b_p146: cached
[4975/10461] 02758_7d90a878_p1: cached
[5000/10461] 02770_7e18ac9b_p63: cached
[5025/10461] 02783_7e8350fc_p4: cached
[5050/10461] 02795_7f11f77d_p391: cached
[5075/10461] 02810_7f843247_p24: cached
[5100/10461] 02825_801c1478_p1: cached
[5125/10461] 02838_80a7dbe8_p15: cached
[5150/10461] 02852_812be52a_p4: cached
[5175/10461] 02864_81ddb03d_p5: cached
[5200/10461] 02878_82977cb9_p136: cached
[5225/10461] 02890_8305788e_p17: cached
[5250/10461] 02904_83ba1cfa_p4: cached
[5275/10461] 02916_847af352_p54: cached
[5300/10461] 02930_84eac609_p1: cached
[5325/10461] 02942_85b411a4_p58: cached
[5350/10461] 02955_862dde52_p16: cached
[5375/10461] 02968_868c98ca_p20: cached
[5400/10461] 02981_870d27a8_p12: cached
[5425/10461] 02993_87ad76de_p26: cached
[5450/10461] 03007_886485f8_p12: cached
[5475/10461] 02550_74e8ef34_p22: cached
[5500/10461] 02970_8694a310_p26: cached
[5525/10461] 03045_8a72eeee_p15: cached
[5550/10461] 03059_8b69d453_p5: cached
[5575/10461] 03073_8bfec8e4_p8: cached
[5600/10461] 03086_8c9739a4_p5: cached
[5625/10461] 03031_897e5f8f_p5: cached
[5650/10461] 03049_8a8a26e3_p1: cached
[5675/10461] 03131_8e88d963_p4: cached
[5700/10461] 03146_8f1e017d_p30: cached
[5725/10461] 03158_8fc8e18c_p94: cached
[5750/10461] 03172_9060ae53_p1: cached
[5775/10461] 03187_913a33d8_p23: cached
[5800/10461] 03200_91afb514_p3: cached
[5825/10461] 03214_92141567_p290: cached
[5850/10461] 03227_92e64a58_p7: cached
[5875/10461] 03240_93637f37_p2: cached
[5900/10461] 03253_93f72b2f_p21: cached
[5925/10461] 03265_947b3c73_p8: cached
[5950/10461] 03280_951f7093_p13: cached
[5975/10461] 03293_95cce3fe_p7: cached
[6000/10461] 02610_77367e1b_p218: cached
[6025/10461] 03321_96dd23c8_p11: cached
[6050/10461] 03333_9785bd18_p424: cached
[6075/10461] 03236_932a14a8_p26: cached
[6100/10461] 03359_9850d578_p3: cached
[6125/10461] 03372_98e5e1ca_p5: cached
[6150/10461] 03385_99a8efb5_p91: cached
[6175/10461] 03259_942530c3_p29: cached
[6200/10461] 03005_884a0391_p63: cached
[6225/10461] 03428_9b9e340c_p24: cached
[6250/10461] 03441_9c37f303_p253: cached
[6275/10461] 03431_9bcc5255_p27: cached
[6300/10461] 03467_9d41e3a4_p6: cached
[6325/10461] 03482_9dd57815_p1: cached
[6350/10461] 03496_9e78d276_p16: cached
[6375/10461] 03511_9efe3f42_p95: cached
[6400/10461] 03524_9f7126fb_p4: cached
[6425/10461] 03537_9fb9ca63_p5: cached
[6450/10461] 03550_a0714a24_p4: cached
[6475/10461] 03539_9fdb9458_p8: cached
[6500/10461] 03552_a08c6530_p30: cached
[6525/10461] 03587_a1e3fcba_p451: cached
[6550/10461] 03600_a2a8c06f_p3: cached
[6575/10461] 03614_a34d03cd_p51: cached
[6600/10461] 03626_a3f46041_p87: cached
[6625/10461] 03639_a43c7884_p9: cached
[6650/10461] 03585_a1d151ca_p40: cached
[6675/10461] 03668_a5ad8af7_p24: cached
[6700/10461] 03683_a6340100_p103: cached
[6725/10461] 03695_a6a4e676_p15: cached
[6750/10461] 03710_a7766cea_p11: cached
[6775/10461] 03702_a6e6d7e6_p11: cached
[6800/10461] 03736_a8815baa_p37: cached
[6825/10461] 03752_a8f6810f_p6: cached
[6850/10461] 03765_a984c9ab_p33: cached
[6875/10461] 03779_aa0e4b7e_p2: cached
[6900/10461] 03793_aac73b24_p100: cached
[6925/10461] 03807_abb59a47_p483: cached
[6950/10461] 03820_ac128dda_p23: cached
[6975/10461] 03729_a843c6f1_p1: cached
[7000/10461] 03848_ad89efa9_p15: cached
[7025/10461] 03862_ae11564e_p6: cached
[7050/10461] 03875_ae9559d5_p3: cached
[7075/10461] 03684_a637ce0e_p1: cached
[7100/10461] 03902_afabc40f_p5: cached
[7125/10461] 03917_b05cd1cd_p160: cached
[7150/10461] 03929_b137e03c_p329: cached
[7175/10461] 03945_b1f36691_p8: cached
[7200/10461] 03960_b2f50deb_p3: cached
[7225/10461] 03973_b392dafa_p5: cached
[7250/10461] 03986_b42bfe51_p1: cached
[7275/10461] 03998_b4a8014f_p9: cached
[7300/10461] 04012_b559f57e_p7: cached
[7325/10461] 04026_b5cc5b46_p10: cached
[7350/10461] 04041_b6439887_p14: cached
[7375/10461] 04025_b5c7eab2_p32: cached
[7400/10461] 04073_b7c051c1_p14: cached
[7425/10461] 03968_b36dfcbe_p8: cached
[7450/10461] 04101_b967c5ec_p11: cached
[7475/10461] 04114_ba034e25_p7: cached
[7500/10461] 04127_ba9c1c25_p33: cached
[7525/10461] 04139_bb0400af_p26: cached
[7550/10461] 04152_bb9884e8_p8: cached
[7575/10461] 04166_bc4568e9_p5: cached
[7600/10461] 04180_bd4e701f_p13: cached
[7625/10461] 04192_bdac9c93_p33: cached
[7650/10461] 04206_be0d28bf_p6: cached
[7675/10461] 04220_bef34afd_p2: cached
[7700/10461] 04232_bfc174bf_p41: cached
[7725/10461] 04245_c036f0a7_p133: cached
[7750/10461] 04258_c0aa339d_p52: cached
[7775/10461] 04273_c1531a04_p3: cached
[7800/10461] 04287_c1fd5ae4_p22: cached
[7825/10461] 04300_c26cafc4_p5: cached
[7850/10461] 04313_c30d28e9_p11: cached
[7875/10461] 04326_c3bb3a60_p73: cached
[7900/10461] 04339_c448adc2_p20: cached
[7925/10461] 04353_c496cc68_p2: cached
[7950/10461] 04251_c069cc0a_p12: cached
[7975/10461] 04382_c68b44a8_p42: cached
[8000/10461] 04395_c72ba797_p13: cached
[8025/10461] 04150_bb8886de_p3: cached
[8050/10461] 04421_c7e6a1c9_p4: cached
[8075/10461] 04436_c88ec2de_p15: cached
[8100/10461] 04451_c916c153_p58: cached
[8125/10461] 04464_c9900de9_p5: cached
[8150/10461] 04479_ca5043fd_p7: cached
[8175/10461] 04492_ca9f5ded_p1: cached
[8200/10461] 04505_cb0f866f_p18: cached
[8225/10461] 04518_cbca7655_p594: cached
[8250/10461] 04531_cc9f28ba_p537: cached
[8275/10461] 04547_cd117e94_p171: cached
[8300/10461] 04562_cd95d007_p189: cached
[8325/10461] 04574_ce48d3d7_p82: cached
[8350/10461] 04587_ceaa6989_p237: cached
[8375/10461] 04601_cf1c5bfd_p216: cached
[8400/10461] 04615_cf9eaace_p8: cached
[8425/10461] 04629_d058b80a_p68: cached
[8450/10461] 04641_d0e239b7_p21: cached
[8475/10461] 04401_c755e139_p24: cached
[8500/10461] 04547_cd117e94_p19: cached
[8525/10461] 04652_d146c083_p4: cached
[8550/10461] 04697_d3483280_p31: cached
[8575/10461] 04647_d115b5cd_p258: cached
[8600/10461] 04723_d48a8fd2_p12: cached
[8625/10461] 04737_d53304cc_p1: cached
[8650/10461] 04750_d5dddc9a_p3: cached
[8675/10461] 04766_d6a6eceb_p20: cached
[8700/10461] 04779_d76710fd_p9: cached
[8725/10461] 04761_d636577c_p28: cached
[8750/10461] 04807_d89a4bef_p659: cached
[8775/10461] 04820_d925f472_p3: cached
[8800/10461] 04834_d985cf40_p13: cached
[8825/10461] 04813_d8e886ac_p11: cached
[8850/10461] 04860_da811c56_p16: cached
[8875/10461] 04874_db05f50d_p13: cached
[8900/10461] 04889_db831caa_p1: cached
[8925/10461] 04901_dc23f4ea_p4: cached
[8950/10461] 04914_dd1f40da_p7: cached
[8975/10461] 04928_dd8b37bf_p10: cached
[9000/10461] 04942_de3b37a3_p12: cached
[9025/10461] 04955_def1c64d_p74: cached
[9050/10461] 04868_dad39663_p6: cached
[9075/10461] 04812_d8e1ec16_p4: cached
[9100/10461] 04996_e15d3ea2_p4: cached
[9125/10461] 04989_e0e756c4_p162: cached
[9150/10461] 05022_e27116e3_p16: cached
[9175/10461] 04949_de9a3952_p473: cached
[9200/10461] 05047_e3bc31ec_p2: cached
[9225/10461] 05060_e4404be7_p134: cached
[9250/10461] 05074_e5060155_p7: cached
[9275/10461] 05087_e59d6c9e_p26: cached
[9300/10461] 04981_e04a73e0_p8: cached
[9325/10461] 05114_e6bf1790_p15: cached
[9350/10461] 05027_e2a3539f_p55: cached
[9375/10461] 05140_e7f78527_p6: cached
[9400/10461] 05154_e86480e3_p23: cached
[9425/10461] 05134_e7c8a646_p129: cached
[9450/10461] 05184_e9bc44ed_p24: cached
[9475/10461] 05197_ea9ed7ea_p15: cached
[9500/10461] 05210_eafbae7c_p20: cached
[9525/10461] 05222_ebe08e05_p87: cached
[9550/10461] 05236_ecbeb73e_p30: cached
[9575/10461] 05249_ed36a910_p148: cached
[9600/10461] 05267_edee40a0_p18: cached
[9625/10461] 05279_ee635917_p78: cached
[9650/10461] 05292_eefb520c_p11: cached
[9675/10461] 05306_ef58e77e_p13: cached
[9700/10461] 05247_ed2d0485_p154: cached
[9725/10461] 05333_f0a4d732_p1: cached
[9750/10461] 05346_f1028033_p76: cached
[9775/10461] 05289_eee96e26_p14: cached
[9800/10461] 05372_f2237808_p50: cached
[9825/10461] 05386_f2bab03d_p2: cached
[9850/10461] 05328_f06c085a_p7: cached
[9875/10461] 05414_f436bb7e_p1: cached
[9900/10461] 05429_f4d66692_p57: cached
[9925/10461] 05444_f58712a2_p4: cached
[9950/10461] 05458_f60ceea1_p4: cached
[9975/10461] 05471_f65d1e25_p17: cached
[10000/10461] 05486_f73a5cf3_p11: cached
[10025/10461] 05499_f7aa48ec_p47: cached
[10050/10461] 05513_f83b7517_p6: cached
[10075/10461] 05526_f8b9feb7_p43: cached
[10100/10461] 05292_eefb520c_p79: cached
[10125/10461] 05553_fa29c3f3_p458: cached
[10150/10461] 05566_fa943446_p5: cached
[10175/10461] 05580_fb37b4a9_p3: cached
[10200/10461] 05592_fba1cf05_p15: cached
[10225/10461] 05569_fab7134d_p20: cached
[10250/10461] 05620_fcda5aec_p4: cached
[10275/10461] 05633_fd773c0e_p1: cached
[10300/10461] 05648_fe09462b_p7: cached
[10325/10461] 05662_fe9303fe_p21: cached
[10350/10461] 05676_ff3bc6aa_p11: cached
[10375/10461] 05547_f9bb7a5b_p12: cached
[10400/10461] 05560_fa643c7b_p82: cached
[10425/10461] 05683_ff7451fd_p10: cached
[10450/10461] 05409_f41b4f72_p198: cached
[10461/10461] 01204_35dd3f88_p205: status FAILED after 31s
parsed 10460/10461; 1 errors this run
=== parse sota-v1-sample pass 5 17:00 have 10460/10461
[25/10461] 00120_057d453d_p5: cached
[50/10461] 01158_33d21c32_p149: cached
[75/10461] 00320_0f74b1d8_p3: cached
[100/10461] 01092_30c32871_p15: cached
[125/10461] 01085_30b0ff4c_p203: cached
[150/10461] 00316_0f381586_p6: cached
[175/10461] 01150_3388e66e_p1: cached
[200/10461] 00104_04a47555_p66: cached
[225/10461] 01483_4337c063_p193: cached
[250/10461] 00862_27b315aa_p84: cached
[275/10461] 01074_301dd193_p3: cached
[300/10461] 00857_278073bf_p16: cached
[325/10461] 00977_2c3b1a11_p138: cached
[350/10461] 00408_13586efb_p16: cached
[375/10461] 01020_2e19ecc7_p28: cached
[400/10461] 01209_3649ee94_p62: cached
[425/10461] 01426_40cdc8dc_p2: cached
[450/10461] 01236_37795a11_p6: cached
[475/10461] 00400_12cfb2a8_p110: cached
[500/10461] 01014_2dc6a321_p9: cached
[525/10461] 01420_409786be_p699: cached
[550/10461] 00965_2bf3da38_p1: cached
[575/10461] 00463_1567b650_p16: cached
[600/10461] 01184_34fa6547_p97: cached
[625/10461] 01307_3aa1beb5_p7: cached
[650/10461] 00955_2b96a4dc_p1: cached
[675/10461] 01180_34ae2bee_p5: cached
[700/10461] 01303_3a801ab5_p4: cached
[725/10461] 00856_277570af_p4: cached
[750/10461] 00720_21a2bf56_p31: cached
[775/10461] 00200_0971ac7d_p19: cached
[800/10461] 00718_218dbf19_p225: cached
[825/10461] 00509_17578dfd_p1: cached
[850/10461] 00194_0906dca1_p2: cached
[875/10461] 00299_0e9f6cd0_p18: cached
[900/10461] 01134_32bb9533_p14: cached
[925/10461] 00845_270edf80_p3: cached
[950/10461] 00605_1b949d67_p3: cached
[975/10461] 00013_0096ace0_p56: cached
[1000/10461] 01129_326ae056_p18: cached
[1025/10461] 00840_26bb22c5_p4: cached
[1050/10461] 00712_212d884e_p32: cached
[1075/10461] 01521_44e26785_p7: cached
[1100/10461] 01520_44d798a6_p301: cached
[1125/10461] 01072_30159be0_p91: cached
[1150/10461] 00454_14e7f455_p3: cached
[1175/10461] 00948_2b375c77_p346: cached
[1200/10461] 00450_14c493e4_p20: cached
[1225/10461] 01362_3dd0c2e3_p6: cached
[1250/10461] 00446_1499ddf4_p45: cached
[1275/10461] 00941_2aec06b0_p22: cached
[1300/10461] 01060_2faf5e95_p1: cached
[1325/10461] 01353_3d6161fa_p70: cached
[1350/10461] 00645_1d6496b0_p87: cached
[1375/10461] 00643_1d3bb4b0_p2: cached
[1400/10461] 00745_22945fd4_p1: cached
[1425/10461] 01003_2d5db6df_p15: cached
[1450/10461] 01000_2d46fa00_p555: cached
[1475/10461] 01298_3a52306b_p33: cached
[1500/10461] 00892_28c5a745_p14: cached
[1525/10461] 00236_0b5ff596_p17: cached
[1550/10461] 01170_342c301c_p276: cached
[1575/10461] 00040_0216006b_p362: cached
[1600/10461] 01462_4274ce44_p6: cached
[1625/10461] 00231_0b240a1e_p8: cached
[1650/10461] 00039_0206b49d_p3: cached
[1675/10461] 01281_3968513b_p4: cached
[1700/10461] 01201_35c02d4d_p27: cached
[1725/10461] 00812_254282d7_p73: cached
[1750/10461] 01408_3fe1ba59_p189: cached
[1775/10461] 00810_2535670a_p2: cached
[1800/10461] 00808_252601e3_p3: cached
[1825/10461] 01339_3c75cda0_p5: cached
[1850/10461] 00589_1ae3a09c_p45: cached
[1875/10461] 01342_3c9bbf77_p3: cached
[1900/10461] 00086_04186e95_p20: cached
[1925/10461] 00800_24fcaea6_p92: cached
[1950/10461] 00375_12096c90_p2: cached
[1975/10461] 00797_24ed5611_p1: cached
[2000/10461] 00692_1fb64602_p2: cached
[2025/10461] 00273_0d283507_p38: cached
[2050/10461] 01400_3f772409_p21: cached
[2075/10461] 00151_06aa2ce4_p7: cached
[2100/10461] 00075_03aba464_p263: cached
[2125/10461] 01519_44bf9432_p21: cached
[2150/10461] 01518_44bb9bf0_p195: cached
[2175/10461] 00632_1cdb9263_p10: cached
[2200/10461] 00830_267cf232_p1: cached
[2225/10461] 00528_182c25d9_p3: cached
[2250/10461] 01383_3eac6e2c_p15: cached
[2275/10461] 01511_44697c7b_p3: cached
[2300/10461] 00623_1c70c005_p3: cached
[2325/10461] 00819_25be064a_p25: cached
[2350/10461] 01375_3e305e59_p2: cached
[2375/10461] 01505_44470ac0_p199: cached
[2400/10461] 00517_17a43a95_p2: cached
[2425/10461] 00516_17a37c68_p4: cached
[2450/10461] 00573_1a53dab2_p229: cached
[2475/10461] 00222_0acb8c07_p357: cached
[2500/10461] 00838_26b41898_p11: cached
[2525/10461] 00491_16dfd432_p155: cached
[2550/10461] 01272_39149470_p49: cached
[2575/10461] 00425_13d4bd3a_p49: cached
[2600/10461] 01269_3902bcc1_p340: cached
[2625/10461] 01268_3901dcc5_p59: cached
[2650/10461] 00355_115532a7_p6: cached
[2675/10461] 00254_0c6f4648_p27: cached
[2700/10461] 01439_415ca3bf_p24: cached
[2725/10461] 00772_23de7a83_p15: cached
[2750/10461] 00414_137e1939_p8: cached
[2775/10461] 00667_1e2bfb33_p1: cached
[2800/10461] 00412_136d72e9_p18: cached
[2825/10461] 01548_46331ae0_p7: cached
[2850/10461] 01579_47da6222_p1: cached
[2875/10461] 01592_48986e97_p12: cached
[2900/10461] 01605_4935219a_p31: cached
[2925/10461] 01619_49e2e222_p14: cached
[2950/10461] 01634_4ab0e21b_p8: cached
[2975/10461] 01647_4b942404_p17: cached
[3000/10461] 01622_4a121c74_p48: cached
[3025/10461] 01676_4d1a7b15_p10: cached
[3050/10461] 01693_4da54ac3_p31: cached
[3075/10461] 01705_4e46e571_p27: cached
[3100/10461] 01695_4dc08873_p9: cached
[3125/10461] 01732_4f74b97e_p1: cached
[3150/10461] 01721_4f13da3d_p6: cached
[3175/10461] 01746_5051d6fd_p3: cached
[3200/10461] 01776_52220451_p13: cached
[3225/10461] 01789_52b7dd8f_p249: cached
[3250/10461] 01734_4fb50f50_p19: cached
[3275/10461] 01804_5367441e_p726: cached
[3300/10461] 01819_53c4f044_p22: cached
[3325/10461] 01846_5574c649_p12: cached
[3350/10461] 01858_561d51a0_p5: cached
[3375/10461] 01844_55311a34_p34: cached
[3400/10461] 01885_57a80937_p12: cached
[3425/10461] 01898_582ce317_p2: cached
[3450/10461] 01910_58ae40e6_p20: cached
[3475/10461] 01925_591caa16_p4: cached
[3500/10461] 01938_599dc5d0_p4: cached
[3525/10461] 01951_5a193f33_p2: cached
[3550/10461] 01967_5b22fea9_p3: cached
[3575/10461] 01906_588afc80_p3: cached
[3600/10461] 01993_5c427f93_p257: cached
[3625/10461] 02006_5d22d352_p15: cached
[3650/10461] 02018_5da8b7ab_p379: cached
[3675/10461] 01912_58b6236c_p16: cached
[3700/10461] 02045_5e91ded0_p21: cached
[3725/10461] 02028_5df894ee_p22: cached
[3750/10461] 02071_60065bd6_p10: cached
[3775/10461] 02087_60953cf4_p15: cached
[3800/10461] 02099_6162061e_p79: cached
[3825/10461] 02112_61c96bd1_p11: cached
[3850/10461] 02126_627eb52f_p86: cached
[3875/10461] 02140_630664ec_p19: cached
[3900/10461] 02155_6383b98b_p2: cached
[3925/10461] 02169_643a486c_p29: cached
[3950/10461] 02181_64c39851_p9: cached
[3975/10461] 02195_6542e807_p4: cached
[4000/10461] 02209_65a0826d_p20: cached
[4025/10461] 02223_6667e91e_p162: cached
[4050/10461] 02238_670d4d38_p6: cached
[4075/10461] 02252_67fd52a4_p8: cached
[4100/10461] 02265_687e4003_p2: cached
[4125/10461] 02279_6944930c_p375: cached
[4150/10461] 02293_69ee045b_p9: cached
[4175/10461] 02307_6a92a011_p9: cached
[4200/10461] 02325_6b50abb0_p10: cached
[4225/10461] 02340_6bf90fba_p3: cached
[4250/10461] 02091_60c36958_p1: cached
[4275/10461] 02369_6d302adf_p11: cached
[4300/10461] 02383_6e14472b_p26: cached
[4325/10461] 02398_6e90c2f0_p9: cached
[4350/10461] 02411_6ef65971_p417: cached
[4375/10461] 02427_6f9f4830_p122: cached
[4400/10461] 02441_707871a4_p95: cached
[4425/10461] 02457_7120933b_p5: cached
[4450/10461] 02373_6d5d021b_p5: cached
[4475/10461] 02387_6e460bf7_p34: cached
[4500/10461] 02462_7164a478_p2: cached
[4525/10461] 02513_736a245f_p70: cached
[4550/10461] 02390_6e5241fc_p33: cached
[4575/10461] 02538_744f4a32_p2: cached
[4600/10461] 02498_72e1453d_p41: cached
[4625/10461] 02568_75a7aa7e_p202: cached
[4650/10461] 02580_76301073_p83: cached
[4675/10461] 02593_76928d8b_p63: cached
[4700/10461] 02608_77258cf0_p25: cached
[4725/10461] 02561_757f53d3_p11: cached
[4750/10461] 02637_78600e44_p3: cached
[4775/10461] 02649_7905d8da_p33: cached
[4800/10461] 02663_7a01c14c_p1: cached
[4825/10461] 02676_7a6f308a_p6: cached
[4850/10461] 02688_7ab54f13_p17: cached
[4875/10461] 02701_7b690179_p6: cached
[4900/10461] 02715_7bfd5a79_p4: cached
[4925/10461] 02728_7c876dec_p17: cached
[4950/10461] 02742_7d114f00_p12: cached
[4975/10461] 02756_7d8cda2d_p12: cached
[5000/10461] 02769_7e16162a_p20: cached
[5025/10461] 02781_7e75a5ff_p10: cached
[5050/10461] 02734_7cbcb7de_p365: cached
[5075/10461] 02809_7f80382a_p16: cached
[5100/10461] 02824_801813f2_p33: cached
[5125/10461] 02838_80a7dbe8_p10: cached
[5150/10461] 02851_8115d44a_p65: cached
[5175/10461] 02864_81ddb03d_p1: cached
[5200/10461] 02877_82940b92_p19: cached
[5225/10461] 02890_8305788e_p12: cached
[5250/10461] 02903_83b7f090_p15: cached
[5275/10461] 02916_847af352_p46: cached
[5300/10461] 02865_81f4c516_p2: cached
[5325/10461] 02942_85b411a4_p38: cached
[5350/10461] 02954_861f03c0_p29: cached
[5375/10461] 02968_868c98ca_p20: cached
[5400/10461] 02981_870d27a8_p12: cached
[5425/10461] 02994_87b4a84f_p5: cached
[5450/10461] 02965_86601e7a_p1: cached
[5475/10461] 03020_88dbb1f3_p20: cached
[5500/10461] 03033_898d4e12_p4: cached
[5525/10461] 03045_8a72eeee_p42: cached
[5550/10461] 03060_8b6a340d_p61: cached
[5575/10461] 03073_8bfec8e4_p17: cached
[5600/10461] 03087_8c9a88d8_p5: cached
[5625/10461] 03100_8d45a6dc_p11: cached
[5650/10461] 03117_8db8959d_p43: cached
[5675/10461] 03132_8e9789b2_p122: cached
[5700/10461] 03146_8f1e017d_p36: cached
[5725/10461] 03159_8fcd4f44_p8: cached
[5750/10461] 03172_9060ae53_p3: cached
[5775/10461] 03042_8a3364ae_p1: cached
[5800/10461] 03200_91afb514_p3: cached
[5825/10461] 02768_7e114ace_p185: cached
[5850/10461] 03203_91d261d1_p4: cached
[5875/10461] 03239_935f0828_p45: cached
[5900/10461] 03252_93f2c5d2_p472: cached
[5925/10461] 03265_947b3c73_p6: cached
[5950/10461] 03278_9506c33e_p2: cached
[5975/10461] 03293_95cce3fe_p3: cached
[6000/10461] 03306_963bbc3b_p23: cached
[6025/10461] 03320_96aca06c_p42: cached
[6050/10461] 03333_9785bd18_p22: cached
[6075/10461] 03346_97f148dd_p88: cached
[6100/10461] 03359_9850d578_p1: cached
[6125/10461] 03258_9414283a_p2: cached
[6150/10461] 03384_9988de5d_p2: cached
[6175/10461] 03400_9a4376a2_p300: cached
[6200/10461] 03413_9af8278d_p516: cached
[6225/10461] 03428_9b9e340c_p4: cached
[6250/10461] 03165_90135cc5_p2: cached
[6275/10461] 03454_9ccf7223_p196: cached
[6300/10461] 03467_9d41e3a4_p3: cached
[6325/10461] 03481_9dcacc79_p300: cached
[6350/10461] 03494_9e6eb043_p347: cached
[6375/10461] 03510_9ef1e5f2_p12: cached
[6400/10461] 03524_9f7126fb_p3: cached
[6425/10461] 03281_952faf1d_p27: cached
[6450/10461] 03479_9dbf85df_p5: cached
[6475/10461] 03562_a0ce9a52_p20: cached
[6500/10461] 03575_a1627577_p34: cached
[6525/10461] 03587_a1e3fcba_p451: cached
[6550/10461] 03600_a2a8c06f_p3: cached
[6575/10461] 03614_a34d03cd_p51: cached
[6600/10461] 03626_a3f46041_p87: cached
[6625/10461] 03639_a43c7884_p14: cached
[6650/10461] 03656_a4e8d69b_p20: cached
[6675/10461] 03669_a5b02dc4_p8: cached
[6700/10461] 03683_a6340100_p242: cached
[6725/10461] 03671_a5ba16de_p2: cached
[6750/10461] 03711_a788c56d_p11: cached
[6775/10461] 03725_a8301fdb_p1: cached
[6800/10461] 03737_a89e1870_p391: cached
[6825/10461] 03752_a8f6810f_p41: cached
[6850/10461] 03767_a992b9c6_p4: cached
[6875/10461] 03445_9c6aecf8_p7: cached
[6900/10461] 03768_a99f6b47_p6: cached
[6925/10461] 03730_a851c05c_p2: cached
[6950/10461] 03646_a48bee1e_p145: cached
[6975/10461] 03834_acbf1607_p12: cached
[7000/10461] 03850_ad9d515d_p5: cached
[7025/10461] 03862_ae11564e_p11: cached
[7050/10461] 03876_aea21ba3_p2: cached
[7075/10461] 03451_9cb7f320_p2: cached
[7100/10461] 03902_afabc40f_p5: cached
[7125/10461] 03916_b04d3ff4_p47: cached
[7150/10461] 03929_b137e03c_p329: cached
[7175/10461] 03945_b1f36691_p8: cached
[7200/10461] 03959_b2c60560_p17: cached
[7225/10461] 03973_b392dafa_p3: cached
[7250/10461] 03697_a6cb2a91_p470: cached
[7275/10461] 03916_b04d3ff4_p46: cached
[7300/10461] 03901_afa547c3_p2: cached
[7325/10461] 04025_b5c7eab2_p32: cached
[7350/10461] 04040_b6428b83_p16: cached
[7375/10461] 04054_b6b6d7fd_p19: cached
[7400/10461] 04072_b7bf513b_p9: cached
[7425/10461] 04087_b851d0bf_p14: cached
[7450/10461] 04100_b9323ba3_p3: cached
[7475/10461] 04113_b9fd711c_p2: cached
[7500/10461] 03850_ad9d515d_p25: cached
[7525/10461] 04138_baf4123c_p7: cached
[7550/10461] 04151_bb97db84_p1: cached
[7575/10461] 04165_bc3b8923_p5: cached
[7600/10461] 04179_bd2aee37_p7: cached
[7625/10461] 03999_b4ba375e_p1: cached
[7650/10461] 04205_be045f04_p12: cached
[7675/10461] 04218_bee1839c_p17: cached
[7700/10461] 04231_bfbb750d_p16: cached
[7725/10461] 04244_c0368e44_p17: cached
[7750/10461] 04257_c09d5c12_p36: cached
[7775/10461] 04163_bc0598ba_p4: cached
[7800/10461] 04286_c1edc634_p30: cached
[7825/10461] 04299_c26c28cc_p130: cached
[7850/10461] 04312_c30b9d43_p124: cached
[7875/10461] 04325_c3ad8e64_p9: cached
[7900/10461] 04337_c439716d_p53: cached
[7925/10461] 04082_b835c94c_p8: cached
[7950/10461] 04366_c574ad21_p16: cached
[7975/10461] 04380_c66719aa_p19: cached
[8000/10461] 04393_c711be2e_p20: cached
[8025/10461] 04406_c780fa48_p13: cached
[8050/10461] 04419_c7e16492_p7: cached
[8075/10461] 04406_c780fa48_p4: cached
[8100/10461] 04448_c9117a46_p8: cached
[8125/10461] 04432_c872463a_p18: cached
[8150/10461] 04475_ca143a90_p31: cached
[8175/10461] 04489_ca8f68e2_p2: cached
[8200/10461] 04502_caf340d2_p22: cached
[8225/10461] 04431_c86af38d_p1: cached
[8250/10461] 04529_cc87b8b9_p100: cached
[8275/10461] 04487_ca851f20_p38: cached
[8300/10461] 04558_cd7cfdad_p1: cached
[8325/10461] 04513_cb6789c3_p209: cached
[8350/10461] 04585_ce857415_p95: cached
[8375/10461] 04599_cf0865f8_p153: cached
[8400/10461] 04612_cf8cc218_p14: cached
[8425/10461] 04627_d04639f2_p136: cached
[8450/10461] 04640_d0cf6317_p36: cached
[8475/10461] 04480_ca507714_p14: cached
[8500/10461] 04668_d24eb435_p1: cached
[8525/10461] 04680_d28acc9e_p17: cached
[8550/10461] 04489_ca8f68e2_p12: cached
[8575/10461] 04528_cc866786_p1: cached
[8600/10461] 04631_d07727bd_p19: cached
[8625/10461] 04735_d5067dd8_p211: cached
[8650/10461] 04720_d450117f_p27: cached
[8675/10461] 04763_d67903e8_p48: cached
[8700/10461] 04776_d7259e45_p1: cached
[8725/10461] 04790_d83b974a_p24: cached
[8750/10461] 04742_d58d7746_p67: cached
[8775/10461] 04637_d08d3487_p46: cached
[8800/10461] 04830_d969d969_p50: cached
[8825/10461] 04844_d9db598d_p57: cached
[8850/10461] 04857_da6fe396_p543: cached
[8875/10461] 04871_daf340d2_p76: cached
[8900/10461] 04854_da57d418_p3: cached
[8925/10461] 04745_d5c8d533_p2: cached
[8950/10461] 04911_dce19856_p238: cached
[8975/10461] 04926_dd6c78db_p141: cached
[9000/10461] 04939_de1ea9b9_p118: cached
[9025/10461] 04798_d86ac36d_p334: cached
[9050/10461] 04966_df877a24_p2: cached
[9075/10461] 04978_e02f8f32_p41: cached
[9100/10461] 04992_e1347c09_p9: cached
[9125/10461] 05006_e1c68d1e_p37: cached
[9150/10461] 04926_dd6c78db_p404: cached
[9175/10461] 05032_e2beae5f_p2: cached
[9200/10461] 04982_e05793af_p20: cached
[9225/10461] 04722_d48676fd_p39: cached
[9250/10461] 04886_db612531_p41: cached
[9275/10461] 05084_e58c1e13_p1: cached
[9300/10461] 05097_e5fd13d1_p10: cached
[9325/10461] 05079_e55401dd_p21: cached
[9350/10461] 05125_e786292b_p4: cached
[9375/10461] 05014_e2178af7_p62: cached
[9400/10461] 04996_e15d3ea2_p9: cached
[9425/10461] 05070_e4b38411_p6: cached
[9450/10461] 05148_e83f2d89_p19: cached
[9475/10461] 05195_ea8eb214_p7: cached
[9500/10461] 05175_e986d212_p2: cached
[9525/10461] 05220_ebdc81b6_p140: cached
[9550/10461] 05202_eabdc695_p5: cached
[9575/10461] 05215_eb823c55_p159: cached
[9600/10461] 05228_ec2f4ba0_p3: cached
[9625/10461] 05278_ee5bc213_p6: cached
[9650/10461] 05291_eefa8239_p120: cached
[9675/10461] 05292_eefb520c_p11: cached
[9700/10461] 05319_f00c9397_p1: cached
[9725/10461] 05285_eec4ea8f_p7: cached
[9750/10461] 05345_f0fd4970_p27: cached
[9775/10461] 05357_f17e632f_p84: cached
[9800/10461] 05337_f0b7befc_p7: cached
[9825/10461] 05350_f119be37_p3: cached
[9850/10461] 05364_f1ca4fa3_p13: cached
[9875/10461] 05411_f42a5efb_p7: cached
[9900/10461] 05427_f4a54ac3_p9: cached
[9925/10461] 05443_f580e880_p51: cached
[9950/10461] 05456_f5f91fd4_p5: cached
[9975/10461] 05470_f65bff6d_p9: cached
[10000/10461] 05409_f41b4f72_p198: cached
[10025/10461] 05497_f79e538f_p13: cached
[10050/10461] 05367_f1cca88e_p693: cached
[10075/10461] 05268_edf04a90_p31: cached
[10100/10461] 05467_f64af7e5_p26: cached
[10125/10461] 05551_f9fa4643_p63: cached
[10150/10461] 05539_f952a4ba_p4: cached
[10175/10461] 05376_f244c1a3_p5: cached
[10200/10461] 05462_f62ae7c2_p2: cached
[10225/10461] 05603_fc2fea96_p16: cached
[10250/10461] 05616_fc9d9a04_p35: cached
[10275/10461] 05631_fd5f1bd5_p3: cached
[10300/10461] 05480_f6ce8c35_p17: cached
[10325/10461] 05587_fb6770fc_p16: cached
[10350/10461] 05637_fda1409c_p35: cached
[10375/10461] 05687_ff894370_p11: cached
[10400/10461] 05665_fec851b6_p1: cached
[10425/10461] 05678_ff43baca_p2: cached
[10450/10461] 05692_ff8ef75f_p17: cached
[10461/10461] 01204_35dd3f88_p205: status FAILED after 31s
parsed 10460/10461; 1 errors this run
=== post both 17:01
